brand,model,model_year,milage,fuel_type,engine,transmission,ext_col,int_col,accident,clean_title,price,car_age,premium_car,brand_count,is_luxury,price_category
Ford,Utility Police Interceptor Base,2013,"51,000 mi.",E85 Flex Fuel,300.0HP 3.7L V6 Cylinder Engine Flex Fuel Capability,6-Speed A/T,Black,Black,At least 1 accident or damage reported,Yes,10300,13,False,386,False,Budget
Hyundai,Palisade SEL,2021,"34,742 mi.",Gasoline,3.8L V6 24V GDI DOHC,8-Speed Automatic,Moonlight Cloud,Gray,At least 1 accident or damage reported,Yes,38005,5,True,72,False,Mid-Range
Lexus,RX 350 RX 350,2022,"22,372 mi.",Gasoline,3.5 Liter DOHC,Automatic,Blue,Black,None reported,Yes,54598,4,True,163,True,Premium
INFINITI,Q50 Hybrid Sport,2015,"88,900 mi.",Hybrid,354.0HP 3.5L V6 Cylinder Engine Gas/Electric Hybrid,7-Speed A/T,Black,Black,None reported,Yes,15500,11,False,59,False,Budget
Audi,Q3 45 S line Premium Plus,2021,"9,835 mi.",Gasoline,2.0L I4 16V GDI DOHC Turbo,8-Speed Automatic,Glacier White Metallic,Black,None reported,Yes,34999,5,True,200,True,Mid-Range
Acura,ILX 2.4L,2016,"136,397 mi.",Gasoline,2.4 Liter,F,Silver,Ebony.,None reported,Yes,14798,10,False,64,False,Budget
Audi,S3 2.0T Premium Plus,2017,"84,000 mi.",Gasoline,292.0HP 2.0L 4 Cylinder Engine Gasoline Fuel,6-Speed A/T,Blue,Black,None reported,Yes,31000,9,False,200,True,Mid-Range
BMW,740 iL,2001,"242,000 mi.",Gasoline,282.0HP 4.4L 8 Cylinder Engine Gasoline Fuel,A/T,Green,Green,None reported,Yes,7300,25,False,375,True,Budget
Lexus,RC 350 F Sport,2021,"23,436 mi.",Gasoline,311.0HP 3.5L V6 Cylinder Engine Gasoline Fuel,6-Speed A/T,Black,Black,None reported,Yes,41927,5,True,163,True,Mid-Range
Tesla,Model X Long Range Plus,2020,"34,000 mi.",Gasoline,534.0HP Electric Motor Electric Fuel System,A/T,Black,Black,None reported,Yes,69950,6,True,87,False,Premium
Land,Rover Range Rover Sport 3.0 Supercharged HST,2021,"27,608 mi.",Gasoline,V6,Automatic,Fuji White,Pimento / Ebony,None reported,Yes,73897,5,True,130,True,Premium
Aston,Martin DBS Superleggera,2019,"22,770 mi.",Gasoline,715.0HP 5.2L 12 Cylinder Engine Gasoline Fuel,8-Speed A/T,Silver,Black,None reported,Yes,184606,7,True,9,False,Premium
Toyota,Supra 3.0 Premium,2021,"12,500 mi.",Gasoline,382.0HP 3.0L Straight 6 Cylinder Engine Gasoline Fuel,A/T,Yellow,Black,None reported,Yes,53500,5,True,199,False,Premium
Lincoln,Aviator Reserve AWD,2022,"18,196 mi.",Gasoline,400.0HP 3.0L V6 Cylinder Engine Gasoline Fuel,Transmission w/Dual Shift Mode,Black,Brown,None reported,Yes,62000,4,True,52,False,Premium
Jaguar,F-TYPE,2020,"15,903 mi.",Gasoline,2.0 Liter Supercharged,Automatic,Silver,Black,None reported,Yes,47998,6,True,47,True,Premium
Land,Rover LR4 HSE,2013,"79,800 mi.",Gasoline,375.0HP 5.0L 8 Cylinder Engine Gasoline Fuel,A/T,White,Black,None reported,Yes,29990,13,False,130,True,Mid-Range
Mercedes-Benz,Metris Base,2021,"1,685 mi.",Gasoline,2.0L I4 16V GDI DOHC Turbo,9-Speed Automatic,Gray,White,None reported,Yes,250000,5,True,315,True,Premium
Dodge,Challenger SXT,2013,"61,074 mi.",Gasoline,305.0HP 3.6L V6 Cylinder Engine Gasoline Fuel,A/T,Black,Gray,None reported,Yes,16800,13,False,90,False,Budget
Nissan,350Z Enthusiast,2003,"74,000 mi.",Gasoline,287.0HP 3.5L V6 Cylinder Engine Gasoline Fuel,6-Speed M/T,Purple,–,None reported,Yes,11000,23,False,116,False,Budget
Jaguar,F-TYPE R,2018,"35,250 mi.",Gasoline,550.0HP 5.0L 8 Cylinder Engine Gasoline Fuel,8-Speed A/T,Green,Black,None reported,Yes,68750,8,True,47,True,Premium
Genesis,GV70 3.5T Sport,2023,"5,400 mi.",Gasoline,375.0HP 3.5L V6 Cylinder Engine Gasoline Fuel,8-Speed A/T,Green,Beige,None reported,Yes,60000,3,True,20,False,Premium
Chevrolet,S-10 LS,2000,"133,510 mi.",E85 Flex Fuel,120.0HP 2.2L 4 Cylinder Engine Flex Fuel Capability,A/T,Blue,Black,None reported,Yes,4500,26,False,292,False,Budget
BMW,440 Gran Coupe 440i xDrive,2020,"25,990 mi.",Gasoline,3.0 Liter Turbo,Automatic,White,Beige,None reported,Yes,38598,6,True,375,True,Mid-Range
Ford,F-150 XLT,2023,"2,823 mi.",Gasoline,3.5L V6 24V PDI DOHC Twin Turbo,Automatic,Iconic Silver Metallic,Black,None reported,Yes,58504,3,True,386,False,Premium
Chevrolet,Suburban RST,2021,"52,000 mi.",Gasoline,355.0HP 5.3L 8 Cylinder Engine Gasoline Fuel,10-Speed A/T,Blue,Black,None reported,Yes,61000,5,True,292,False,Premium
Hyundai,Elantra N Base,2022,"11,650 mi.",Gasoline,276.0HP 2.0L 4 Cylinder Engine Gasoline Fuel,Transmission w/Dual Shift Mode,Black,Black,None reported,Yes,32300,4,True,72,False,Mid-Range
Nissan,Sentra SR,2016,"96,541 mi.",Gasoline,1.8 Liter,Automatic,Blue,Black,None reported,Yes,13998,10,False,116,False,Budget
Mercedes-Benz,AMG CLA 45 Base 4MATIC,2021,"17,500 mi.",Gasoline,382.0HP 2.0L 4 Cylinder Engine Gasoline Fuel,A/T,Gray,Black,None reported,Yes,59995,5,True,315,True,Premium
BMW,650 Gran Coupe i xDrive,2015,"69,000 mi.",Gasoline,445.0HP 4.4L 8 Cylinder Engine Gasoline Fuel,8-Speed A/T,Gray,Black,None reported,Yes,25700,11,False,375,True,Mid-Range
Audi,Q5 2.0T Premium Plus,2017,"81,880 mi.",E85 Flex Fuel,2.0L I4 16V GDI DOHC Turbo Flexible Fuel,8-Speed Automatic,Mythos Black Metallic,Black,None reported,Yes,21375,9,False,200,True,Budget
Mercedes-Benz,AMG C 43 Base 4MATIC,2018,"28,800 mi.",Gasoline,362.0HP 3.0L V6 Cylinder Engine Gasoline Fuel,9-Speed A/T,Silver,Black,None reported,Yes,48000,8,True,315,True,Premium
Dodge,Ram 1500 Laramie Mega Cab,2006,"300,183 mi.",Gasoline,345.0HP 5.7L 8 Cylinder Engine Gasoline Fuel,A/T,Silver,Gray,At least 1 accident or damage reported,Yes,10900,20,False,90,False,Budget
BMW,i3 120Ah w/Range Extender,2020,"35,035 mi.",Hybrid,120 AH,Automatic,Black,Black,None reported,Yes,24998,6,False,375,True,Mid-Range
Kia,Sorento SX,2011,"171,000 mi.",Gasoline,276.0HP 3.5L V6 Cylinder Engine Gasoline Fuel,A/T,Black,Black,None reported,Yes,5999,15,False,76,False,Budget
Lexus,LX 570 Base,2016,"118,700 mi.",Gasoline,383.0HP 5.7L 8 Cylinder Engine Gasoline Fuel,8-Speed A/T,Black,Beige,None reported,Yes,46900,10,True,163,True,Premium
Jeep,New Compass Trailhawk,2017,"119,000 mi.",Gasoline,180.0HP 2.4L 4 Cylinder Engine Gasoline Fuel,A/T,Red,Black,None reported,Yes,15900,9,False,143,False,Budget
BMW,340 i,2018,"44,261 mi.",Gasoline,3.0 Liter Turbo,Automatic,Gray,Black,None reported,Yes,33598,8,True,375,True,Mid-Range
Audi,A4 2.0T Premium Plus quattro,2012,"125,575 mi.",Gasoline,211.0HP 2.0L 4 Cylinder Engine Gasoline Fuel,8-Speed A/T,Silver,Black,None reported,Yes,8999,14,False,200,True,Budget
Hyundai,Tucson SE,2007,"16,200 mi.",Gasoline,173.0HP 2.7L V6 Cylinder Engine Gasoline Fuel,A/T,Gold,Beige,None reported,Yes,8200,19,False,72,False,Budget
BMW,Z4 sDrive28i,2014,"70,000 mi.",Gasoline,240.0HP 2.0L 4 Cylinder Engine Gasoline Fuel,A/T,White,Beige,At least 1 accident or damage reported,Yes,20000,12,False,375,True,Budget
Bentley,Continental GTC Base,2011,"20,200 mi.",E85 Flex Fuel,552.0HP 6.0L 12 Cylinder Engine Flex Fuel Capability,6-Speed A/T,Black,Black,None reported,Yes,79950,15,True,33,False,Premium
Honda,Passport Elite,2023,"2,978 mi.",Gasoline,3.5 Liter SOHC,Automatic,Lunar Silver Metallic,Gray,None reported,Yes,45498,3,True,63,False,Premium
Dodge,Sprinter 2500,2007,"189,719 mi.",Diesel,3.0L V6 Cylinder Engine Diesel Fuel,5-Speed A/T,White,Gray,At least 1 accident or damage reported,Yes,14000,19,False,90,False,Budget
BMW,M850 i xDrive,2019,"9,949 mi.",Gasoline,4.4 Liter DOHC Twin Turbo,Automatic,Blue,Black,None reported,Yes,75798,7,True,375,True,Premium
Lucid,Air Grand Touring,2022,"3,552 mi.",Gasoline,536.0HP Electric Motor Electric Fuel System,1-Speed A/T,Red,Beige,None reported,Yes,119999,4,True,3,False,Premium
Audi,A7 Premium,2012,"54,000 mi.",Gasoline,310.0HP 3.0L V6 Cylinder Engine Gasoline Fuel,8-Speed A/T,Black,Brown,At least 1 accident or damage reported,Yes,36880,14,True,200,True,Mid-Range
Chevrolet,Silverado 1500 Custom Trail Boss,2021,"51,351 mi.",Gasoline,5.3L V8 16V GDI OHV,Automatic,Black,Jet Black,None reported,Yes,43147,5,True,292,False,Premium
MINI,Convertible John Cooper Works,2017,"24,280 mi.",Gasoline,228.0HP 2.0L 4 Cylinder Engine Gasoline Fuel,6-Speed A/T,Black,Black,At least 1 accident or damage reported,Yes,29000,9,False,33,False,Mid-Range
Toyota,Avalon Touring,2016,"89,148 mi.",Gasoline,268.0HP 3.5L V6 Cylinder Engine Gasoline Fuel,A/T,Black,Black,None reported,Yes,17500,10,False,199,False,Budget
Porsche,Cayenne Platinum Edition,2017,"73,043 mi.",Gasoline,300.0HP 3.6L V6 Cylinder Engine Gasoline Fuel,8-Speed A/T,White,Black,None reported,Yes,30990,9,False,201,True,Mid-Range
Mercedes-Benz,AMG C 63 S,2017,"60,000 mi.",Gasoline,503.0HP 4.0L 8 Cylinder Engine Gasoline Fuel,Transmission w/Dual Shift Mode,Gray,Black,At least 1 accident or damage reported,Yes,52500,9,True,315,True,Premium
Honda,CR-V EX-L,2016,"73,549 mi.",Gasoline,2.4L I4 16V GDI DOHC,Automatic CVT,Mountain Air Metallic,Black,At least 1 accident or damage reported,Yes,20848,10,False,63,False,Budget
Hummer,H2 Base,2005,"110,900 mi.",Gasoline,325.0HP 6.0L 8 Cylinder Engine Gasoline Fuel,A/T,Gray,Black,None reported,Yes,19500,21,False,16,False,Budget
Porsche,911 Carrera S,2013,"39,000 mi.",Gasoline,400.0HP 3.8L Flat 6 Cylinder Engine Gasoline Fuel,7-Speed A/T,Blue,Black,None reported,Yes,73000,13,True,201,True,Premium
Mercedes-Benz,CLA-Class CLA 250,2016,"120,000 mi.",Gasoline,208.0HP 2.0L 4 Cylinder Engine Gasoline Fuel,Transmission w/Dual Shift Mode,Black,Black,None reported,Yes,19800,10,False,315,True,Budget
Chrysler,300 Touring,2009,"134,602 mi.",Gasoline,250.0HP 3.5L V6 Cylinder Engine Gasoline Fuel,Transmission w/Dual Shift Mode,Blue,Black,None reported,Yes,7500,17,False,28,False,Budget
Nissan,Rogue SV,2023,"1,094 mi.",Gasoline,1.5L I3 12V GDI DOHC Turbo,Automatic CVT,Caspian Blue,Light Gray,None reported,Yes,30999,3,False,116,False,Mid-Range
Audi,A3 2.0T,2010,"83,500 mi.",Gasoline,200.0HP 2.0L 4 Cylinder Engine Gasoline Fuel,Transmission w/Dual Shift Mode,Silver,Black,None reported,Yes,6500,16,False,200,True,Budget
Ford,Mustang GT Premium,2014,"37,060 mi.",Gasoline,420.0HP 5.0L 8 Cylinder Engine Gasoline Fuel,6-Speed M/T,Black,Black,None reported,Yes,28500,12,False,386,False,Mid-Range
Acura,RL Technology,2010,"97,700 mi.",Gasoline,300.0HP 3.7L V6 Cylinder Engine Gasoline Fuel,Transmission w/Dual Shift Mode,Blue,Beige,None reported,Yes,10995,16,False,64,False,Budget
Volvo,XC90 Hybrid T8 R-Design,2018,"40,000 mi.",Plug-In Hybrid,400.0HP 2.0L 4 Cylinder Engine Plug-In Electric/Gas,Transmission w/Dual Shift Mode,Black,Black,None reported,Yes,42000,8,True,38,False,Mid-Range
Audi,R8 5.2 V10,2018,"8,940 mi.",Gasoline,5.2L V10 40V PDI DOHC,7-Speed Automatic with Auto-Shift,Tango Red Metallic,Black,None reported,Yes,144900,8,True,200,True,Premium
Mercedes-Benz,GLK-Class GLK 350,2014,"186,000 mi.",Gasoline,302.0HP 3.5L V6 Cylinder Engine Gasoline Fuel,A/T,Black,Beige,At least 1 accident or damage reported,Yes,10000,12,False,315,True,Budget
Toyota,C-HR LE,2021,"13,180 mi.",Gasoline,2.0 Liter,CVT-F,–,–,None reported,Yes,23998,5,False,199,False,Mid-Range
Lexus,IS 350 Base,2014,"104,000 mi.",Gasoline,306.0HP 3.5L V6 Cylinder Engine Gasoline Fuel,8-Speed A/T,Black,Black,None reported,Yes,21000,12,False,163,True,Budget
BMW,X4 M40i,2023,"8,500 mi.",Hybrid,382.0HP 3.0L Straight 6 Cylinder Engine Gasoline/Mild Electric Hybrid,Transmission w/Dual Shift Mode,Gray,Beige,None reported,Yes,67900,3,True,375,True,Premium
BMW,M4 CS,2019,"19,069 mi.",Gasoline,3.0 Liter DOHC Turbo,Automatic,Alpine White,Anthracite,None reported,Yes,69998,7,True,375,True,Premium
Cadillac,CT5 Premium Luxury,2023,"6,090 mi.",Gasoline,237.0HP 2.0L 4 Cylinder Engine Gasoline Fuel,A/T,White,Beige,None reported,Yes,46900,3,True,107,False,Premium
Lucid,Air Grand Touring,2022,"4,900 mi.",Gasoline,536.0HP Electric Motor Electric Fuel System,1-Speed A/T,Red,Black,None reported,Yes,99000,4,True,3,False,Premium
Audi,A5 2.0T Premium Plus,2019,"47,523 mi.",Gasoline,248.0HP 2.0L 4 Cylinder Engine Gasoline Fuel,Transmission w/Dual Shift Mode,Black,Black,None reported,Yes,31000,7,False,200,True,Mid-Range
Chrysler,300C SRT8,2006,"43,000 mi.",Gasoline,425.0HP 6.1L 8 Cylinder Engine Gasoline Fuel,5-Speed A/T,Silver,Black,At least 1 accident or damage reported,Yes,19995,20,False,28,False,Budget
Bentley,Continental GT W12,2017,"14,684 mi.",Gasoline,582.0HP 6.0L 12 Cylinder Engine Gasoline Fuel,8-Speed A/T,White,White,None reported,Yes,130000,9,True,33,False,Premium
BMW,M4 Base,2019,"57,800 mi.",Gasoline,425.0HP 3.0L Straight 6 Cylinder Engine Gasoline Fuel,Transmission w/Dual Shift Mode,Black,Red,None reported,Yes,55999,7,True,375,True,Premium
Toyota,GR Corolla Circuit Edition,2023,952 mi.,Gasoline,300.0HP 1.6L 3 Cylinder Engine Gasoline Fuel,6-Speed M/T,Silver,Gray,None reported,Yes,49950,3,True,199,False,Premium
Audi,RS 5 2.9T,2019,"21,240 mi.",Gasoline,444.0HP 2.9L V6 Cylinder Engine Gasoline Fuel,8-Speed A/T,Black,Black,At least 1 accident or damage reported,Yes,59950,7,True,200,True,Premium
Porsche,Cayenne Base,2019,"59,338 mi.",Gasoline,335.0HP 3.0L V6 Cylinder Engine Gasoline Fuel,Transmission w/Dual Shift Mode,Black,Black,None reported,Yes,42499,7,True,201,True,Mid-Range
Lamborghini,Huracan Tecnica Coupe,2023,255 mi.,Gasoline,"5.2L V-10 gasoline direct injection, DOHC, variable valve contro",Automatic,BLU ELEOS,Nero Ade,None reported,Yes,359991,3,True,26,False,Premium
Maserati,Quattroporte S,2019,"23,230 mi.",Gasoline,424.0HP 3.0L V6 Cylinder Engine Gasoline Fuel,8-Speed A/T,Black,Black,None reported,Yes,44999,7,True,34,False,Premium
Jaguar,XF 35t R-Sport,2017,"48,000 mi.",Gasoline,340.0HP 3.0L V6 Cylinder Engine Gasoline Fuel,A/T,Red,Black,At least 1 accident or damage reported,Yes,30000,9,False,47,True,Mid-Range
Lexus,ES 330 Base,2005,"41,059 mi.",Gasoline,225.0HP 3.3L V6 Cylinder Engine Gasoline Fuel,5-Speed A/T,White,Beige,None reported,Yes,11100,21,False,163,True,Budget
Land,Rover Discovery Sport SE R-Dynamic,2020,"21,240 mi.",Gasoline,2.0 Liter,Automatic,White,Black,None reported,Yes,37998,6,True,130,True,Mid-Range
Porsche,Cayman GTS,2015,"11,500 mi.",Gasoline,340.0HP 3.4L Flat 6 Cylinder Engine Gasoline Fuel,7-Speed A/T,Silver,–,None reported,Yes,72000,11,True,201,True,Premium
Genesis,G90 3.3T Premium,2021,"9,950 mi.",Gasoline,365.0HP 3.3L V6 Cylinder Engine Gasoline Fuel,8-Speed A/T,Silver,Blue,None reported,Yes,53950,5,True,20,False,Premium
Volkswagen,Golf R 20th Anniversary Edition,2023,633 mi.,Gasoline,315.0HP 2.0L 4 Cylinder Engine Gasoline Fuel,6-Speed M/T,White,Black,None reported,Yes,47999,3,True,59,False,Premium
Hyundai,Sonata Hybrid Limited,2015,"66,000 mi.",Hybrid,199.0HP 2.4L 4 Cylinder Engine Gas/Electric Hybrid,A/T,White,Gray,At least 1 accident or damage reported,Yes,15900,11,False,72,False,Budget
Audi,RS 7 4.0T Prestige,2014,"59,715 mi.",Gasoline,560.0HP 4.0L 8 Cylinder Engine Gasoline Fuel,A/T,Gray,Black,At least 1 accident or damage reported,Yes,45000,12,True,200,True,Premium
BMW,740 Li,2012,"85,252 mi.",Gasoline,326.0HP 3.0L Straight 6 Cylinder Engine Gasoline Fuel,6-Speed A/T,Black,Black,None reported,Yes,18500,14,False,375,True,Budget
Mercedes-Benz,GLS 450 Base 4MATIC,2020,"17,900 mi.",Hybrid,362.0HP 3.0L Straight 6 Cylinder Engine Gasoline/Mild Electric Hybrid,9-Speed A/T,Black,Black,At least 1 accident or damage reported,Yes,80000,6,True,315,True,Premium
BMW,M6 Base,2016,"25,500 mi.",Gasoline,560.0HP 4.4L 8 Cylinder Engine Gasoline Fuel,7-Speed A/T,White,Black,None reported,Yes,55000,10,True,375,True,Premium
Subaru,Forester 2.5 X,2004,"210,703 mi.",Gasoline,165.0HP 2.5L 4 Cylinder Engine Gasoline Fuel,M/T,Green,Beige,None reported,Yes,2300,22,False,64,False,Budget
Hyundai,Elantra N Base,2023,"3,800 mi.",Gasoline,276.0HP 2.0L 4 Cylinder Engine Gasoline Fuel,6-Speed M/T,White,Black,None reported,Yes,34000,3,True,72,False,Mid-Range
Kia,Niro Plug-In Hybrid EX Premium,2022,"36,602 mi.",Hybrid,1.6L I4 16V GDI DOHC Hybrid,6-Speed Automatic with Auto-Shift,Horizon Blue,Charcoal,None reported,Yes,31995,4,True,76,False,Mid-Range
Rivian,R1S Adventure Package,2023,"2,800 mi.",Gasoline,835.0HP Electric Motor Electric Fuel System,1-Speed A/T,White,Green,None reported,Yes,92000,3,True,17,False,Premium
Aston,Martin DBS Superleggera,2021,"2,165 mi.",Gasoline,5.2L V12 48V GDI DOHC Twin Turbo,8-Speed Automatic,Black,Black,None reported,Yes,279950,5,True,9,False,Premium
Mercedes-Benz,SLC 300 Base,2018,"33,000 mi.",Gasoline,241.0HP 2.0L 4 Cylinder Engine Gasoline Fuel,9-Speed A/T,Red,Black,At least 1 accident or damage reported,Yes,29900,8,False,315,True,Mid-Range
BMW,435 Gran Coupe i,2016,"76,009 mi.",Gasoline,300.0HP 3.0L Straight 6 Cylinder Engine Gasoline Fuel,8-Speed A/T,White,Beige,None reported,Yes,24950,10,False,375,True,Mid-Range
Jeep,Grand Cherokee Summit,2020,"31,349 mi.",Gasoline,5.7L V8 16V MPFI OHV,8-Speed Automatic,Granite Crystal Clearcoat Metallic,Black,None reported,Yes,39366,6,True,143,False,Mid-Range
Lexus,RC 350 Base,2015,"48,000 mi.",Gasoline,306.0HP 3.5L V6 Cylinder Engine Gasoline Fuel,Transmission w/Dual Shift Mode,Orange,Red,None reported,Yes,32900,11,True,163,True,Mid-Range
BMW,525 i,2005,"91,420 mi.",Gasoline,215.0HP 2.5L Straight 6 Cylinder Engine Gasoline Fuel,6-Speed A/T,Black,Black,None reported,Yes,8900,21,False,375,True,Budget
Toyota,Corolla LE,2003,"124,756 mi.",Gasoline,130.0HP 1.8L 4 Cylinder Engine Gasoline Fuel,M/T,Beige,Beige,At least 1 accident or damage reported,Yes,4995,23,False,199,False,Budget
Cadillac,CT5-V Blackwing,2023,"2,415 mi.",Gasoline,6.2L V8 16V GDI OHV Supercharged,10-Speed Automatic,Rift Metallic,Gray,None reported,Yes,104900,3,True,107,False,Premium
GMC,Acadia SLT-1,2012,"116,226 mi.",Gasoline,288.0HP 3.6L V6 Cylinder Engine Gasoline Fuel,6-Speed A/T,Black,Black,None reported,Yes,7900,14,False,91,False,Budget
Lexus,LC 500 Base,2020,"37,869 mi.",Gasoline,5.0L V8 32V PDI DOHC,10-Speed Automatic,Atomic Silver,Rioja Red,None reported,Yes,75950,6,True,163,True,Premium
BMW,i8 Base,2019,"41,500 mi.",Plug-In Hybrid,369.0HP 1.5L 3 Cylinder Engine Plug-In Electric/Gas,Transmission w/Dual Shift Mode,White,Black,None reported,Yes,86000,7,True,375,True,Premium
Lexus,ES 300h Base,2013,"87,001 mi.",Hybrid,200.0HP 2.5L 4 Cylinder Engine Gas/Electric Hybrid,CVT Transmission,Gold,Beige,None reported,Yes,17995,13,False,163,True,Budget
Cadillac,CT5-V V-Series,2022,"4,451 mi.",Gasoline,3.0L V6 24V GDI DOHC Twin Turbo,Automatic,Summit White,Jet Black,At least 1 accident or damage reported,Yes,55655,4,True,107,False,Premium
BMW,540 i xDrive,2020,"27,158 mi.",Gasoline,2.0 Liter Turbo,Automatic,Imperial Blue Metallic,Canberra Beige/Black,None reported,Yes,39998,6,True,375,True,Mid-Range
Chevrolet,Express 1500 Work Van,2014,"139,804 mi.",Gasoline,195.0HP 4.3L V6 Cylinder Engine Gasoline Fuel,A/T,White,Gray,At least 1 accident or damage reported,Yes,14500,12,False,292,False,Budget
Jeep,Gladiator Rubicon,2022,"27,300 mi.",Gasoline,285.0HP 3.6L V6 Cylinder Engine Gasoline Fuel,A/T,Green,Black,None reported,Yes,47500,4,True,143,False,Premium
BMW,Z4 sDrive28i,2014,"36,812 mi.",Gasoline,240.0HP 2.0L 4 Cylinder Engine Gasoline Fuel,Transmission w/Dual Shift Mode,White,Beige,None reported,Yes,27000,12,False,375,True,Mid-Range
Land,Rover LR4 HSE LUX Landmark Edition,2016,"144,000 mi.",Gasoline,340.0HP 3.0L V6 Cylinder Engine Gasoline Fuel,8-Speed A/T,Black,Black,At least 1 accident or damage reported,Yes,18000,10,False,130,True,Budget
Cadillac,XT4 Sport,2019,"44,500 mi.",Gasoline,237.0HP 2.0L 4 Cylinder Engine Gasoline Fuel,9-Speed A/T,Blue,White,None reported,Yes,28900,7,False,107,False,Mid-Range
BMW,750 750i xDrive,2021,"10,917 mi.",Gasoline,4.4 Liter Twin Turbo,Automatic,Black,Black,None reported,Yes,73998,5,True,375,True,Premium
Bentley,Arnage R,2005,"8,332 mi.",Gasoline,400.0HP 6.75L 8 Cylinder Engine Gasoline Fuel,4-Speed A/T,White,Beige,None reported,Yes,47350,21,True,33,False,Premium
Lincoln,Aviator Reserve AWD,2020,"51,247 mi.",Gasoline,3.0 Liter GTDI,Automatic,Magnetic Gray Clearcoat,Roast,None reported,Yes,47698,6,True,52,False,Premium
Mercedes-Benz,AMG GL AMG GL 63 4MATIC,2016,"69,000 mi.",Gasoline,550.0HP 5.5L 8 Cylinder Engine Gasoline Fuel,Transmission w/Dual Shift Mode,Black,Brown,None reported,Yes,36500,10,True,315,True,Mid-Range
RAM,ProMaster 3500 High Roof,2021,"147,834 mi.",Gasoline,3.6L V6 24V MPFI DOHC,6-Speed Automatic,Bright White Clearcoat,Black,None reported,Yes,32662,5,True,91,False,Mid-Range
Ford,Utility Police Interceptor Base,2013,"105,000 mi.",E85 Flex Fuel,300.0HP 3.7L V6 Cylinder Engine Flex Fuel Capability,A/T,White,Black,At least 1 accident or damage reported,Yes,6600,13,False,386,False,Budget
Audi,A5 2.0T Premium,2011,"92,203 mi.",Gasoline,211.0HP 2.0L 4 Cylinder Engine Gasoline Fuel,Transmission w/Dual Shift Mode,Red,Beige,None reported,Yes,9995,15,False,200,True,Budget
Nissan,GT-R Premium,2010,"15,600 mi.",Gasoline,485.0HP 3.8L V6 Cylinder Engine Gasoline Fuel,Transmission w/Dual Shift Mode,White,Black,None reported,Yes,69500,16,True,116,False,Premium
Land,Rover Range Rover Sport 3.0L Supercharged HSE,2018,"104,700 mi.",Gasoline,V6,Automatic,Fuji White,Ivory / Ebony,At least 1 accident or damage reported,Yes,30775,8,False,130,True,Mid-Range
Toyota,Corolla LE,2010,"72,348 mi.",Gasoline,132.0HP 1.8L 4 Cylinder Engine Gasoline Fuel,A/T,Red,Gray,At least 1 accident or damage reported,Yes,9995,16,False,199,False,Budget
Rivian,R1S Adventure Package,2023,"2,500 mi.",Gasoline,835.0HP Electric Motor Electric Fuel System,A/T,Green,White,None reported,Yes,94000,3,True,17,False,Premium
Mercedes-Benz,C-Class C300 4MATIC,2022,"13,177 mi.",Gasoline,2.0 Liter Turbo,Automatic,White,Silk Beige/Black,None reported,Yes,44798,4,True,315,True,Premium
Porsche,Cayenne E-Hybrid S,2016,"96,000 mi.",Plug-In Hybrid,416.0HP 3.0L V6 Cylinder Engine Plug-In Electric/Gas,Transmission w/Dual Shift Mode,White,Red,At least 1 accident or damage reported,Yes,23000,10,False,201,True,Mid-Range
Chevrolet,Express 1500 Work Van,2011,"93,009 mi.",E85 Flex Fuel,5.3L V8 16V MPFI OHV Flexible Fuel,4-Speed Automatic,Summit White,Medium Pewter,None reported,Yes,22495,15,False,292,False,Mid-Range
INFINITI,Q70h Base,2016,"52,750 mi.",Hybrid,360.0HP 3.5L V6 Cylinder Engine Gas/Electric Hybrid,7-Speed A/T,White,Black,At least 1 accident or damage reported,Yes,28998,10,False,59,False,Mid-Range
Audi,A7 Premium Plus,2020,"25,361 mi.",Hybrid,3.0 Liter Turbo,Automatic,Typhoon Gray,Black,None reported,Yes,49998,6,True,200,True,Premium
Audi,Q7 3.0T Premium Plus,2015,"98,527 mi.",Gasoline,280.0HP 3.0L V6 Cylinder Engine Gasoline Fuel,8-Speed A/T,Black,Black,None reported,Yes,9995,11,False,200,True,Budget
Lucid,Air Pure,2023,"1,300 mi.",Gasoline,620.0HP Electric Motor Electric Fuel System,A/T,Black,Gray,None reported,Yes,86900,3,True,3,False,Premium
Chrysler,Pacifica Touring,2017,"87,305 mi.",–,–,9-Speed A/T,Silver,Black,None reported,Yes,9000,9,False,28,False,Budget
Audi,TTS 2.0T Premium Plus,2012,"72,922 mi.",Gasoline,265.0HP 2.0L 4 Cylinder Engine Gasoline Fuel,6-Speed A/T,White,Black,None reported,Yes,25999,14,False,200,True,Mid-Range
BMW,650 Gran Coupe i xDrive,2015,"41,000 mi.",Gasoline,445.0HP 4.4L 8 Cylinder Engine Gasoline Fuel,8-Speed A/T,Black,Black,None reported,Yes,30000,11,False,375,True,Mid-Range
Subaru,Forester Premium,2021,"42,125 mi.",Gasoline,2.5L H4 16V GDI DOHC,Automatic CVT,Crystal Black Silica,Black,None reported,Yes,27899,5,False,64,False,Mid-Range
Mercedes-Benz,AMG C AMG C 63,2016,"62,000 mi.",Gasoline,469.0HP 4.0L 8 Cylinder Engine Gasoline Fuel,Transmission w/Dual Shift Mode,Black,Black,None reported,Yes,40000,10,True,315,True,Mid-Range
Land,Rover LR3 HSE,2006,"153,843 mi.",Gasoline,300.0HP 4.4L 8 Cylinder Engine Gasoline Fuel,6-Speed A/T,Red,Beige,At least 1 accident or damage reported,Yes,9950,20,False,130,True,Budget
BMW,X7 xDrive40i,2019,"35,248 mi.",Gasoline,3.0 Liter Twin Turbo,Automatic,Arctic Gray Metallic,Black,None reported,Yes,53998,7,True,375,True,Premium
Ford,Transit Connect XLT,2015,"194,454 mi.",Gasoline,169.0HP 2.5L 4 Cylinder Engine Gasoline Fuel,6-Speed A/T,White,Black,None reported,Yes,9888,11,False,386,False,Budget
Lexus,LX 570 Three-Row,2021,"21,000 mi.",Gasoline,383.0HP 5.7L 8 Cylinder Engine Gasoline Fuel,Transmission w/Dual Shift Mode,White,Black,None reported,Yes,89999,5,True,163,True,Premium
Porsche,911 Carrera S,2013,"18,494 mi.",Gasoline,400.0HP 3.8L Flat 6 Cylinder Engine Gasoline Fuel,7-Speed M/T,Black,Black,None reported,Yes,86900,13,True,201,True,Premium
Dodge,Ram 2500 Laramie Quad Cab,2006,"218,000 mi.",Gasoline,330.0HP 5.7L 8 Cylinder Engine Gasoline Fuel,4-Speed A/T,Red,Gray,None reported,Yes,12990,20,False,90,False,Budget
Nissan,Armada SL,2021,"67,800 mi.",Gasoline,400.0HP 5.6L 8 Cylinder Engine Gasoline Fuel,7-Speed A/T,Silver,Black,At least 1 accident or damage reported,Yes,36500,5,True,116,False,Mid-Range
Porsche,Cayman Base,2014,"79,000 mi.",Gasoline,275.0HP 2.7L Flat 6 Cylinder Engine Gasoline Fuel,Transmission w/Dual Shift Mode,Red,Black,At least 1 accident or damage reported,Yes,42999,12,True,201,True,Premium
Mercedes-Benz,GLE 450 GLE 450,2022,"24,906 mi.",Hybrid,3.0 Liter Turbo,Automatic,Selenite Grey Metallic,Black,None reported,Yes,63998,4,True,315,True,Premium
Chevrolet,Monte Carlo SS,2006,"66,840 mi.",Gasoline,303.0HP 5.3L 8 Cylinder Engine Gasoline Fuel,A/T,White,Gray,At least 1 accident or damage reported,Yes,12000,20,False,292,False,Budget
BMW,M5 Base,2013,"86,000 mi.",Gasoline,560.0HP 4.4L 8 Cylinder Engine Gasoline Fuel,Transmission w/Dual Shift Mode,Blue,White,None reported,Yes,32000,13,True,375,True,Mid-Range
Hyundai,Kona N Base,2023,654 mi.,Gasoline,2.0L I4 16V GDI DOHC Turbo,8-Speed Automatic with Auto-Shift,Ultra Black,Black,None reported,Yes,34599,3,True,72,False,Mid-Range
Chevrolet,Monte Carlo SS,2005,"75,000 mi.",Gasoline,240.0HP 3.8L V6 Cylinder Engine Gasoline Fuel,A/T,Black,Black,None reported,Yes,12500,21,False,292,False,Budget
Land,Rover Range Rover Evoque Pure,2015,"84,000 mi.",Gasoline,240.0HP 2.0L 4 Cylinder Engine Gasoline Fuel,9-Speed A/T,Beige,Black,At least 1 accident or damage reported,Yes,22800,11,False,130,True,Mid-Range
Audi,S7 4.0T Premium Plus,2017,"52,500 mi.",Gasoline,450.0HP 4.0L 8 Cylinder Engine Gasoline Fuel,Transmission w/Dual Shift Mode,Gray,Gray,None reported,Yes,39999,9,True,200,True,Mid-Range
GMC,Acadia SLT-1,2011,"120,000 mi.",Gasoline,288.0HP 3.6L V6 Cylinder Engine Gasoline Fuel,6-Speed A/T,Silver,Gray,None reported,Yes,7500,15,False,91,False,Budget
Alfa,Romeo Stelvio Ti Sport,2020,"18,665 mi.",Gasoline,2.0L I4 16V GDI SOHC Turbo,8-Speed Automatic,Lunare White Metallic,Ice,None reported,Yes,35645,6,True,19,False,Mid-Range
Ferrari,FF Base,2016,"19,987 mi.",Gasoline,651.0HP 6.3L 12 Cylinder Engine Gasoline Fuel,7-Speed A/T,Black,Brown,None reported,Yes,149900,10,True,12,False,Premium
Kia,K900 5.0L,2017,"36,486 mi.",Gasoline,420.0HP 5.0L 8 Cylinder Engine Gasoline Fuel,8-Speed A/T,Black,Beige,At least 1 accident or damage reported,Yes,23950,9,False,76,False,Mid-Range
Ford,E150 XLT,2013,"162,100 mi.",E85 Flex Fuel,255.0HP 5.4L 8 Cylinder Engine Flex Fuel Capability,4-Speed A/T,Black,Gray,None reported,Yes,12500,13,False,386,False,Budget
Tesla,Model 3 Performance,2022,"13,079 mi.",Gasoline,455.0HP Electric Motor Electric Fuel System,A/T,Black,White,None reported,Yes,47000,4,True,87,False,Premium
Toyota,4Runner SR5,2022,"28,377 mi.",Gasoline,4.0L V6 24V MPFI DOHC,5-Speed Automatic,Silver,Gray,None reported,Yes,36999,4,True,199,False,Mid-Range
Subaru,Forester Base,2020,"32,744 mi.",Gasoline,182.0HP 2.5L 4 Cylinder Engine Gasoline Fuel,CVT Transmission,Black,Gray,None reported,Yes,24000,6,False,64,False,Mid-Range
Porsche,Panamera 2,2012,"54,000 mi.",Gasoline,300.0HP 3.6L V6 Cylinder Engine Gasoline Fuel,A/T,White,–,At least 1 accident or damage reported,Yes,26000,14,False,201,True,Mid-Range
Toyota,Tacoma PreRunner,2008,"202,055 mi.",Gasoline,236.0HP 4.0L V6 Cylinder Engine Gasoline Fuel,A/T,Silver,Gray,At least 1 accident or damage reported,Yes,8500,18,False,199,False,Budget
RAM,2500 Laramie,2019,"65,000 mi.",Diesel,370.0HP 6.7L Straight 6 Cylinder Engine Diesel Fuel,6-Speed A/T,Black,Black,None reported,Yes,65000,7,True,91,False,Premium
Kia,Sportage Nightfall,2022,"9,686 mi.",Gasoline,2.4L I4 16V GDI DOHC,6-Speed Automatic,Hyper Red,Black,None reported,Yes,30990,4,False,76,False,Mid-Range
Cadillac,DTS Base,2010,"49,620 mi.",Gasoline,275.0HP 4.6L 8 Cylinder Engine Gasoline Fuel,A/T,White,Gray,None reported,Yes,10499,16,False,107,False,Budget
Toyota,Land Cruiser Base,1997,"213,000 mi.",Gasoline,212.0HP 4.5L Straight 6 Cylinder Engine Gasoline Fuel,4-Speed A/T,White,Beige,None reported,Yes,26500,29,False,199,False,Mid-Range
Nissan,GT-R Premium,2020,"16,010 mi.",Gasoline,565.0HP 3.8L V6 Cylinder Engine Gasoline Fuel,A/T,White,Black,None reported,Yes,114000,6,True,116,False,Premium
Lexus,NX 350 F SPORT Handling,2023,820 mi.,Gasoline,2.4 Liter,8-SPEED AT,Black,Black,None reported,Yes,51998,3,True,163,True,Premium
Audi,Q7 45 Premium Plus,2021,"68,000 mi.",Gasoline,248.0HP 2.0L 4 Cylinder Engine Gasoline Fuel,8-Speed A/T,Blue,Black,None reported,Yes,36499,5,True,200,True,Mid-Range
Lexus,LX 470 Base,1999,"82,000 mi.",Gasoline,230.0HP 4.7L 8 Cylinder Engine Gasoline Fuel,A/T,White,Beige,None reported,Yes,25000,27,False,163,True,Mid-Range
GMC,Terrain SLE,2022,"27,352 mi.",Gasoline,1.5L I4 16V GDI DOHC Turbo,9-Speed Automatic,Summit White,Jet Black,None reported,Yes,27785,4,False,91,False,Mid-Range
Ford,Escape Limited,2012,"129,000 mi.",Gasoline,171.0HP 2.5L 4 Cylinder Engine Gasoline Fuel,A/T,White,Gray,At least 1 accident or damage reported,Yes,7000,14,False,386,False,Budget
Lexus,LS 460 L,2014,"106,731 mi.",Gasoline,360.0HP 4.6L 8 Cylinder Engine Gasoline Fuel,8-Speed A/T,White,Beige,At least 1 accident or damage reported,Yes,30000,12,False,163,True,Mid-Range
Ford,Expedition Platinum,2019,"34,672 mi.",Gasoline,400.0HP 3.5L V6 Cylinder Engine Gasoline Fuel,10-Speed A/T,White,White,None reported,Yes,45500,7,True,386,False,Premium
Chevrolet,Malibu LTZ,2010,"55,900 mi.",Gasoline,252.0HP 3.6L V6 Cylinder Engine Gasoline Fuel,Transmission w/Dual Shift Mode,Beige,Beige,None reported,Yes,8950,16,False,292,False,Budget
Audi,RS 7 4.0T quattro,2023,"3,158 mi.",Gasoline,4.0L V8 32V GDI DOHC Twin Turbo,1-Speed Automatic,Daytona Gray Pearl Effect,Black / Express Red,None reported,Yes,128900,3,True,200,True,Premium
Audi,A5 2.0T Premium Plus,2015,"82,000 mi.",Gasoline,220.0HP 2.0L 4 Cylinder Engine Gasoline Fuel,8-Speed A/T,White,Brown,None reported,Yes,17000,11,False,200,True,Budget
Genesis,G70 2.0T,2023,"4,785 mi.",Gasoline,2.0L I4 16V GDI DOHC Turbo,Automatic,Vik Black,Obsidian Black,None reported,Yes,42850,3,True,20,False,Premium
Chevrolet,Trailblazer LS,2021,"20,497 mi.",Gasoline,1.3L I3 12V GDI DOHC Turbo,9-Speed Automatic,Pacific Blue Metallic,Black,None reported,Yes,22999,5,False,292,False,Mid-Range
Scion,tC Base,2013,"177,600 mi.",Gasoline,180.0HP 2.5L 4 Cylinder Engine Gasoline Fuel,6-Speed A/T,Silver,Black,At least 1 accident or damage reported,Yes,7100,13,False,6,False,Budget
Lincoln,MKZ Hybrid Base,2014,"78,568 mi.",Hybrid,188.0HP 2.0L 4 Cylinder Engine Gas/Electric Hybrid,A/T,Blue,Beige,None reported,Yes,15500,12,False,52,False,Budget
Ford,Transit-350 XL,2018,"95,000 mi.",E85 Flex Fuel,275.0HP 3.7L V6 Cylinder Engine Flex Fuel Capability,A/T,White,Gray,None reported,Yes,43000,8,True,386,False,Premium
Porsche,911 GT2 RS,2018,"4,529 mi.",Gasoline,3.8L H6 24V GDI DOHC Twin Turbo,7-Speed Automatic with Auto-Shift,Black,Black,None reported,Yes,417500,8,True,201,True,Premium
Ford,Explorer Timberline,2021,"25,240 mi.",Gasoline,2.3L I4 16V GDI DOHC Turbo,10-Speed Automatic,Gray,Ebony,At least 1 accident or damage reported,Yes,39951,5,True,386,False,Mid-Range
Volvo,XC90 3.2,2011,"88,300 mi.",Gasoline,235.0HP 3.2L Straight 6 Cylinder Engine Gasoline Fuel,A/T,Blue,Beige,At least 1 accident or damage reported,Yes,11500,15,False,38,False,Budget
Chevrolet,Avalanche LTZ,2013,"98,000 mi.",E85 Flex Fuel,320.0HP 5.3L 8 Cylinder Engine Flex Fuel Capability,6-Speed A/T,Silver,Black,At least 1 accident or damage reported,Yes,27499,13,False,292,False,Mid-Range
Audi,TT RS 2.5T,2018,"20,675 mi.",Gasoline,400.0HP 2.5L 5 Cylinder Engine Gasoline Fuel,Transmission w/Dual Shift Mode,Gray,Gray,None reported,Yes,76000,8,True,200,True,Premium
Lincoln,Navigator L,2008,"95,000 mi.",Gasoline,300.0HP 5.4L 8 Cylinder Engine Gasoline Fuel,A/T,Black,Black,None reported,Yes,10900,18,False,52,False,Budget
Hyundai,Elantra GLS,2010,"107,000 mi.",Gasoline,138.0HP 2.0L 4 Cylinder Engine Gasoline Fuel,4-Speed A/T,Blue,Blue,At least 1 accident or damage reported,Yes,6250,16,False,72,False,Budget
Audi,SQ5 3.0T Premium Plus,2016,"60,000 mi.",Gasoline,354.0HP 3.0L V6 Cylinder Engine Gasoline Fuel,Transmission w/Dual Shift Mode,Black,Black,At least 1 accident or damage reported,Yes,24700,10,False,200,True,Mid-Range
Mitsubishi,Lancer Evolution GSR,2012,"33,000 mi.",Gasoline,291.0HP 2.0L 4 Cylinder Engine Gasoline Fuel,5-Speed M/T,Black,Black,None reported,Yes,34999,14,True,20,False,Mid-Range
Tesla,Model Y Performance,2023,500 mi.,Gasoline,455.0HP Electric Motor Electric Fuel System,1-Speed A/T,Black,White,None reported,Yes,60000,3,True,87,False,Premium
Mercedes-Benz,Maybach S S 600,2016,"108,500 mi.",Gasoline,523.0HP 6.0L 12 Cylinder Engine Gasoline Fuel,7-Speed A/T,White,Beige,None reported,Yes,63500,10,True,315,True,Premium
Nissan,GT-R Premium,2017,"37,800 mi.",Gasoline,565.0HP 3.8L V6 Cylinder Engine Gasoline Fuel,Transmission w/Dual Shift Mode,Orange,Orange,None reported,Yes,149500,9,True,116,False,Premium
Mercedes-Benz,GLS 550 Base 4MATIC,2018,"74,422 mi.",Gasoline,4.7 Liter Twin Turbo,Automatic,Obsidian Black Metallic,Gray,None reported,Yes,44798,8,True,315,True,Premium
Chevrolet,Blazer Premier,2019,"55,621 mi.",Gasoline,3.6L V6 24V GDI DOHC,9-Speed Automatic,Silver Ice Metallic,Jet Black,None reported,Yes,34562,7,True,292,False,Mid-Range
Mazda,CX-9 Grand Touring,2021,"46,707 mi.",Gasoline,2.5L I4 16V GDI DOHC Turbo,6-Speed Automatic,Sonic Silver Metallic,Black,At least 1 accident or damage reported,Yes,32541,5,True,64,False,Mid-Range
Ford,Expedition Max Limited,2022,"26,500 mi.",Gasoline,440.0HP 3.5L V6 Cylinder Engine Gasoline Fuel,A/T,White,Beige,None reported,Yes,65900,4,True,386,False,Premium
Nissan,Titan XD SV,2020,"10,001 mi.",Gasoline,5.6L V8 32V GDI DOHC,9-Speed Automatic,Black,Black,None reported,Yes,47214,6,True,116,False,Premium
Lexus,LX 570 Three-Row,2019,"19,050 mi.",Gasoline,383.0HP 5.7L 8 Cylinder Engine Gasoline Fuel,8-Speed A/T,Black,Beige,None reported,Yes,76900,7,True,163,True,Premium
Chevrolet,Traverse Premier,2020,"52,000 mi.",Gasoline,310.0HP 3.6L V6 Cylinder Engine Gasoline Fuel,A/T,White,Black,None reported,Yes,35800,6,True,292,False,Mid-Range
Mercedes-Benz,Sprinter High Roof,2014,"65,000 mi.",Diesel,188.0HP 3.0L V6 Cylinder Engine Diesel Fuel,7-Speed A/T,Black,Black,At least 1 accident or damage reported,Yes,54999,12,True,315,True,Premium
BMW,X5 3.0i,2004,"140,000 mi.",Gasoline,225.0HP 3.0L Straight 6 Cylinder Engine Gasoline Fuel,Transmission w/Dual Shift Mode,Black,Beige,None reported,Yes,6730,22,False,375,True,Budget
Ford,Fusion SE,2018,"75,600 mi.",Gasoline,181.0HP 1.5L 4 Cylinder Engine Gasoline Fuel,A/T,Blue,Black,At least 1 accident or damage reported,Yes,14950,8,False,386,False,Budget
Lincoln,MKZ Base,2015,"117,292 mi.",Gasoline,240.0HP 2.0L 4 Cylinder Engine Gasoline Fuel,A/T,Beige,Beige,None reported,Yes,12000,11,False,52,False,Budget
Ford,GT,2005,"1,897 mi.",Gasoline,5.4 Liter SC DOHC,Manual,White,–,None reported,Yes,429998,21,True,386,False,Premium
Genesis,G90 5.0 Ultimate,2017,"26,000 mi.",Gasoline,420.0HP 5.0L 8 Cylinder Engine Gasoline Fuel,Transmission w/Dual Shift Mode,White,Beige,None reported,Yes,33600,9,True,20,False,Mid-Range
Lexus,LC 500 Base,2022,"2,071 mi.",Gasoline,5.0L V8 32V PDI DOHC,Automatic,Nightfall Mica,Caramel,None reported,Yes,99950,4,True,163,True,Premium
Ford,Shelby GT500 Base,2014,"15,629 mi.",Gasoline,5.8L V8 32V MPFI DOHC Supercharged,6-Speed Manual,Black,Black,None reported,Yes,61900,12,True,386,False,Premium
Saturn,Sky Base,2008,"15,020 mi.",Gasoline,173.0HP 2.4L 4 Cylinder Engine Gasoline Fuel,A/T,Silver,Red,None reported,Yes,18500,18,False,5,False,Budget
Audi,RS Q8 4.0T quattro,2022,"11,322 mi.",Gasoline,4.0L V8 32V GDI DOHC Twin Turbo,8-Speed Automatic,Daytona Gray Pearl Effect,Black / Express Red,None reported,Yes,119900,4,True,200,True,Premium
Toyota,Land Cruiser,2016,"50,361 mi.",Gasoline,5.7 Liter,Automatic,Silver,Black,None reported,Yes,65998,10,True,199,False,Premium
Mercedes-Benz,SL-Class SL 550,2013,"115,000 mi.",Gasoline,429.0HP 4.6L 8 Cylinder Engine Gasoline Fuel,Transmission w/Dual Shift Mode,Black,Black,At least 1 accident or damage reported,Yes,36000,13,True,315,True,Mid-Range
Porsche,911 Carrera C2S,2005,"28,500 mi.",Gasoline,355.0HP 3.8L Flat 6 Cylinder Engine Gasoline Fuel,6-Speed M/T,Silver,Black,None reported,Yes,63500,21,True,201,True,Premium
Mercedes-Benz,AMG GLA 45 Base 4MATIC,2018,"51,700 mi.",Gasoline,375.0HP 2.0L 4 Cylinder Engine Gasoline Fuel,Transmission w/Dual Shift Mode,White,Black,None reported,Yes,32000,8,True,315,True,Mid-Range
Ford,Taurus X Limited,2008,"148,949 mi.",Gasoline,263.0HP 3.5L V6 Cylinder Engine Gasoline Fuel,A/T,Blue,Beige,None reported,Yes,3900,18,False,386,False,Budget
BMW,440 Gran Coupe i,2018,"39,300 mi.",Gasoline,320.0HP 3.0L Straight 6 Cylinder Engine Gasoline Fuel,8-Speed A/T,White,Beige,At least 1 accident or damage reported,Yes,31750,8,True,375,True,Mid-Range
Honda,S2000 CR,2008,"82,323 mi.",Gasoline,237.0HP 2.2L 4 Cylinder Engine Gasoline Fuel,6-Speed M/T,Black,Black,None reported,Yes,28500,18,False,63,False,Mid-Range
Acura,Integra w/A-Spec Tech Package,2023,"3,574 mi.",Gasoline,1.5 Liter Turbo,Variable,Apex Blue,Orchid,None reported,Yes,34998,3,True,64,False,Mid-Range
Ford,Excursion Limited,2001,"109,357 mi.",Gasoline,310.0HP 6.8L 10 Cylinder Engine Gasoline Fuel,A/T,Green,Beige,None reported,Yes,12749,25,False,386,False,Budget
Mercedes-Benz,SL-Class SL500 Roadster,2004,"46,000 mi.",Gasoline,302.0HP 5.0L 8 Cylinder Engine Gasoline Fuel,A/T,White,Gray,None reported,Yes,18853,22,False,315,True,Budget
Mercedes-Benz,CLS-Class CLS 550,2007,"123,112 mi.",Gasoline,382.0HP 5.5L 8 Cylinder Engine Gasoline Fuel,A/T,Silver,Black,At least 1 accident or damage reported,Yes,104999,19,True,315,True,Premium
INFINITI,G35 Sport,2007,"37,100 mi.",Gasoline,306.0HP 3.5L V6 Cylinder Engine Gasoline Fuel,6-Speed M/T,Gray,Black,None reported,Yes,16900,19,False,59,False,Budget
Volkswagen,Golf GTI 2.0T S 4-Door,2016,"89,000 mi.",Gasoline,210.0HP 2.0L 4 Cylinder Engine Gasoline Fuel,6-Speed M/T,Silver,Black,None reported,Yes,14500,10,False,59,False,Budget
Dodge,Challenger R/T Scat Pack,2022,"1,240 mi.",Gasoline,6.4L V8 16V MPFI OHV,8-Speed Automatic,Go Mango!,Black,None reported,Yes,53900,4,True,90,False,Premium
Lincoln,Navigator L Reserve,2019,"67,073 mi.",Gasoline,450.0HP 3.5L V6 Cylinder Engine Gasoline Fuel,10-Speed A/T,Black,Black,At least 1 accident or damage reported,Yes,47999,7,True,52,False,Premium
Maserati,Ghibli S Q4,2015,"28,700 mi.",Gasoline,404.0HP 3.0L V6 Cylinder Engine Gasoline Fuel,8-Speed A/T,White,Red,None reported,Yes,24900,11,False,34,False,Mid-Range
Tesla,Model X Base,2023,"8,200 mi.",Gasoline,670.0HP Electric Motor Electric Fuel System,A/T,Black,Black,None reported,Yes,93999,3,True,87,False,Premium
Mercedes-Benz,AMG G 63 Base,2018,"41,000 mi.",Gasoline,563.0HP 5.5L 8 Cylinder Engine Gasoline Fuel,Transmission w/Dual Shift Mode,Gray,Black,None reported,Yes,108900,8,True,315,True,Premium
Ford,Expedition Limited,2018,"98,995 mi.",Gasoline,3.5 Liter GTDI,Automatic,Ingot Silver Metallic,Ebony,None reported,Yes,34998,8,True,386,False,Mid-Range
Volkswagen,Routan SE,2012,"123,815 mi.",Gasoline,283.0HP 3.6L V6 Cylinder Engine Gasoline Fuel,6-Speed A/T,Black,Gray,None reported,Yes,5000,14,False,59,False,Budget
Bugatti,Veyron 16.4 Grand Sport,2011,"6,330 mi.",Gasoline,8.0L W16 64V GDI DOHC Twin Turbo,7-Speed Automatic with Auto-Shift,White,White,None reported,Yes,1950995,15,True,1,False,Premium
Toyota,Highlander XLE,2020,"61,341 mi.",Gasoline,3.5L V6 24V PDI DOHC,8-Speed Automatic,Midnight Black Metallic,Black,At least 1 accident or damage reported,Yes,34084,6,True,199,False,Mid-Range
Honda,Civic LX,2016,"96,473 mi.",Gasoline,2.0L I4 16V MPFI DOHC,Automatic CVT,Black,Black,None reported,Yes,15599,10,False,63,False,Budget
Jeep,Wrangler Unlimited Sahara,2017,"66,107 mi.",Gasoline,3.6L V6 24V MPFI DOHC,5-Speed Automatic,Black Clearcoat,Black,None reported,Yes,31331,9,True,143,False,Mid-Range
Land,Rover Range Rover Supercharged,2008,"114,287 mi.",Gasoline,400.0HP 4.2L 8 Cylinder Engine Gasoline Fuel,6-Speed A/T,Black,Black,None reported,Yes,9900,18,False,130,True,Budget
Acura,ILX 2.0L w/Premium Package,2015,"75,000 mi.",Gasoline,150.0HP 2.0L 4 Cylinder Engine Gasoline Fuel,5-Speed A/T,Gold,Beige,None reported,Yes,14500,11,False,64,False,Budget
BMW,M6 Base,2016,"45,800 mi.",Gasoline,560.0HP 4.4L 8 Cylinder Engine Gasoline Fuel,7-Speed A/T,Gold,Black,None reported,Yes,36800,10,True,375,True,Mid-Range
Polestar,2 Launch Edition,2021,"12,172 mi.",Gasoline,Electric,1-Speed Automatic,Thunder Gray,Charcoal,None reported,Yes,35999,5,True,1,False,Mid-Range
BMW,X6 sDrive35i,2016,"70,582 mi.",Gasoline,300.0HP 3.0L Straight 6 Cylinder Engine Gasoline Fuel,8-Speed A/T,Black,White,At least 1 accident or damage reported,Yes,35000,10,True,375,True,Mid-Range
Porsche,Cayman S,2014,"33,088 mi.",Gasoline,325.0HP 3.4L Flat 6 Cylinder Engine Gasoline Fuel,7-Speed A/T,Black,Black,None reported,Yes,49750,12,True,201,True,Premium
Lincoln,Corsair Grand Touring,2021,"1,850 mi.",Plug-In Hybrid,266.0HP 2.5L 4 Cylinder Engine Plug-In Electric/Gas,CVT Transmission,Silver,Beige,None reported,Yes,49000,5,True,52,False,Premium
Cadillac,DTS Luxury II,2008,"94,155 mi.",Gasoline,275.0HP 4.6L 8 Cylinder Engine Gasoline Fuel,4-Speed A/T,White,Beige,None reported,Yes,10500,18,False,107,False,Budget
Cadillac,ATS 3.6L Luxury,2016,"25,000 mi.",Gasoline,335.0HP 3.6L V6 Cylinder Engine Gasoline Fuel,8-Speed A/T,Red,Beige,None reported,Yes,17999,10,False,107,False,Budget
GMC,Sierra 1500 SLT,2016,"99,500 mi.",Gasoline,355.0HP 5.3L 8 Cylinder Engine Gasoline Fuel,8-Speed A/T,Gray,Black,None reported,Yes,27995,10,False,91,False,Mid-Range
INFINITI,G37 x,2009,"158,564 mi.",Gasoline,328.0HP 3.7L V6 Cylinder Engine Gasoline Fuel,A/T,Blue,Beige,None reported,Yes,8750,17,False,59,False,Budget
Ford,Transit-350 XLT,2023,"20,000 mi.",Gasoline,310.0HP 3.5L V6 Cylinder Engine Gasoline Fuel,10-Speed A/T,Black,Black,None reported,Yes,78499,3,True,386,False,Premium
Cadillac,XTS Luxury,2018,"46,711 mi.",Gasoline,304.0HP 3.6L V6 Cylinder Engine Gasoline Fuel,6-Speed A/T,Silver,Black,At least 1 accident or damage reported,Yes,20850,8,False,107,False,Budget
Nissan,NV Passenger NV3500 HD SL V8,2017,"46,496 mi.",Gasoline,375.0HP 5.6L 8 Cylinder Engine Gasoline Fuel,A/T,Black,Gray,None reported,Yes,41000,9,True,116,False,Mid-Range
Mercedes-Benz,GLS 450 Base 4MATIC,2019,"19,800 mi.",Gasoline,362.0HP 3.0L V6 Cylinder Engine Gasoline Fuel,9-Speed A/T,Silver,Black,None reported,Yes,53800,7,True,315,True,Premium
Toyota,Land Cruiser Base,2008,"175,000 mi.",Gasoline,381.0HP 5.7L 8 Cylinder Engine Gasoline Fuel,6-Speed A/T,Black,Beige,At least 1 accident or damage reported,Yes,37900,18,True,199,False,Mid-Range
Toyota,Land Cruiser Base,2016,"61,500 mi.",Gasoline,381.0HP 5.7L 8 Cylinder Engine Gasoline Fuel,8-Speed A/T,White,Black,None reported,Yes,63500,10,True,199,False,Premium
RAM,ProMaster 2500 Window Van High Roof,2016,"49,750 mi.",Gasoline,280.0HP 3.6L V6 Cylinder Engine Gasoline Fuel,6-Speed A/T,Black,Gray,None reported,Yes,65000,10,True,91,False,Premium
Lamborghini,Gallardo Base,2007,"38,800 mi.",Gasoline,493.0HP 5.0L 10 Cylinder Engine Gasoline Fuel,Transmission w/Dual Shift Mode,Orange,Orange,None reported,Yes,100000,19,True,26,False,Premium
Lincoln,MKZ Base,2011,"83,765 mi.",Gasoline,263.0HP 3.5L V6 Cylinder Engine Gasoline Fuel,A/T,Black,Black,None reported,Yes,8995,15,False,52,False,Budget
Mercedes-Benz,EQS 450 4MATIC,2023,"7,388 mi.",Gasoline,355.0HP Electric Motor Electric Fuel System,1-Speed A/T,Gray,Beige,None reported,Yes,105500,3,True,315,True,Premium
Lamborghini,Huracan Tecnica Coupe,2023,278 mi.,Gasoline,"5.2L V-10 gasoline direct injection, DOHC, variable valve contro",Automatic,Bianco Monocerus,Nero Ade,None reported,Yes,359991,3,True,26,False,Premium
Alfa,Romeo Giulia Quadrifoglio,2022,"1,966 mi.",Gasoline,2.9L V6 24V GDI DOHC Twin Turbo,8-Speed Automatic,Verde,Black,None reported,Yes,75900,4,True,19,False,Premium
Chevrolet,Trailblazer LT,2021,"50,648 mi.",Gasoline,1.2L I3 12V GDI DOHC Turbo,Automatic CVT,Pacific Blue Metallic,Jet Black,None reported,Yes,23995,5,False,292,False,Mid-Range
Toyota,Land Cruiser Base,1993,"231,500 mi.",–,–,A/T,White,Gray,None reported,Yes,29500,33,False,199,False,Mid-Range
Lamborghini,Urus Base,2021,"13,692 mi.",Gasoline,641.0HP 4.0L 8 Cylinder Engine Gasoline Fuel,8-Speed A/T,Black,Red,None reported,Yes,257000,5,True,26,False,Premium
INFINITI,G37 x,2013,"60,058 mi.",Gasoline,328.0HP 3.7L V6 Cylinder Engine Gasoline Fuel,A/T,White,Beige,At least 1 accident or damage reported,Yes,15000,13,False,59,False,Budget
Maserati,Levante S,2017,"54,423 mi.",Gasoline,424.0HP 3.0L V6 Cylinder Engine Gasoline Fuel,8-Speed A/T,Black,Black,None reported,Yes,33950,9,True,34,False,Mid-Range
Toyota,Highlander Limited,2022,"24,001 mi.",Gasoline,3.5L V6 24V PDI DOHC,8-Speed Automatic,Wind Chill Pearl,Graphite,None reported,Yes,47498,4,True,199,False,Premium
Nissan,Armada SL,2022,"14,735 mi.",Gasoline,5.6 Liter,Automatic,White,Black,None reported,Yes,50998,4,True,116,False,Premium
Audi,Q5 Premium,2023,"2,425 mi.",Hybrid,2.0 Liter TFSI,Automatic,Mythos Black,–,None reported,Yes,42998,3,True,200,True,Premium
Ford,Shelby GT500 Base,2022,"2,050 mi.",Gasoline,760.0HP 5.2L 8 Cylinder Engine Gasoline Fuel,Transmission w/Dual Shift Mode,Gray,Black,None reported,Yes,94999,4,True,386,False,Premium
Lincoln,Navigator L Reserve,2019,"64,855 mi.",Gasoline,450.0HP 3.5L V6 Cylinder Engine Gasoline Fuel,10-Speed A/T,Silver,Beige,None reported,Yes,46995,7,True,52,False,Premium
Mercedes-Benz,EQS 450+ Base,2022,"16,238 mi.",Gasoline,329.0HP Electric Motor Electric Fuel System,1-Speed A/T,White,Beige,None reported,Yes,62479,4,True,315,True,Premium
RAM,1500 Laramie,2022,"18,051 mi.",Gasoline,5.7L V8 16V MPFI OHV,Automatic,Patriot Blue Pearlcoat,Black,None reported,Yes,47995,4,True,91,False,Premium
Lincoln,Town Car Base,2004,"36,524 mi.",Gasoline,239.0HP 4.6L 8 Cylinder Engine Gasoline Fuel,4-Speed A/T,Black,Black,None reported,Yes,14900,22,False,52,False,Budget
Acura,TLX w/A-Spec Package,2022,"14,896 mi.",Gasoline,2.0 Liter DOHC Turbo,2,Lunar Silver Metallic,Ebony,None reported,Yes,39998,4,True,64,False,Mid-Range
Toyota,Camry Hybrid LE,2022,"14,048 mi.",Hybrid,2.5L I4 16V PDI DOHC Hybrid,Automatic CVT,Black,Black,None reported,Yes,29999,4,False,199,False,Mid-Range
Honda,CR-V EX,2003,"224,000 mi.",Gasoline,160.0HP 2.4L 4 Cylinder Engine Gasoline Fuel,M/T,Black,Gray,None reported,Yes,3900,23,False,63,False,Budget
Mercedes-Benz,E-Class E 550,2014,"80,581 mi.",Gasoline,402.0HP 4.7L 8 Cylinder Engine Gasoline Fuel,Transmission w/Dual Shift Mode,Gray,Beige,None reported,Yes,26000,12,False,315,True,Mid-Range
Mazda,MX-5 Miata Grand Touring,2007,"81,400 mi.",Gasoline,166.0HP 2.0L 4 Cylinder Engine Gasoline Fuel,6-Speed M/T,Red,–,At least 1 accident or damage reported,Yes,11000,19,False,64,False,Budget
Porsche,718 Boxster Base,2019,"6,700 mi.",Gasoline,300.0HP 2.0L 4 Cylinder Engine Gasoline Fuel,7-Speed A/T,Gray,Black,None reported,Yes,63000,7,True,201,True,Premium
Ford,Transit-350 XLT,2015,"143,000 mi.",Gasoline,275.0HP 3.7L V6 Cylinder Engine Gasoline Fuel,6-Speed A/T,Silver,Gray,None reported,Yes,22500,11,False,386,False,Mid-Range
Kia,Sportage SX Turbo,2017,"87,842 mi.",Gasoline,2.0L I4 16V GDI DOHC Turbo,6-Speed Automatic,Black Cherry,Black,None reported,Yes,18688,9,False,76,False,Budget
INFINITI,G37 S Sport,2010,"116,451 mi.",Gasoline,328.0HP 3.7L V6 Cylinder Engine Gasoline Fuel,6-Speed M/T,White,Gray,None reported,Yes,16500,16,False,59,False,Budget
Nissan,Titan XD S,2019,"53,677 mi.",Gasoline,390.0HP 5.6L 8 Cylinder Engine Gasoline Fuel,7-Speed A/T,Red,Gray,None reported,Yes,27900,7,False,116,False,Mid-Range
Audi,S7 2.9T Prestige,2021,"12,000 mi.",Hybrid,444.0HP 2.9L V6 Cylinder Engine Gasoline/Mild Electric Hybrid,8-Speed A/T,Gray,Black,None reported,Yes,77500,5,True,200,True,Premium
Land,Rover Discovery HSE,2019,"20,034 mi.",Gasoline,3.0 Liter,Automatic,Yulong White,Tan/Ebony,None reported,Yes,43998,7,True,130,True,Premium
Ford,Transit-350 XLT,2020,"32,000 mi.",Diesel,210.0HP 2.0L 4 Cylinder Engine Diesel Fuel,A/T,Black,Black,None reported,Yes,68000,6,True,386,False,Premium
INFINITI,Q70 3.7,2014,"70,312 mi.",Gasoline,330.0HP 3.7L V6 Cylinder Engine Gasoline Fuel,7-Speed A/T,Black,Black,None reported,Yes,19995,12,False,59,False,Budget
Jeep,Gladiator Rubicon,2022,"8,794 mi.",Gasoline,285.0HP 3.6L V6 Cylinder Engine Gasoline Fuel,A/T,White,Black,None reported,Yes,54000,4,True,143,False,Premium
Lincoln,MKX Base,2010,"156,000 mi.",Gasoline,265.0HP 3.5L V6 Cylinder Engine Gasoline Fuel,6-Speed A/T,Black,Black,At least 1 accident or damage reported,Yes,5900,16,False,52,False,Budget
Porsche,911 Carrera 4S,2020,"25,568 mi.",Gasoline,3.0L H6 24V GDI DOHC Twin Turbo,7-Speed Manual,Red,Black,None reported,Yes,134999,6,True,201,True,Premium
Mercedes-Benz,AMG C 43 Base 4MATIC,2018,"67,100 mi.",Gasoline,362.0HP 3.0L V6 Cylinder Engine Gasoline Fuel,Transmission w/Dual Shift Mode,Gray,Black,At least 1 accident or damage reported,Yes,34250,8,True,315,True,Mid-Range
Porsche,Cayman Base,2014,"52,000 mi.",Gasoline,275.0HP 2.7L Flat 6 Cylinder Engine Gasoline Fuel,Transmission w/Dual Shift Mode,Blue,Beige,At least 1 accident or damage reported,Yes,37000,12,True,201,True,Mid-Range
Acura,MDX 3.7L Advance,2011,"137,200 mi.",Gasoline,300.0HP 3.7L V6 Cylinder Engine Gasoline Fuel,Transmission w/Dual Shift Mode,White,Gray,None reported,Yes,12000,15,False,64,False,Budget
Volkswagen,Golf R 4-Door w/DCC & Navigation,2018,"36,000 mi.",Gasoline,292.0HP 2.0L 4 Cylinder Engine Gasoline Fuel,7-Speed A/T,White,Black,At least 1 accident or damage reported,Yes,32000,8,True,59,False,Mid-Range
Kia,Forte GT-Line,2023,"15,500 mi.",Gasoline,147.0HP 2.0L 4 Cylinder Engine Gasoline Fuel,CVT Transmission,White,Black,At least 1 accident or damage reported,Yes,24500,3,False,76,False,Mid-Range
BMW,M8 Competition,2020,"10,906 mi.",Gasoline,4.4 Liter Twin Turbo,Automatic,Donington Grey Metallic,Black,None reported,Yes,96998,6,True,375,True,Premium
Lincoln,MKC Select,2019,"49,814 mi.",Gasoline,2.0L I4 16V GDI DOHC Turbo,6-Speed Automatic,Ruby Red Metallic Tinted Clearcoat,Cappuccino,None reported,Yes,26545,7,False,52,False,Mid-Range
BMW,i8 Base,2015,846 mi.,Plug-In Hybrid,357.0HP 1.5L 3 Cylinder Engine Plug-In Electric/Gas,A/T,White,White,None reported,Yes,86999,11,True,375,True,Premium
Toyota,Highlander XLE,2021,"67,039 mi.",Gasoline,3.5L V6 24V PDI DOHC,8-Speed Automatic,Blue,Black,None reported,Yes,34645,5,True,199,False,Mid-Range
Mazda,CX-30 Premium Package,2023,"2,636 mi.",Gasoline,2.5L I4 16V,6-Speed Automatic,Platinum Quartz Metallic,Black,None reported,Yes,28535,3,False,64,False,Mid-Range
Porsche,Cayenne Platinum Edition,2018,"50,166 mi.",Gasoline,3.6L V6 24V GDI DOHC,8-Speed Automatic,White,Black,At least 1 accident or damage reported,Yes,43550,8,True,201,True,Premium
Lincoln,MKZ Reserve,2017,"37,375 mi.",Gasoline,400.0HP 3.0L V6 Cylinder Engine Gasoline Fuel,6-Speed A/T,Blue,Brown,None reported,Yes,27500,9,False,52,False,Mid-Range
Tesla,Model 3 Standard Range Plus,2021,"21,600 mi.",Gasoline,271.0HP Electric Motor Electric Fuel System,A/T,White,Black,None reported,Yes,31000,5,False,87,False,Mid-Range
Porsche,718 Cayman S,2019,"9,500 mi.",Gasoline,350.0HP 2.5L 4 Cylinder Engine Gasoline Fuel,7-Speed A/T,Red,Black,At least 1 accident or damage reported,Yes,69000,7,True,201,True,Premium
Chevrolet,Corvette Base,2005,"143,095 mi.",Gasoline,400.0HP 6.0L 8 Cylinder Engine Gasoline Fuel,4-Speed A/T,Red,Black,None reported,Yes,16000,21,False,292,False,Budget
Acura,RSX Type S,2002,"80,000 mi.",Gasoline,200.0HP 2.0L 4 Cylinder Engine Gasoline Fuel,6-Speed M/T,Beige,Beige,At least 1 accident or damage reported,Yes,8500,24,False,64,False,Budget
Ferrari,Roma Base,2021,"3,000 mi.",Gasoline,611.0HP 3.9L 8 Cylinder Engine Gasoline Fuel,8-Speed A/T,Blue,Brown,None reported,Yes,275000,5,True,12,False,Premium
Porsche,Cayman S,2007,"5,856 mi.",Gasoline,295.0HP 3.4L Flat 6 Cylinder Engine Gasoline Fuel,6-Speed M/T,Black,Black,None reported,Yes,45000,19,True,201,True,Premium
Rolls-Royce,Phantom Drophead Coupe Drophead,2013,"2,958 mi.",Gasoline,6.8L V12 48V GDI DOHC,8-Speed Automatic,Yellow,–,None reported,Yes,488880,13,True,11,False,Premium
Audi,SQ7 4.0T,2022,"28,927 mi.",Gasoline,4.0L V8 32V GDI DOHC Twin Turbo,Automatic,Matador Red Metallic,Black,None reported,Yes,74900,4,True,200,True,Premium
Mercedes-Benz,AMG GLS 63 4MATIC,2022,"4,102 mi.",Hybrid,603.0HP 4.0L 8 Cylinder Engine Gasoline/Mild Electric Hybrid,9-Speed A/T,Black,Black,None reported,Yes,144664,4,True,315,True,Premium
Honda,Ridgeline RTL-E,2021,"14,442 mi.",Gasoline,280.0HP 3.5L V6 Cylinder Engine Gasoline Fuel,9-Speed A/T,White,Beige,None reported,Yes,38500,5,True,63,False,Mid-Range
Mercedes-Benz,CLK-Class 500 Cabriolet,2005,"64,000 mi.",Gasoline,302.0HP 5.0L 8 Cylinder Engine Gasoline Fuel,7-Speed A/T,Silver,Black,None reported,Yes,12995,21,False,315,True,Budget
Lexus,GX 470 Base,2004,"154,000 mi.",Gasoline,235.0HP 4.7L 8 Cylinder Engine Gasoline Fuel,A/T,White,Beige,At least 1 accident or damage reported,Yes,10000,22,False,163,True,Budget
Lexus,NX 200t Base,2015,"54,000 mi.",Gasoline,235.0HP 2.0L 4 Cylinder Engine Gasoline Fuel,6-Speed A/T,White,Black,None reported,Yes,27000,11,False,163,True,Mid-Range
Dodge,Dakota SLT Quad Cab,2007,"232,492 mi.",Gasoline,210.0HP 3.7L V6 Cylinder Engine Gasoline Fuel,4-Speed A/T,Silver,Gray,At least 1 accident or damage reported,Yes,6000,19,False,90,False,Budget
Maserati,Ghibli S Q4 GranSport,2020,"25,721 mi.",Gasoline,3.0L V6 24V GDI DOHC Twin Turbo,8-Speed Automatic,Blu,Nero,None reported,Yes,52645,6,True,34,False,Premium
Land,Rover Discovery Sport SE R-Dynamic,2020,"20,927 mi.",Gasoline,2.0 Liter,Automatic,Fuji White,–,None reported,Yes,35998,6,True,130,True,Mid-Range
Aston,Martin DBX Base,2021,"2,353 mi.",Gasoline,4.0L V8 32V GDI DOHC Twin Turbo,9-Speed Automatic,Green,Sahara Tan,None reported,Yes,159500,5,True,9,False,Premium
Audi,Q3 45 S line Premium,2022,"9,325 mi.",Gasoline,2.0L I4 16V GDI DOHC Turbo,8-Speed Automatic,Mythos Black Metallic,Black,None reported,Yes,33610,4,True,200,True,Mid-Range
Ford,Explorer XLT,2020,"61,001 mi.",Gasoline,2.3L I4 16V GDI DOHC Turbo,10-Speed Automatic,Gray,Ebony,At least 1 accident or damage reported,Yes,28616,6,False,386,False,Mid-Range
Mercedes-Benz,AMG GLC 63 Base 4MATIC,2018,"71,962 mi.",Gasoline,469.0HP 4.0L 8 Cylinder Engine Gasoline Fuel,9-Speed A/T,White,Black,None reported,Yes,46900,8,True,315,True,Premium
Subaru,BRZ Premium,2023,"5,800 mi.",Gasoline,228.0HP 2.4L 4 Cylinder Engine Gasoline Fuel,6-Speed M/T,Black,Black,None reported,Yes,29990,3,False,64,False,Mid-Range
BMW,640 i,2016,"40,080 mi.",Gasoline,315.0HP 3.0L Straight 6 Cylinder Engine Gasoline Fuel,8-Speed A/T,Black,Black,None reported,Yes,28499,10,False,375,True,Mid-Range
Kia,Stinger GT2,2020,"57,000 mi.",Gasoline,365.0HP 3.3L V6 Cylinder Engine Gasoline Fuel,A/T,Black,Red,At least 1 accident or damage reported,Yes,36500,6,True,76,False,Mid-Range
Chevrolet,Bolt EUV Premier,2022,"7,624 mi.",Gasoline,Electric,1-Speed Automatic,Mosaic Black Metallic,Jet Black,None reported,Yes,31985,4,True,292,False,Mid-Range
Subaru,Forester 2.5 XT,2004,"122,000 mi.",Gasoline,210.0HP 2.5L 4 Cylinder Engine Gasoline Fuel,5-Speed M/T,Gold,Black,At least 1 accident or damage reported,Yes,9999,22,False,64,False,Budget
Kia,Sportage X-Pro,2023,459 mi.,Gasoline,2.5L I4 16V PDI DOHC,8-Speed Automatic,Jungle Green,Black,None reported,Yes,36998,3,True,76,False,Mid-Range
BMW,M4 Base,2016,"62,500 mi.",Gasoline,425.0HP 3.0L Straight 6 Cylinder Engine Gasoline Fuel,7-Speed A/T,Black,Orange,At least 1 accident or damage reported,Yes,40500,10,True,375,True,Mid-Range
Hyundai,Equus Signature,2013,"72,000 mi.",Gasoline,429.0HP 5.0L 8 Cylinder Engine Gasoline Fuel,8-Speed A/T,Silver,Black,None reported,Yes,17500,13,False,72,False,Budget
Mercedes-Benz,AMG E 53 4MATIC,2020,"8,375 mi.",Gasoline,"AMG 3L I-6 gasoline direct injection, DOHC, variable valve contr","Automatic, 9-Spd 9G-Tronic",BLACK,BLACK,None reported,Yes,69900,6,True,315,True,Premium
BMW,M550 i xDrive,2020,"40,000 mi.",Gasoline,523.0HP 4.4L 8 Cylinder Engine Gasoline Fuel,Transmission w/Dual Shift Mode,Blue,Black,None reported,Yes,53000,6,True,375,True,Premium
Subaru,Impreza WRX STI,2014,"77,000 mi.",Gasoline,305.0HP 2.5L 4 Cylinder Engine Gasoline Fuel,6-Speed M/T,Gray,Black,At least 1 accident or damage reported,Yes,30000,12,False,64,False,Mid-Range
Mercedes-Benz,AMG G 63 Base,2019,"19,593 mi.",Gasoline,4.0 Liter Twin Turbo,Automatic,Black,Black,None reported,Yes,159998,7,True,315,True,Premium
Mazda,Mazda6 Grand Touring,2020,"35,902 mi.",Gasoline,2.5L I4 16V GDI DOHC Turbo,6-Speed Automatic,Deep Crystal Blue Mica,Black,None reported,Yes,22966,6,False,64,False,Mid-Range
Hyundai,Veloster Base,2013,800 mi.,Gasoline,132.0HP 1.6L 4 Cylinder Engine Gasoline Fuel,Transmission w/Dual Shift Mode,Black,Gray,None reported,Yes,9800,13,False,72,False,Budget
Bentley,Bentayga S,2023,"2,600 mi.",Gasoline,4.0L V8 32V GDI DOHC Twin Turbo,8-Speed Automatic,Beluga Black,Hotspur,None reported,Yes,239995,3,True,33,False,Premium
Land,Rover Defender X-Dynamic SE,2023,"6,204 mi.",Hybrid,3.0 Liter,Automatic,Eiger Grey,–,None reported,Yes,79998,3,True,130,True,Premium
Kia,Telluride SX,2020,"69,185 mi.",Gasoline,3.8L V6 24V GDI DOHC,8-Speed Automatic,Ebony Black,Gray,None reported,Yes,37405,6,True,76,False,Mid-Range
Maserati,GranTurismo Sport,2015,"45,000 mi.",Gasoline,454.0HP 4.7L 8 Cylinder Engine Gasoline Fuel,6-Speed A/T,Black,Black,None reported,Yes,41900,11,True,34,False,Mid-Range
BMW,540 i xDrive,2020,"37,426 mi.",Gasoline,2.0 Liter Turbo,Automatic,White,Black,None reported,Yes,39998,6,True,375,True,Mid-Range
INFINITI,M56 Base,2011,"137,000 mi.",Gasoline,420.0HP 5.6L 8 Cylinder Engine Gasoline Fuel,Transmission w/Dual Shift Mode,Gray,Brown,At least 1 accident or damage reported,Yes,8500,15,False,59,False,Budget
Mazda,Mazda3 s Grand Touring,2016,"85,000 mi.",–,–,A/T,Black,Black,At least 1 accident or damage reported,Yes,18500,10,False,64,False,Budget
Chevrolet,Corvette Stingray w/1LT,2023,"4,000 mi.",Gasoline,490.0HP 6.2L 8 Cylinder Engine Gasoline Fuel,8-Speed A/T,Black,Red,At least 1 accident or damage reported,Yes,73900,3,True,292,False,Premium
Audi,Q5 S line Premium Plus,2023,"4,648 mi.",Hybrid,2.0 Liter TFSI,Automatic,Mythos Black,Black,None reported,Yes,47598,3,True,200,True,Premium
Lexus,GX 460 Base,2018,"52,100 mi.",Gasoline,301.0HP 4.6L 8 Cylinder Engine Gasoline Fuel,6-Speed A/T,White,Beige,None reported,Yes,38000,8,True,163,True,Mid-Range
BMW,X1 sDrive28i,2014,"50,100 mi.",Gasoline,240.0HP 2.0L 4 Cylinder Engine Gasoline Fuel,A/T,Brown,Beige,None reported,Yes,10795,12,False,375,True,Budget
Alfa,Romeo Stelvio Ti,2020,"41,000 mi.",Gasoline,280.0HP 2.0L 4 Cylinder Engine Gasoline Fuel,8-Speed A/T,White,Black,None reported,Yes,32400,6,True,19,False,Mid-Range
RAM,1500 Big Horn,2021,"70,968 mi.",Gasoline,395.0HP 5.7L 8 Cylinder Engine Gasoline Fuel,8-Speed A/T,Black,Black,None reported,Yes,34000,5,True,91,False,Mid-Range
BMW,M4 Base,2015,"26,600 mi.",Gasoline,425.0HP 3.0L Straight 6 Cylinder Engine Gasoline Fuel,A/T,White,–,None reported,Yes,53000,11,True,375,True,Premium
Tesla,Model X Long Range,2022,"15,443 mi.",Gasoline,670.0HP Electric Motor Electric Fuel System,1-Speed A/T,Red,Black,None reported,Yes,84500,4,True,87,False,Premium
Volvo,S90 T5 Momentum,2018,"95,000 mi.",Gasoline,250.0HP 2.0L 4 Cylinder Engine Gasoline Fuel,8-Speed A/T,White,Beige,None reported,Yes,18000,8,False,38,False,Budget
Subaru,Impreza WRX Sti,2005,"94,000 mi.",Gasoline,300.0HP 2.5L 4 Cylinder Engine Gasoline Fuel,6-Speed M/T,Black,Blue,None reported,Yes,19500,21,False,64,False,Budget
BMW,X6 xDrive40i,2020,"45,076 mi.",Gasoline,3.0 Liter Turbo,Automatic,Blue,Black,None reported,Yes,57998,6,True,375,True,Premium
Cadillac,CTS 2.0L Turbo Luxury,2014,"110,000 mi.",Gasoline,272.0HP 2.0L 4 Cylinder Engine Gasoline Fuel,A/T,Gold,Beige,None reported,Yes,11000,12,False,107,False,Budget
Land,Rover Discovery Sport HSE,2016,"49,083 mi.",Gasoline,2.0L I4 16V GDI DOHC Turbo,9-Speed Automatic,Indus Silver,Ebony,None reported,Yes,21590,10,False,130,True,Mid-Range
Genesis,G90 5.0 Ultimate,2017,"63,500 mi.",Gasoline,420.0HP 5.0L 8 Cylinder Engine Gasoline Fuel,Transmission w/Dual Shift Mode,Silver,Black,None reported,Yes,27500,9,False,20,False,Mid-Range
Mercedes-Benz,CLK-Class CLK 350,2009,"21,500 mi.",Gasoline,268.0HP 3.5L V6 Cylinder Engine Gasoline Fuel,A/T,Black,Black,At least 1 accident or damage reported,Yes,18000,17,False,315,True,Budget
Land,Rover Range Rover Autobiography,2023,324 mi.,Gasoline,4.4 Liter,Automatic,Black,Blk,None reported,Yes,199998,3,True,130,True,Premium
Kia,Optima EX,2019,"68,166 mi.",Gasoline,"1.6L I-4 gasoline direct injection, DOHC, variable valve control",Automatic,Ebony Black,Black,None reported,Yes,20818,7,False,76,False,Budget
Toyota,Highlander SE,2018,"53,607 mi.",Gasoline,3.5L V6 24V PDI DOHC,8-Speed Automatic,Midnight Black Metallic,Black,At least 1 accident or damage reported,Yes,31853,8,True,199,False,Mid-Range
Mercedes-Benz,Sprinter 4500 High Roof,2019,"16,813 mi.",Diesel,188.0HP 3.0L V6 Cylinder Engine Diesel Fuel,Transmission w/Dual Shift Mode,Gray,Black,None reported,Yes,45900,7,True,315,True,Premium
BMW,X1 xDrive28i,2020,"18,200 mi.",Gasoline,228.0HP 2.0L 4 Cylinder Engine Gasoline Fuel,A/T,White,Beige,At least 1 accident or damage reported,Yes,29500,6,False,375,True,Mid-Range
Audi,R8 5.2,2015,"51,000 mi.",Gasoline,550.0HP 5.2L 10 Cylinder Engine Gasoline Fuel,Transmission w/Dual Shift Mode,White,Black,At least 1 accident or damage reported,Yes,102000,11,True,200,True,Premium
Audi,S3 2.0T Tech Premium Plus,2018,"16,400 mi.",Gasoline,292.0HP 2.0L 4 Cylinder Engine Gasoline Fuel,A/T,Blue,Red,None reported,Yes,42800,8,True,200,True,Premium
Toyota,Tundra Hybrid TRD Pro,2022,"7,000 mi.",Hybrid,437.0HP 3.4L V6 Cylinder Engine Gas/Electric Hybrid,10-Speed A/T,Orange,–,None reported,Yes,75500,4,True,199,False,Premium
Audi,SQ5 3.0T Premium Plus,2022,"8,497 mi.",Gasoline,3.0L V6 24V GDI DOHC Turbo,Automatic,Ibis White,Black,None reported,Yes,52900,4,True,200,True,Premium
Audi,A6 2.0T Premium Plus,2016,"68,000 mi.",Gasoline,252.0HP 2.0L 4 Cylinder Engine Gasoline Fuel,Transmission w/Dual Shift Mode,White,Black,At least 1 accident or damage reported,Yes,20000,10,False,200,True,Budget
Lamborghini,Huracan EVO Base,2022,"2,523 mi.",Gasoline,5.2L V10 40V GDI DOHC,7-Speed Manual,Bianco Icarus Metallic,Nero Ade,None reported,Yes,288900,4,True,26,False,Premium
BMW,328 xi,2007,"83,000 mi.",Gasoline,230.0HP 3.0L Straight 6 Cylinder Engine Gasoline Fuel,6-Speed A/T,Black,Brown,None reported,Yes,8995,19,False,375,True,Budget
Audi,SQ5 3.0T Prestige,2018,"25,000 mi.",Gasoline,354.0HP 3.0L V6 Cylinder Engine Gasoline Fuel,8-Speed A/T,Gray,Black,None reported,Yes,50000,8,True,200,True,Premium
Cadillac,Escalade Sport Platinum,2021,"15,689 mi.",Diesel,3.0L I6 24V DDI DOHC Turbo Diesel,10-Speed Automatic,Infrared Tintcoat,Jet Black,None reported,Yes,97952,5,True,107,False,Premium
BMW,M235 i,2014,"125,450 mi.",Gasoline,320.0HP 3.0L Straight 6 Cylinder Engine Gasoline Fuel,6-Speed M/T,Blue,Black,None reported,Yes,17200,12,False,375,True,Budget
Kia,Telluride SX,2023,"9,822 mi.",Gasoline,3.8L V6 24V GDI DOHC,8-Speed Automatic,Midnight Black,Gray,None reported,Yes,50998,3,True,76,False,Premium
Chevrolet,Express 3500 Base,2008,"144,000 mi.",Gasoline,323.0HP 6.0L 8 Cylinder Engine Gasoline Fuel,A/T,White,Gray,None reported,Yes,22000,18,False,292,False,Mid-Range
GMC,Acadia SLE,2020,"30,900 mi.",Gasoline,2.5L I4 16V GDI DOHC,9-Speed Automatic,Summit White,Jet Black,None reported,Yes,27654,6,False,91,False,Mid-Range
BMW,X3 xDrive30i,2021,"2,492 mi.",Gasoline,2.0 Liter Turbo,Automatic,Phytonic Blue Metallic,Canberra Beige/Black,None reported,Yes,41598,5,True,375,True,Mid-Range
Audi,TT 2.0T,2015,"126,760 mi.",Gasoline,211.0HP 2.0L 4 Cylinder Engine Gasoline Fuel,A/T,Black,Black,At least 1 accident or damage reported,Yes,14000,11,False,200,True,Budget
Subaru,Outback 3.6R Touring,2017,"100,680 mi.",Gasoline,256.0HP 3.6L Flat 6 Cylinder Engine Gasoline Fuel,A/T,Brown,–,None reported,Yes,20500,9,False,64,False,Budget
Mitsubishi,Eclipse Spyder GS,2001,"90,400 mi.",Gasoline,140.0HP 2.4L 4 Cylinder Engine Gasoline Fuel,A/T,Red,–,None reported,Yes,4495,25,False,20,False,Budget
Hyundai,Santa Fe SEL,2022,"26,895 mi.",Gasoline,2.5L I4 16V PDI DOHC,8-Speed Automatic,Quartz White,Black,None reported,Yes,29800,4,False,72,False,Mid-Range
BMW,M5 Base,2018,"20,500 mi.",Gasoline,600.0HP 4.4L 8 Cylinder Engine Gasoline Fuel,8-Speed A/T,Silver,Black,None reported,Yes,67000,8,True,375,True,Premium
Dodge,Ram 1500 ST,2011,"134,000 mi.",Gasoline,390.0HP 5.7L 8 Cylinder Engine Gasoline Fuel,A/T,Black,Gray,At least 1 accident or damage reported,Yes,10500,15,False,90,False,Budget
Ford,Fusion Energi Titanium,2015,"84,352 mi.",Plug-In Hybrid,188.0HP 2.0L 4 Cylinder Engine Plug-In Electric/Gas,CVT Transmission,Blue,Black,At least 1 accident or damage reported,Yes,10000,11,False,386,False,Budget
Toyota,Tundra Hybrid TRD Pro,2022,"19,000 mi.",Hybrid,437.0HP 3.4L V6 Cylinder Engine Gas/Electric Hybrid,10-Speed A/T,Orange,Black,None reported,Yes,71000,4,True,199,False,Premium
Land,Rover Range Rover Evoque Pure,2015,"115,550 mi.",Gasoline,240.0HP 2.0L 4 Cylinder Engine Gasoline Fuel,9-Speed A/T,White,Black,None reported,Yes,17500,11,False,130,True,Budget
Lincoln,Navigator Base,2009,"191,775 mi.",E85 Flex Fuel,310.0HP 5.4L 8 Cylinder Engine Flex Fuel Capability,6-Speed A/T,White,Beige,At least 1 accident or damage reported,Yes,9750,17,False,52,False,Budget
Ford,Mustang Mach-E Select,2023,923 mi.,Gasoline,Standard Range Battery,Automatic,Rapid Red Metallic Tinted Clearcoat,Black Onyx,None reported,Yes,46998,3,True,386,False,Premium
Mercedes-Benz,Sprinter 3500 High Roof,2017,"124,630 mi.",Diesel,188.0HP 3.0L V6 Cylinder Engine Diesel Fuel,5-Speed A/T,Black,Black,None reported,Yes,75000,9,True,315,True,Premium
Mercedes-Benz,AMG E 63 S 4MATIC,2019,"17,000 mi.",Gasoline,603.0HP 4.0L 8 Cylinder Engine Gasoline Fuel,9-Speed A/T,White,Brown,None reported,Yes,95000,7,True,315,True,Premium
BMW,440 i xDrive,2018,"73,500 mi.",Gasoline,320.0HP 3.0L Straight 6 Cylinder Engine Gasoline Fuel,A/T,Black,Blue,None reported,Yes,32000,8,True,375,True,Mid-Range
Acura,Integra LS,1998,"120,000 mi.",Gasoline,140.0HP 1.8L 4 Cylinder Engine Gasoline Fuel,4-Speed A/T,Red,–,At least 1 accident or damage reported,Yes,5500,28,False,64,False,Budget
Audi,Q7 55 Prestige,2019,"73,837 mi.",Gasoline,3.0L V6 24V GDI DOHC Supercharged,8-Speed Automatic,Cobra Beige Metallic,Nougat Brown,None reported,Yes,36340,7,True,200,True,Mid-Range
BMW,M6 Base,2014,"29,500 mi.",Gasoline,560.0HP 4.4L 8 Cylinder Engine Gasoline Fuel,Transmission w/Dual Shift Mode,Silver,Black,None reported,Yes,40999,12,True,375,True,Mid-Range
Volkswagen,Arteon 2.0T SE,2021,"13,613 mi.",Gasoline,2.0 Liter TSI,Automatic,Pure White,Titan Black,None reported,Yes,29798,5,False,59,False,Mid-Range
Lexus,LX 600 F SPORT,2023,"1,185 mi.",Gasoline,409.0HP 3.4L V6 Cylinder Engine Gasoline Fuel,10-Speed A/T,Black,Black,None reported,Yes,120990,3,True,163,True,Premium
INFINITI,Q40 Base,2015,"143,250 mi.",Gasoline,328.0HP 3.7L V6 Cylinder Engine Gasoline Fuel,Transmission w/Dual Shift Mode,Silver,Black,None reported,Yes,11500,11,False,59,False,Budget
BMW,Z4 3.0i Roadster,2006,"46,508 mi.",Gasoline,215.0HP 3.0L Straight 6 Cylinder Engine Gasoline Fuel,Transmission w/Dual Shift Mode,Green,Beige,At least 1 accident or damage reported,Yes,11500,20,False,375,True,Budget
BMW,M6 Base,2015,"18,651 mi.",Gasoline,560.0HP 4.4L 8 Cylinder Engine Gasoline Fuel,Transmission w/Dual Shift Mode,Red,Black,None reported,Yes,59549,11,True,375,True,Premium
BMW,X3 M40i,2019,"36,438 mi.",Gasoline,3.0 Liter Turbo,Automatic,Alpine White,Oyster W/Contrast,None reported,Yes,39998,7,True,375,True,Mid-Range
Kia,Sorento LX,2014,"46,628 mi.",Gasoline,2.4L I4 16V GDI DOHC,6-Speed Automatic,Snow White Pearl,Beige,None reported,Yes,15363,12,False,76,False,Budget
Rivian,R1S Adventure Package,2023,"5,700 mi.",Gasoline,835.0HP Electric Motor Electric Fuel System,1-Speed A/T,Gray,White,None reported,Yes,95000,3,True,17,False,Premium
BMW,Z4 sDrive28i,2015,"57,550 mi.",Gasoline,240.0HP 2.0L 4 Cylinder Engine Gasoline Fuel,6-Speed M/T,Black,White,None reported,Yes,29995,11,False,375,True,Mid-Range
Cadillac,CTS-V Base,2017,"48,600 mi.",Gasoline,640.0HP 6.2L 8 Cylinder Engine Gasoline Fuel,Transmission w/Dual Shift Mode,Black,Black,None reported,Yes,60999,9,True,107,False,Premium
Ford,Transit Connect XL,2020,"119,000 mi.",Gasoline,169.0HP 2.5L 4 Cylinder Engine Gasoline Fuel,A/T,White,Black,None reported,Yes,18000,6,False,386,False,Budget
Land,Rover Range Rover Velar SVAutobiography Dynamic Edition,2020,"36,500 mi.",Gasoline,550.0HP 5.0L 8 Cylinder Engine Gasoline Fuel,Transmission w/Dual Shift Mode,White,Red,None reported,Yes,72000,6,True,130,True,Premium
Lexus,IS 250 Base,2010,"121,250 mi.",Gasoline,204.0HP 2.5L V6 Cylinder Engine Gasoline Fuel,6-Speed A/T,Black,White,At least 1 accident or damage reported,Yes,13250,16,False,163,True,Budget
BMW,X7 xDrive40i,2023,"2,437 mi.",Hybrid,375.0HP 3.0L Straight 6 Cylinder Engine Gasoline/Mild Electric Hybrid,Transmission w/Dual Shift Mode,Gray,Black,None reported,Yes,78350,3,True,375,True,Premium
Volvo,XC90 T6 Momentum,2018,"110,380 mi.",Gasoline,316.0HP 2.0L 4 Cylinder Engine Gasoline Fuel,A/T,Gray,Beige,At least 1 accident or damage reported,Yes,22000,8,False,38,False,Mid-Range
Hyundai,Tucson Limited,2008,"149,000 mi.",Gasoline,173.0HP 2.7L V6 Cylinder Engine Gasoline Fuel,4-Speed A/T,Black,Gray,None reported,Yes,3850,18,False,72,False,Budget
Dodge,Durango GT,2021,"14,684 mi.",Gasoline,3.6L V6 24V MPFI DOHC,8-Speed Automatic,DB Black Clearcoat,Black,None reported,Yes,37995,5,True,90,False,Mid-Range
Mercedes-Benz,AMG C 43 Base 4MATIC,2017,"39,000 mi.",Gasoline,362.0HP 3.0L V6 Cylinder Engine Gasoline Fuel,9-Speed A/T,White,Black,At least 1 accident or damage reported,Yes,39000,9,True,315,True,Mid-Range
GMC,Yukon XL SLT,2019,"65,212 mi.",Gasoline,5.3L V8 16V GDI OHV,Automatic,Summit White,Jet Black,None reported,Yes,42995,7,True,91,False,Premium
Audi,RS Q8 4.0T,2020,"41,856 mi.",Gasoline,591.0HP 4.0L 8 Cylinder Engine Gasoline Fuel,Transmission w/Dual Shift Mode,Gray,Black,None reported,Yes,91500,6,True,200,True,Premium
Rivian,R1S Adventure Package,2023,655 mi.,Gasoline,835.0HP Electric Motor Electric Fuel System,1-Speed A/T,Red,Silver,None reported,Yes,94500,3,True,17,False,Premium
Toyota,RAV4 Hybrid XLE,2019,"54,000 mi.",Hybrid,219.0HP 2.5L 4 Cylinder Engine Gas/Electric Hybrid,CVT Transmission,Gray,Gray,None reported,Yes,33000,7,True,199,False,Mid-Range
Alfa,Romeo Stelvio Quadrifoglio,2019,"26,500 mi.",Gasoline,505.0HP 2.9L V6 Cylinder Engine Gasoline Fuel,8-Speed A/T,Gray,Black,None reported,Yes,53900,7,True,19,False,Premium
Land,Rover Range Rover Evoque SE,2020,"38,356 mi.",Gasoline,2.0 Liter,Automatic,Firenze Red Metallic,Ebony,None reported,Yes,36598,6,True,130,True,Mid-Range
Alfa,Romeo Stelvio Ti Sport,2020,"21,487 mi.",Gasoline,2.0L I4 16V GDI SOHC Turbo,8-Speed Automatic,Anodized Blue Metallic,Ice,None reported,Yes,35345,6,True,19,False,Mid-Range
Cadillac,Escalade EXT Base,2007,"99,000 mi.",Gasoline,403.0HP 6.2L 8 Cylinder Engine Gasoline Fuel,6-Speed A/T,Black,Black,None reported,Yes,22999,19,False,107,False,Mid-Range
Ford,F-250 Lariat,2019,"35,597 mi.",E85 Flex Fuel,6.2L V8 16V MPFI SOHC Flexible Fuel,6-Speed Automatic,Black,Black,None reported,Yes,47756,7,True,386,False,Premium
Nissan,350Z Enthusiast,2005,"130,307 mi.",Gasoline,287.0HP 3.5L V6 Cylinder Engine Gasoline Fuel,5-Speed A/T,Blue,Black,None reported,Yes,9950,21,False,116,False,Budget
Subaru,Legacy 2.5 i Premium,2010,"178,000 mi.",Gasoline,170.0HP 2.5L 4 Cylinder Engine Gasoline Fuel,A/T,Blue,Black,None reported,Yes,7600,16,False,64,False,Budget
Honda,Civic LX,2003,"160,265 mi.",Gasoline,115.0HP 1.7L 4 Cylinder Engine Gasoline Fuel,A/T,White,Gray,At least 1 accident or damage reported,Yes,3000,23,False,63,False,Budget
McLaren,570S Spider,2020,"8,700 mi.",Gasoline,562.0HP 3.8L 8 Cylinder Engine Gasoline Fuel,Transmission w/Dual Shift Mode,Black,Black,None reported,Yes,185000,6,True,6,False,Premium
Maserati,Ghibli S Q4,2016,"1,000 mi.",Gasoline,404.0HP 3.0L V6 Cylinder Engine Gasoline Fuel,Transmission w/Dual Shift Mode,Gray,Red,None reported,Yes,36000,10,True,34,False,Mid-Range
Jeep,Wagoneer Series II 4x4,2022,"29,800 mi.",Gasoline,"HEMI 5.7L V-8 variable valve control, regular unleaded, engine w","Automatic, 8-Spd",–,–,None reported,Yes,58900,4,True,143,False,Premium
Maserati,Ghibli S Q4,2017,"49,750 mi.",Gasoline,404.0HP 3.0L V6 Cylinder Engine Gasoline Fuel,Transmission w/Dual Shift Mode,White,Red,None reported,Yes,27995,9,False,34,False,Mid-Range
Lexus,RX 300 Base,2002,"121,000 mi.",Gasoline,220.0HP 3.0L V6 Cylinder Engine Gasoline Fuel,A/T,Silver,Black,None reported,Yes,6348,24,False,163,True,Budget
Lincoln,Aviator Luxury,2005,"140,000 mi.",Gasoline,302.0HP 4.6L 8 Cylinder Engine Gasoline Fuel,A/T,Black,Beige,None reported,Yes,2000,21,False,52,False,Budget
Ford,Transit Connect XL,2018,"66,770 mi.",E85 Flex Fuel,169.0HP 2.5L 4 Cylinder Engine Flex Fuel Capability,6-Speed A/T,Red,–,None reported,Yes,21500,8,False,386,False,Budget
Cadillac,SRX Luxury Collection,2016,"61,549 mi.",Gasoline,3.6 Liter SIDI DOHC,Automatic,Red,Ebony,At least 1 accident or damage reported,Yes,19998,10,False,107,False,Budget
Lincoln,MKS EcoBoost,2016,"38,100 mi.",Gasoline,365.0HP 3.5L V6 Cylinder Engine Gasoline Fuel,A/T,Silver,Beige,None reported,Yes,21000,10,False,52,False,Budget
Toyota,Yaris Base,2010,"138,071 mi.",Gasoline,106.0HP 1.5L 4 Cylinder Engine Gasoline Fuel,5-Speed M/T,Red,Gray,None reported,Yes,5000,16,False,199,False,Budget
Mercedes-Benz,AMG E 63 S 4MATIC,2019,"40,000 mi.",Gasoline,603.0HP 4.0L 8 Cylinder Engine Gasoline Fuel,Transmission w/Dual Shift Mode,Black,Black,At least 1 accident or damage reported,Yes,72000,7,True,315,True,Premium
Mercedes-Benz,GLS 450 Base,2022,"41,545 mi.",Hybrid,3.0 Liter DOHC Twin Turbo,Automatic,MANUFAKTUR Diamond White Bright,Macchiato Beige/Black,None reported,Yes,71998,4,True,315,True,Premium
Mercedes-Benz,G-Class G 550 4MATIC,2019,"47,850 mi.",Gasoline,416.0HP 4.0L 8 Cylinder Engine Gasoline Fuel,A/T,White,Black,At least 1 accident or damage reported,Yes,127899,7,True,315,True,Premium
Hyundai,Veloster Turbo R-Spec,2014,"128,000 mi.",Gasoline,201.0HP 1.6L 4 Cylinder Engine Gasoline Fuel,6-Speed M/T,Blue,Red,None reported,Yes,11000,12,False,72,False,Budget
Toyota,4Runner Limited,2019,"48,156 mi.",Gasoline,4.0L V6 24V MPFI DOHC,5-Speed Automatic,Midnight Black Metallic,Sand Beige,None reported,Yes,40368,7,True,199,False,Mid-Range
Mercedes-Benz,S-Class S 580 4MATIC,2021,"4,700 mi.",Hybrid,496.0HP 4.0L 8 Cylinder Engine Gasoline/Mild Electric Hybrid,9-Speed A/T,Black,Black,None reported,Yes,99900,5,True,315,True,Premium
Audi,RS 7 4.0T Performance Prestige,2017,"39,071 mi.",Gasoline,4.0L V8 32V GDI DOHC Twin Turbo,8-Speed Automatic,White,Black,None reported,Yes,67900,9,True,200,True,Premium
Mazda,MX-5 Miata Base,1999,"96,680 mi.",Gasoline,140.0HP 1.8L 4 Cylinder Engine Gasoline Fuel,5-Speed M/T,Green,Beige,At least 1 accident or damage reported,Yes,12900,27,False,64,False,Budget
Mercedes-Benz,AMG C 43 Base,2017,"53,500 mi.",Gasoline,362.0HP 3.0L V6 Cylinder Engine Gasoline Fuel,9-Speed A/T,White,Brown,At least 1 accident or damage reported,Yes,33999,9,True,315,True,Mid-Range
Chevrolet,Corvette Z06,2007,"11,025 mi.",Gasoline,505.0HP 7.0L 8 Cylinder Engine Gasoline Fuel,6-Speed M/T,Orange,Black,None reported,Yes,47500,19,True,292,False,Premium
Ford,F-250 King Ranch,2021,"44,000 mi.",Diesel,475.0HP 6.7L 8 Cylinder Engine Diesel Fuel,10-Speed A/T,White,Brown,At least 1 accident or damage reported,Yes,73000,5,True,386,False,Premium
Volkswagen,Tiguan 2.0T SE,2022,"11,000 mi.",Gasoline,184.0HP 2.0L 4 Cylinder Engine Gasoline Fuel,A/T,Blue,White,None reported,Yes,27900,4,False,59,False,Mid-Range
BMW,750 Li xDrive,2012,"103,000 mi.",Gasoline,407.0HP 4.4L 8 Cylinder Engine Gasoline Fuel,6-Speed A/T,Black,Black,None reported,Yes,16000,14,False,375,True,Budget
BMW,M3 CS,2024,456 mi.,Gasoline,543.0HP 3.0L Straight 6 Cylinder Engine Gasoline Fuel,Transmission w/Dual Shift Mode,Black,Black,None reported,Yes,128995,2,True,375,True,Premium
Lexus,GX 460 Base,2018,"64,000 mi.",Gasoline,301.0HP 4.6L 8 Cylinder Engine Gasoline Fuel,6-Speed A/T,Red,Brown,None reported,Yes,37300,8,True,163,True,Mid-Range
Audi,Q7 3.0T Premium,2017,"108,000 mi.",Gasoline,333.0HP 3.0L V6 Cylinder Engine Gasoline Fuel,8-Speed A/T,Gray,Brown,None reported,Yes,25999,9,False,200,True,Mid-Range
Alfa,Romeo Stelvio Ti Sport,2018,"37,045 mi.",Gasoline,280.0HP 2.0L 4 Cylinder Engine Gasoline Fuel,Transmission w/Dual Shift Mode,White,Red,At least 1 accident or damage reported,Yes,26600,8,False,19,False,Mid-Range
Land,Rover Defender X,2023,"5,433 mi.",Hybrid,3.0 Liter,Automatic,Santorin Black,Black,None reported,Yes,95998,3,True,130,True,Premium
BMW,750 i xDrive,2019,"28,744 mi.",Gasoline,4.4 Liter DOHC Twin Turbo,Automatic,Black,Black,None reported,Yes,50998,7,True,375,True,Premium
BMW,M3 Base,2015,"65,800 mi.",Gasoline,425.0HP 3.0L Straight 6 Cylinder Engine Gasoline Fuel,Transmission w/Dual Shift Mode,White,Red,None reported,Yes,44950,11,True,375,True,Premium
Rolls-Royce,Ghost Base,2021,850 mi.,Gasoline,563.0HP 6.7L 12 Cylinder Engine Gasoline Fuel,A/T,White,White,None reported,Yes,314900,5,True,11,False,Premium
Audi,e-tron Prestige,2019,"33,012 mi.",Gasoline,355.0HP Electric Motor Electric Fuel System,1-Speed A/T,Blue,Beige,None reported,Yes,38000,7,True,200,True,Mid-Range
Lexus,IS 250 Base,2011,"107,818 mi.",Gasoline,204.0HP 2.5L V6 Cylinder Engine Gasoline Fuel,6-Speed A/T,Gray,Beige,At least 1 accident or damage reported,Yes,11400,15,False,163,True,Budget
Land,Rover Range Rover Evoque SE Premium,2016,"79,500 mi.",Gasoline,240.0HP 2.0L 4 Cylinder Engine Gasoline Fuel,9-Speed A/T,White,Black,None reported,Yes,19000,10,False,130,True,Budget
Ferrari,California T,2015,"20,000 mi.",Gasoline,553.0HP 3.9L 8 Cylinder Engine Gasoline Fuel,7-Speed A/T,Red,Brown,At least 1 accident or damage reported,Yes,124990,11,True,12,False,Premium
Lexus,LC 500 Base,2018,"37,000 mi.",Gasoline,471.0HP 5.0L 8 Cylinder Engine Gasoline Fuel,10-Speed A/T,Black,Red,None reported,Yes,63997,8,True,163,True,Premium
Kia,EV6 Wind,2022,"11,945 mi.",Gasoline,111.2Ah / FR 70kW / RR 160kW (697V),Automatic,Glacier,Black,None reported,Yes,38998,4,True,76,False,Mid-Range
GMC,Sierra 1500 SLE Crew Cab,2005,"131,800 mi.",Gasoline,295.0HP 5.3L 8 Cylinder Engine Gasoline Fuel,4-Speed A/T,Silver,Gray,At least 1 accident or damage reported,Yes,5800,21,False,91,False,Budget
Lexus,ES 350 Base,2008,"146,000 mi.",Gasoline,272.0HP 3.5L V6 Cylinder Engine Gasoline Fuel,A/T,Red,Beige,None reported,Yes,8995,18,False,163,True,Budget
Nissan,370Z NISMO,2010,"29,000 mi.",Gasoline,350.0HP 3.7L V6 Cylinder Engine Gasoline Fuel,M/T,Silver,–,None reported,Yes,29000,16,False,116,False,Mid-Range
Dodge,Ram 1500 Laramie,2004,"141,209 mi.",Gasoline,345.0HP 5.7L 8 Cylinder Engine Gasoline Fuel,A/T,Black,Black,None reported,Yes,5700,22,False,90,False,Budget
Ford,Expedition Limited,2016,"85,253 mi.",Gasoline,365.0HP 3.5L V6 Cylinder Engine Gasoline Fuel,A/T,White,Beige,None reported,Yes,19995,10,False,386,False,Budget
INFINITI,QX70 Base,2015,"87,009 mi.",Gasoline,325.0HP 3.7L V6 Cylinder Engine Gasoline Fuel,A/T,Gray,Black,None reported,Yes,17800,11,False,59,False,Budget
BMW,X5 M Base,2023,"4,348 mi.",Gasoline,4.4L V8 32V GDI DOHC Twin Turbo,8-Speed Automatic,Alpine White,Black,None reported,Yes,105900,3,True,375,True,Premium
Lincoln,Navigator Select,2016,"158,000 mi.",Gasoline,380.0HP 3.5L V6 Cylinder Engine Gasoline Fuel,Transmission w/Dual Shift Mode,Red,Beige,None reported,Yes,19780,10,False,52,False,Budget
Volvo,V60 Cross Country T5,2020,"10,500 mi.",Gasoline,250.0HP 2.0L 4 Cylinder Engine Gasoline Fuel,8-Speed A/T,White,Black,None reported,Yes,36000,6,True,38,False,Mid-Range
Audi,A7 3.0T Premium Plus,2018,"45,843 mi.",Gasoline,340.0HP 3.0L V6 Cylinder Engine Gasoline Fuel,A/T,Silver,Black,None reported,Yes,37000,8,True,200,True,Mid-Range
Ford,Bronco Sport Outer Banks,2021,"15,198 mi.",Gasoline,1.5L I3 12V PDI DOHC Turbo,8-Speed Automatic,Blue,Navy Pier,None reported,Yes,31621,5,True,386,False,Mid-Range
Volkswagen,Eurovan MV,2001,"220,000 mi.",Gasoline,140.0HP 2.8L V6 Cylinder Engine Gasoline Fuel,A/T,Silver,–,None reported,Yes,5500,25,False,59,False,Budget
Jaguar,F-TYPE R,2017,"58,000 mi.",Gasoline,550.0HP 5.0L 8 Cylinder Engine Gasoline Fuel,A/T,Black,Black,None reported,Yes,51500,9,True,47,True,Premium
Land,Rover Range Rover Evoque R-Dynamic HSE,2020,"30,424 mi.",Hybrid,2.0 Liter,Automatic,Silver,Black,None reported,Yes,44998,6,True,130,True,Premium
RAM,1500 Laramie,2021,"38,012 mi.",Gasoline,5.7L V8 16V MPFI OHV,8-Speed Automatic,Delmonico Red Pearlcoat,Black,None reported,Yes,45277,5,True,91,False,Premium
Rivian,R1S Adventure Package,2023,"2,500 mi.",Gasoline,835.0HP Electric Motor Electric Fuel System,A/T,Gray,Gray,None reported,Yes,91000,3,True,17,False,Premium
BMW,M760 i xDrive,2021,"11,078 mi.",Gasoline,"6.6L V-12 gasoline direct injection, DOHC, variable valve contro","Automatic, 8-Spd Sport w/Sport & Manual Modes",BLACK,WHITE,None reported,Yes,91900,5,True,375,True,Premium
Lexus,LX 570 Three-Row,2018,"50,000 mi.",Gasoline,383.0HP 5.7L 8 Cylinder Engine Gasoline Fuel,A/T,White,Black,None reported,Yes,65000,8,True,163,True,Premium
Land,Rover Range Rover Velar P250 SE R-Dynamic,2019,"58,000 mi.",Gasoline,247.0HP 2.0L 4 Cylinder Engine Gasoline Fuel,A/T,White,Black,None reported,Yes,38000,7,True,130,True,Mid-Range
Acura,MDX w/Technology Package,2023,"3,415 mi.",Gasoline,3.5 Liter SOHC,F,White,Parchment.,None reported,Yes,54998,3,True,64,False,Premium
Lexus,LC 500 Base,2018,"61,000 mi.",Gasoline,471.0HP 5.0L 8 Cylinder Engine Gasoline Fuel,Transmission w/Dual Shift Mode,Black,Black,None reported,Yes,65000,8,True,163,True,Premium
Audi,SQ5 3.0T Prestige,2019,"48,500 mi.",Gasoline,349.0HP 3.0L V6 Cylinder Engine Gasoline Fuel,Transmission w/Dual Shift Mode,Gray,Black,At least 1 accident or damage reported,Yes,43500,7,True,200,True,Premium
Land,Rover Range Rover Velar P250 SE R-Dynamic,2018,"65,680 mi.",Gasoline,247.0HP 2.0L 4 Cylinder Engine Gasoline Fuel,A/T,Silver,Black,At least 1 accident or damage reported,Yes,34900,8,True,130,True,Mid-Range
RAM,1500 Limited,2020,"44,362 mi.",Gasoline,5.7L V8 16V MPFI OHV,8-Speed Automatic,Bright White Clearcoat,Black,None reported,Yes,50658,6,True,91,False,Premium
Audi,S4 3.0T Premium,2019,"18,603 mi.",Gasoline,3.0L V6 24V GDI DOHC Turbo,8-Speed Automatic,Brilliant Black,Black,None reported,Yes,42900,7,True,200,True,Premium
Audi,A8 4.0,2020,"35,999 mi.",Hybrid,4.0 Liter Turbo,Automatic,Mythos Black Metallic,Sarder Brown,None reported,Yes,59598,6,True,200,True,Premium
Cadillac,Escalade ESV Sport,2021,"8,044 mi.",Gasoline,420.0HP 6.2L 8 Cylinder Engine Gasoline Fuel,Transmission w/Dual Shift Mode,Black,Beige,None reported,Yes,93000,5,True,107,False,Premium
Mercedes-Benz,AMG GT AMG GT S,2016,"9,738 mi.",Gasoline,503.0HP 4.0L 8 Cylinder Engine Gasoline Fuel,7-Speed A/T,Red,Black,None reported,Yes,85500,10,True,315,True,Premium
BMW,M3 Base,2009,"112,000 mi.",Gasoline,420.0HP 4.0L 8 Cylinder Engine Gasoline Fuel,Transmission w/Dual Shift Mode,Gray,Black,At least 1 accident or damage reported,Yes,28000,17,False,375,True,Mid-Range
Honda,Accord EX-L,2009,"167,300 mi.",Gasoline,190.0HP 2.4L 4 Cylinder Engine Gasoline Fuel,5-Speed A/T,Silver,Black,None reported,Yes,6250,17,False,63,False,Budget
Rolls-Royce,Cullinan,2022,115 mi.,Gasoline,6.7L V12 48V GDI DOHC Twin Turbo,8-Speed Automatic,–,Grace White,None reported,Yes,449995,4,True,11,False,Premium
Cadillac,Escalade Premium,2015,"71,000 mi.",Gasoline,420.0HP 6.2L 8 Cylinder Engine Gasoline Fuel,6-Speed A/T,Black,Brown,At least 1 accident or damage reported,Yes,35999,11,True,107,False,Mid-Range
Acura,RDX Technology Package,2020,"31,015 mi.",Gasoline,2.0L I4 16V GDI DOHC Turbo,10-Speed Automatic,Silver,Ebony,None reported,Yes,36570,6,True,64,False,Mid-Range
BMW,X2 xDrive28i,2022,"33,000 mi.",Gasoline,228.0HP 2.0L 4 Cylinder Engine Gasoline Fuel,Transmission w/Dual Shift Mode,Orange,Black,None reported,Yes,29999,4,False,375,True,Mid-Range
Chrysler,Pacifica Touring,2017,"63,000 mi.",–,–,9-Speed A/T,White,Beige,None reported,Yes,20000,9,False,28,False,Budget
Buick,Verano Convenience,2013,"68,325 mi.",E85 Flex Fuel,180.0HP 2.4L 4 Cylinder Engine Flex Fuel Capability,Transmission w/Dual Shift Mode,Silver,Gray,None reported,Yes,11995,13,False,30,False,Budget
Mercedes-Benz,AMG S 63 Base 4MATIC,2020,"20,937 mi.",Gasoline,4.0L V8 32V GDI DOHC Twin Turbo,9-Speed Automatic,Magnetite Black Metallic,Black,None reported,Yes,104900,6,True,315,True,Premium
RAM,2500 Tradesman,2021,"34,365 mi.",Gasoline,410.0HP 6.4L 8 Cylinder Engine Gasoline Fuel,8-Speed A/T,Gray,Gray,At least 1 accident or damage reported,Yes,48000,5,True,91,False,Premium
Mercedes-Benz,Metris Base,2018,"32,000 mi.",Gasoline,208.0HP 2.0L 4 Cylinder Engine Gasoline Fuel,Transmission w/Dual Shift Mode,Black,Black,None reported,Yes,44900,8,True,315,True,Premium
Land,Rover Range Rover Evoque S,2020,"40,237 mi.",Gasoline,2.0 Liter,Automatic,Carpathian Grey Premium Metallic,Cloud,None reported,Yes,36998,6,True,130,True,Mid-Range
Volvo,XC90 T6 Inscription,2020,"22,500 mi.",Gasoline,316.0HP 2.0L 4 Cylinder Engine Gasoline Fuel,A/T,Black,White,None reported,Yes,50000,6,True,38,False,Premium
Ford,Expedition King Ranch,2020,"58,700 mi.",Gasoline,375.0HP 3.5L V6 Cylinder Engine Gasoline Fuel,10-Speed A/T,Black,Brown,At least 1 accident or damage reported,Yes,48999,6,True,386,False,Premium
Toyota,Highlander Hybrid Limited,2006,"264,893 mi.",Hybrid,208.0HP 3.3L V6 Cylinder Engine Gas/Electric Hybrid,A/T,Gold,Beige,At least 1 accident or damage reported,Yes,5000,20,False,199,False,Budget
Toyota,Tundra SR5 Access Cab,2005,"209,500 mi.",Gasoline,282.0HP 4.7L 8 Cylinder Engine Gasoline Fuel,5-Speed A/T,Blue,Gray,None reported,Yes,8500,21,False,199,False,Budget
Ford,Transit-350 Base,2023,195 mi.,Gasoline,310.0HP 3.5L V6 Cylinder Engine Gasoline Fuel,10-Speed A/T,Blue,Gray,None reported,Yes,87500,3,True,386,False,Premium
Chevrolet,Express 3500 LT,2016,"120,000 mi.",Diesel,260.0HP 6.6L 8 Cylinder Engine Diesel Fuel,6-Speed A/T,White,Gray,None reported,Yes,19500,10,False,292,False,Budget
Chevrolet,Bolt EUV Premier,2022,"14,676 mi.",Gasoline,200.0HP Electric Motor Electric Fuel System,A/T,Black,Blue,None reported,Yes,33000,4,True,292,False,Mid-Range
Jeep,Wrangler Unlimited 4xe Sahara,2021,"33,704 mi.",Hybrid,2.0L I4 16V GDI DOHC Turbo Hybrid,8-Speed Automatic,Bright White Clearcoat,Black,None reported,Yes,42998,5,True,143,False,Premium
BMW,X7 xDrive40i,2023,"2,950 mi.",Hybrid,375.0HP 3.0L Straight 6 Cylinder Engine Gasoline/Mild Electric Hybrid,8-Speed A/T,Black,Brown,None reported,Yes,87000,3,True,375,True,Premium
Mercedes-Benz,AMG GT 53 Base,2021,"17,994 mi.",Gasoline,3.0L I6 24V GDI DOHC Turbo,9-Speed Automatic,–,–,None reported,Yes,87500,5,True,315,True,Premium
Toyota,Tundra Limited,2020,"44,101 mi.",Gasoline,5.7L V8 32V MPFI DOHC,6-Speed Automatic,Gray,Black,None reported,Yes,45423,6,True,199,False,Premium
BMW,X1 xDrive28i,2021,"25,918 mi.",Gasoline,228.0HP 2.0L 4 Cylinder Engine Gasoline Fuel,Transmission w/Dual Shift Mode,Gray,Black,None reported,Yes,32000,5,True,375,True,Mid-Range
BMW,135 i,2008,"87,000 mi.",Gasoline,300.0HP 3.0L Straight 6 Cylinder Engine Gasoline Fuel,A/T,White,Beige,None reported,Yes,15300,18,False,375,True,Budget
Mazda,Mazda3 Touring,2018,"28,333 mi.",Gasoline,184.0HP 2.5L 4 Cylinder Engine Gasoline Fuel,Transmission w/Dual Shift Mode,Blue,Black,None reported,Yes,20500,8,False,64,False,Budget
Audi,A7 3.0T Premium Plus,2018,"29,294 mi.",Gasoline,340.0HP 3.0L V6 Cylinder Engine Gasoline Fuel,A/T,White,Beige,None reported,Yes,39999,8,True,200,True,Mid-Range
Saturn,Sky Red Line,2008,"37,000 mi.",Gasoline,260.0HP 2.0L 4 Cylinder Engine Gasoline Fuel,A/T,Blue,Black,None reported,Yes,14995,18,False,5,False,Budget
BMW,Z4 2.5i Roadster,2005,"138,000 mi.",Gasoline,184.0HP 2.5L Straight 6 Cylinder Engine Gasoline Fuel,5-Speed A/T,White,Beige,None reported,Yes,9950,21,False,375,True,Budget
Volvo,XC90 Hybrid T8 Inscription,2020,"44,487 mi.",Plug-In Hybrid,400.0HP 2.0L 4 Cylinder Engine Plug-In Electric/Gas,8-Speed A/T,Blue,Brown,None reported,Yes,65000,6,True,38,False,Premium
Acura,TLX A-Spec,2021,"16,878 mi.",Gasoline,2.0L I4 16V GDI DOHC Turbo,10-Speed Automatic,Red,Ebony,None reported,Yes,38781,5,True,64,False,Mid-Range
Acura,MDX w/Technology Package,2022,"30,177 mi.",Gasoline,3.5L 24V SOHC I-VTEC V6,2,Majestic Black Pearl,Espresso,None reported,Yes,46598,4,True,64,False,Premium
Chevrolet,Tahoe High Country,2021,"53,000 mi.",Gasoline,420.0HP 6.2L 8 Cylinder Engine Gasoline Fuel,10-Speed A/T,Black,Black,At least 1 accident or damage reported,Yes,67100,5,True,292,False,Premium
Tesla,Model Y Long Range,2021,"61,308 mi.",Gasoline,425.0HP Electric Motor Electric Fuel System,A/T,White,White,None reported,Yes,42000,5,True,87,False,Mid-Range
Mercedes-Benz,GLK-Class GLK 350,2013,"99,200 mi.",Gasoline,302.0HP 3.5L V6 Cylinder Engine Gasoline Fuel,A/T,Silver,Black,None reported,Yes,11495,13,False,315,True,Budget
Chevrolet,Traverse LS,2022,"32,117 mi.",Gasoline,3.6L V6 24V GDI DOHC,Automatic,Northsky Blue Metallic,Jet Black,None reported,Yes,33299,4,True,292,False,Mid-Range
BMW,550 Gran Turismo i,2013,"79,341 mi.",Gasoline,445.0HP 4.4L 8 Cylinder Engine Gasoline Fuel,A/T,Gold,Brown,None reported,Yes,16800,13,False,375,True,Budget
Land,Rover Range Rover Sport HSE,2007,"220,000 mi.",Gasoline,300.0HP 4.4L 8 Cylinder Engine Gasoline Fuel,A/T,White,Beige,None reported,Yes,5750,19,False,130,True,Budget
BMW,430 i xDrive,2021,"16,900 mi.",Gasoline,255.0HP 2.0L 4 Cylinder Engine Gasoline Fuel,8-Speed A/T,Blue,White,None reported,Yes,43000,5,True,375,True,Premium
Porsche,Cayman Base,2007,"75,137 mi.",Gasoline,245.0HP 2.7L Flat 6 Cylinder Engine Gasoline Fuel,M/T,Black,Gray,At least 1 accident or damage reported,Yes,24999,19,False,201,True,Mid-Range
Ford,Expedition Max King Ranch,2021,"37,594 mi.",Gasoline,3.5L V6 24V PDI DOHC Twin Turbo,10-Speed Automatic,Black,Mesa,None reported,Yes,62595,5,True,386,False,Premium
Rivian,R1S Adventure Package,2023,250 mi.,Gasoline,835.0HP Electric Motor Electric Fuel System,A/T,Red,Black,None reported,Yes,94000,3,True,17,False,Premium
Mercedes-Benz,GLC 300 GLC 300,2021,"12,771 mi.",Gasoline,2.0 Liter Turbo,Automatic,Black,–,None reported,Yes,42598,5,True,315,True,Mid-Range
Ford,Mustang Shelby GT500,2012,"6,400 mi.",Gasoline,550.0HP 5.4L 8 Cylinder Engine Gasoline Fuel,6-Speed M/T,Silver,Black,None reported,Yes,48000,14,True,386,False,Premium
Tesla,Model Y Long Range,2021,"69,548 mi.",Gasoline,425.0HP Electric Motor Electric Fuel System,1-Speed A/T,Black,Black,At least 1 accident or damage reported,Yes,36300,5,True,87,False,Mid-Range
Nissan,370Z Base,2009,"79,893 mi.",Gasoline,332.0HP 3.7L V6 Cylinder Engine Gasoline Fuel,7-Speed A/T,Silver,Black,None reported,Yes,15900,17,False,116,False,Budget
Toyota,Sequoia Platinum,2014,"124,838 mi.",Gasoline,381.0HP 5.7L 8 Cylinder Engine Gasoline Fuel,A/T,Black,Gray,None reported,Yes,33000,12,True,199,False,Mid-Range
Nissan,NV Passenger NV3500 HD SL V8,2020,"14,353 mi.",Gasoline,375.0HP 5.6L 8 Cylinder Engine Gasoline Fuel,A/T,Black,Gray,None reported,Yes,63900,6,True,116,False,Premium
Ford,Transit Connect XL w/Rear Symmetrical Doors,2022,"22,985 mi.",Gasoline,169.0HP 2.5L 4 Cylinder Engine Gasoline Fuel,A/T,White,Gray,None reported,Yes,33500,4,True,386,False,Mid-Range
INFINITI,QX80 Base,2014,"161,894 mi.",Gasoline,400.0HP 5.6L 8 Cylinder Engine Gasoline Fuel,7-Speed A/T,White,Beige,None reported,Yes,18900,12,False,59,False,Budget
Aston,Martin V8 Vantage Base,2008,"25,025 mi.",Gasoline,380.0HP 4.3L 8 Cylinder Engine Gasoline Fuel,6-Speed A/T,White,Black,At least 1 accident or damage reported,Yes,39000,18,True,9,False,Mid-Range
Porsche,911 Carrera S,2017,"16,701 mi.",Gasoline,3.0 Liter,–,Red,–,None reported,Yes,107998,9,True,201,True,Premium
Lotus,Evora 400 Base,2017,"19,650 mi.",Gasoline,400.0HP 3.5L V6 Cylinder Engine Gasoline Fuel,6-Speed M/T,Silver,Red,None reported,Yes,69250,9,True,4,False,Premium
Land,Rover Range Rover Velar P250 S R-Dynamic,2020,"29,500 mi.",Gasoline,247.0HP 2.0L 4 Cylinder Engine Gasoline Fuel,A/T,Red,White,None reported,Yes,45000,6,True,130,True,Premium
Nissan,Xterra S,2007,"132,272 mi.",Gasoline,261.0HP 4.0L V6 Cylinder Engine Gasoline Fuel,M/T,Gray,Gray,At least 1 accident or damage reported,Yes,6700,19,False,116,False,Budget
Dodge,Charger R/T,2012,"122,000 mi.",Gasoline,370.0HP 5.7L 8 Cylinder Engine Gasoline Fuel,5-Speed A/T,White,Black,At least 1 accident or damage reported,Yes,13500,14,False,90,False,Budget
Buick,Encore GX Essence,2022,"18,185 mi.",Gasoline,1.3L I3 12V GDI DOHC Turbo,Automatic CVT,Summit White,Whisper Beige,None reported,Yes,31755,4,True,30,False,Mid-Range
Nissan,Leaf S,2018,"56,450 mi.",Gasoline,147.0HP Electric Motor Electric Fuel System,A/T,Black,Black,At least 1 accident or damage reported,Yes,13999,8,False,116,False,Budget
Nissan,Leaf SL,2012,"102,000 mi.",Gasoline,107.0HP Electric Motor Electric Fuel System,1-Speed A/T,Silver,Gray,None reported,Yes,4200,14,False,116,False,Budget
Jeep,Grand Wagoneer Series III,2022,"18,428 mi.",Gasoline,6.4 Liter,Automatic,Baltic Gray,Black,None reported,Yes,83998,4,True,143,False,Premium
Nissan,Z Proto Spec,2023,535 mi.,Gasoline,400.0HP 3.0L V6 Cylinder Engine Gasoline Fuel,6-Speed M/T,Yellow,Black,None reported,Yes,65990,3,True,116,False,Premium
Land,Rover Range Rover Sport HSE,2013,"81,648 mi.",Gasoline,"5L V-8 gasoline direct injection, DOHC, variable valve control,","Auto, 6-Spd w/CmdShft",Fuji White,–,None reported,Yes,15900,13,False,130,True,Budget
Porsche,Boxster S,2003,"138,202 mi.",Gasoline,3.2L H6 24V MPFI DOHC,6-Speed Manual,Silver,Black,At least 1 accident or damage reported,Yes,22550,23,False,201,True,Mid-Range
Bentley,Continental GT Base,2004,"69,600 mi.",Gasoline,550.0HP 6.0L 12 Cylinder Engine Gasoline Fuel,A/T,Silver,Black,None reported,Yes,37900,22,True,33,False,Mid-Range
Jaguar,F-TYPE R,2018,"39,900 mi.",Gasoline,550.0HP 5.0L 8 Cylinder Engine Gasoline Fuel,8-Speed A/T,White,Black,None reported,Yes,53600,8,True,47,True,Premium
Cadillac,Escalade ESV Sport,2021,"36,500 mi.",Gasoline,420.0HP 6.2L 8 Cylinder Engine Gasoline Fuel,Transmission w/Dual Shift Mode,White,Black,None reported,Yes,85000,5,True,107,False,Premium
Audi,TT 2.0T,2018,"42,650 mi.",Gasoline,220.0HP 2.0L 4 Cylinder Engine Gasoline Fuel,Transmission w/Dual Shift Mode,Gray,Black,None reported,Yes,31990,8,True,200,True,Mid-Range
Jeep,Wrangler Unlimited Sahara,2020,"68,816 mi.",Gasoline,2.0L I4 16V GDI DOHC Turbo,8-Speed Automatic,Black Clearcoat,Black,None reported,Yes,35297,6,True,143,False,Mid-Range
Audi,S6 4.0T,2016,"91,188 mi.",Gasoline,450.0HP 4.0L 8 Cylinder Engine Gasoline Fuel,7-Speed A/T,Black,Black,None reported,Yes,29995,10,False,200,True,Mid-Range
GMC,Sierra 2500 SLE,2015,"116,210 mi.",E85 Flex Fuel,360.0HP 6.0L 8 Cylinder Engine Flex Fuel Capability,Transmission Overdrive Switch,Black,Beige,None reported,Yes,31900,11,True,91,False,Mid-Range
Tesla,Model 3 Long Range,2022,"3,077 mi.",Gasoline,Dual Motor - Standard,Automatic,Silver,Black,None reported,Yes,44998,4,True,87,False,Premium
Mazda,CX-90 Premium,2024,"3,880 mi.",Gasoline,2.5L,8-Speed Automatic,Machine Gray Metallic,Black,None reported,Yes,52991,2,True,64,False,Premium
Ford,C-Max Energi SE,2017,"67,482 mi.",Plug-In Hybrid,188.0HP 2.0L 4 Cylinder Engine Plug-In Electric/Gas,CVT Transmission,Gray,Black,At least 1 accident or damage reported,Yes,11499,9,False,386,False,Budget
Cadillac,Escalade ESV Platinum,2018,"67,726 mi.",Gasoline,420.0HP 6.2L 8 Cylinder Engine Gasoline Fuel,10-Speed A/T,Black,Black,None reported,Yes,52000,8,True,107,False,Premium
Audi,TT 3.2 Cabriolet quattro,2008,"207,000 mi.",Gasoline,250.0HP 3.2L V6 Cylinder Engine Gasoline Fuel,6-Speed M/T,Black,Black,At least 1 accident or damage reported,Yes,10500,18,False,200,True,Budget
Hyundai,Santa Fe SE,2021,"35,550 mi.",Gasoline,2.5L I4 16V PDI DOHC,8-Speed Automatic,Twilight Black,Black,At least 1 accident or damage reported,Yes,25987,5,False,72,False,Mid-Range
Mercedes-Benz,AMG GLE AMG GLE 63 S-Model 4MATIC,2016,"44,000 mi.",Gasoline,577.0HP 5.5L 8 Cylinder Engine Gasoline Fuel,7-Speed A/T,Black,Black,None reported,Yes,46599,10,True,315,True,Premium
Mercedes-Benz,SL-Class SL 550,2015,"11,249 mi.",Gasoline,429.0HP 4.7L 8 Cylinder Engine Gasoline Fuel,7-Speed A/T,White,Beige,None reported,Yes,54500,11,True,315,True,Premium
Acura,MDX 3.5L Technology Package,2014,"111,650 mi.",Gasoline,290.0HP 3.5L V6 Cylinder Engine Gasoline Fuel,6-Speed A/T,Green,Beige,At least 1 accident or damage reported,Yes,17500,12,False,64,False,Budget
RAM,2500 Laramie,2019,"18,526 mi.",Diesel,6.7L I6 24V DDI OHV Turbo Diesel,6-Speed Automatic,Pearl White,Black,None reported,Yes,67999,7,True,91,False,Premium
Audi,A7 Premium,2012,"103,272 mi.",Gasoline,310.0HP 3.0L V6 Cylinder Engine Gasoline Fuel,8-Speed A/T,Black,Brown,None reported,Yes,15500,14,False,200,True,Budget
BMW,M2 Base,2023,"1,160 mi.",Gasoline,453.0HP 3.0L Straight 6 Cylinder Engine Gasoline Fuel,6-Speed M/T,Gray,Black,None reported,Yes,73600,3,True,375,True,Premium
RAM,1500 Laramie,2019,"107,714 mi.",Gasoline,5.7L V8 16V MPFI OHV,8-Speed Automatic,Diamond Black,Black,None reported,Yes,34918,7,True,91,False,Mid-Range
Audi,Q5 2.0T Premium Plus,2013,"111,773 mi.",Gasoline,211.0HP 2.0L 4 Cylinder Engine Gasoline Fuel,8-Speed A/T,Brown,Beige,None reported,Yes,17000,13,False,200,True,Budget
Cadillac,XTS Luxury,2019,"54,002 mi.",Gasoline,304.0HP 3.6L V6 Cylinder Engine Gasoline Fuel,A/T,Black,Beige,At least 1 accident or damage reported,Yes,22500,7,False,107,False,Mid-Range
Volkswagen,Jetta 1.4T SE,2016,"87,000 mi.",Gasoline,150.0HP 1.4L 4 Cylinder Engine Gasoline Fuel,Transmission w/Dual Shift Mode,Gray,Gray,At least 1 accident or damage reported,Yes,13000,10,False,59,False,Budget
Ford,Focus RS Base,2016,"49,700 mi.",Gasoline,350.0HP 2.3L 4 Cylinder Engine Gasoline Fuel,6-Speed M/T,Blue,Black,None reported,Yes,31700,10,True,386,False,Mid-Range
Mercedes-Benz,AMG C 63 S,2017,"34,500 mi.",Gasoline,503.0HP 4.0L 8 Cylinder Engine Gasoline Fuel,7-Speed A/T,Gray,Black,None reported,Yes,64600,9,True,315,True,Premium
Ford,Bronco Sport Big Bend,2021,"31,729 mi.",Gasoline,1.5L I3 12V PDI DOHC Turbo,8-Speed Automatic,Maroon,Medium Dark Slate,At least 1 accident or damage reported,Yes,29614,5,False,386,False,Mid-Range
Jeep,Gladiator Overland,2021,"7,388 mi.",Gasoline,3.6L V6 24V MPFI DOHC,8-Speed Automatic,Firecracker Red Clearcoat,Black,None reported,Yes,43663,5,True,143,False,Premium
BMW,330e iPerformance,2017,"41,550 mi.",Plug-In Hybrid,247.0HP 2.0L 4 Cylinder Engine Plug-In Electric/Gas,Transmission w/Dual Shift Mode,Silver,Black,None reported,Yes,20995,9,False,375,True,Budget
Mercedes-Benz,GLC 300 Base 4MATIC,2018,"44,486 mi.",Gasoline,2.0L I4 16V GDI DOHC Turbo,9-Speed Automatic,Gray,Black,None reported,Yes,25625,8,False,315,True,Mid-Range
Acura,MDX 3.7L Advance,2013,"20,750 mi.",Gasoline,300.0HP 3.7L V6 Cylinder Engine Gasoline Fuel,6-Speed A/T,Black,Black,None reported,Yes,33000,13,True,64,False,Mid-Range
Genesis,G70 3.3T,2022,"12,000 mi.",Gasoline,365.0HP 3.3L V6 Cylinder Engine Gasoline Fuel,8-Speed A/T,Green,Beige,None reported,Yes,41000,4,True,20,False,Mid-Range
Lexus,LX 570 Three-Row,2021,"14,206 mi.",Gasoline,383.0HP 5.7L 8 Cylinder Engine Gasoline Fuel,A/T,Black,Black,None reported,Yes,98000,5,True,163,True,Premium
Jeep,Grand Cherokee L Limited,2022,"31,700 mi.",Gasoline,293.0HP 3.6L V6 Cylinder Engine Gasoline Fuel,A/T,Gray,Black,None reported,Yes,43500,4,True,143,False,Premium
Hyundai,IONIQ Plug-In Hybrid SEL,2022,"13,044 mi.",Plug-In Hybrid,139.0HP 1.6L 4 Cylinder Engine Plug-In Electric/Gas,A/T,Blue,Gray,At least 1 accident or damage reported,Yes,24999,4,False,72,False,Mid-Range
Kia,Sportage LX,2009,"100,730 mi.",Gasoline,173.0HP 2.7L V6 Cylinder Engine Gasoline Fuel,A/T,Gold,Gold,None reported,Yes,6975,17,False,76,False,Budget
BMW,X5 PHEV xDrive45e,2023,"5,338 mi.",Plug-In Hybrid,389.0HP 3.0L Straight 6 Cylinder Engine Plug-In Electric/Gas,8-Speed A/T,Blue,White,None reported,Yes,76500,3,True,375,True,Premium
Ford,Expedition EL XLT,2014,"85,149 mi.",Gasoline,5.4 Liter,Automatic,Oxford White,Camel Leather,None reported,Yes,23598,12,False,386,False,Mid-Range
BMW,X6 M Base,2018,"48,291 mi.",Gasoline,567.0HP 4.4L 8 Cylinder Engine Gasoline Fuel,Transmission w/Dual Shift Mode,Gray,Brown,None reported,Yes,67250,8,True,375,True,Premium
Volkswagen,Eurovan MV,2001,"111,887 mi.",Gasoline,140.0HP 2.8L V6 Cylinder Engine Gasoline Fuel,A/T,Blue,Gray,None reported,Yes,14000,25,False,59,False,Budget
Rolls-Royce,Ghost Base,2010,"79,000 mi.",Gasoline,563.0HP 6.6L 12 Cylinder Engine Gasoline Fuel,8-Speed A/T,Silver,Black,None reported,Yes,69000,16,True,11,False,Premium
Lincoln,Navigator Reserve,2016,"125,000 mi.",Gasoline,380.0HP 3.5L V6 Cylinder Engine Gasoline Fuel,Transmission w/Dual Shift Mode,Gray,Beige,None reported,Yes,26500,10,False,52,False,Mid-Range
Mercedes-Benz,GLA 250 Base 4MATIC,2022,"13,777 mi.",Gasoline,221.0HP 2.0L 4 Cylinder Engine Gasoline Fuel,8-Speed A/T,Black,Black,At least 1 accident or damage reported,Yes,39777,4,True,315,True,Mid-Range
RAM,1500 Big Horn,2022,"14,920 mi.",Gasoline,3.6L V6 24V MPFI DOHC,Automatic,Diamond Black,Black,None reported,Yes,41741,4,True,91,False,Mid-Range
Jeep,Grand Cherokee L Summit,2022,"14,627 mi.",Gasoline,3.6L V6 24V MPFI DOHC,Automatic,Diamond Black,Tupelo,None reported,Yes,56740,4,True,143,False,Premium
Volvo,S80 3.2,2010,"90,050 mi.",Gasoline,235.0HP 3.2L Straight 6 Cylinder Engine Gasoline Fuel,A/T,Brown,Beige,None reported,Yes,5800,16,False,38,False,Budget
Subaru,BRZ Premium,2014,"45,000 mi.",Gasoline,200.0HP 2.0L 4 Cylinder Engine Gasoline Fuel,6-Speed M/T,Blue,Black,At least 1 accident or damage reported,Yes,25000,12,False,64,False,Mid-Range
Chevrolet,Corvette Base,1998,"7,666 mi.",Gasoline,340.0HP 5.7L 8 Cylinder Engine Gasoline Fuel,4-Speed A/T,Red,Black,None reported,Yes,39500,28,True,292,False,Mid-Range
Hummer,H2 SUT,2006,"89,900 mi.",Gasoline,325.0HP 6.0L 8 Cylinder Engine Gasoline Fuel,4-Speed A/T,Red,Beige,None reported,Yes,29994,20,False,16,False,Mid-Range
Audi,RS 7 4.0T,2021,"14,724 mi.",Hybrid,4.0 Liter TFSI,Automatic,Glacier White,Black/Red,None reported,Yes,101998,5,True,200,True,Premium
Ford,Edge Sport,2011,"132,000 mi.",Gasoline,305.0HP 3.7L V6 Cylinder Engine Gasoline Fuel,Transmission w/Dual Shift Mode,Black,Black,At least 1 accident or damage reported,Yes,10999,15,False,386,False,Budget
GMC,Terrain SLT,2010,"32,652 mi.",Gasoline,182.0HP 2.4L 4 Cylinder Engine Gasoline Fuel,6-Speed A/T,Red,Brown,None reported,Yes,6500,16,False,91,False,Budget
Land,Rover Range Rover 5.0L Supercharged Autobiography LWB,2018,"36,632 mi.",Gasoline,518.0HP 5.0L 8 Cylinder Engine Gasoline Fuel,8-Speed A/T,Blue,Blue,None reported,Yes,72567,8,True,130,True,Premium
Jeep,Grand Cherokee WK Laredo X,2022,"11,164 mi.",Gasoline,293.0HP 3.6L V6 Cylinder Engine Gasoline Fuel,8-Speed A/T,Black,Black,None reported,Yes,37500,4,True,143,False,Mid-Range
BMW,M4 Base,2020,"22,655 mi.",Gasoline,425.0HP 3.0L Straight 6 Cylinder Engine Gasoline Fuel,7-Speed A/T,Silver,Black,None reported,Yes,63999,6,True,375,True,Premium
Mercedes-Benz,AMG GT 63 S 4-Door,2019,"9,500 mi.",Gasoline,630.0HP 4.0L 8 Cylinder Engine Gasoline Fuel,Transmission w/Dual Shift Mode,Gray,Gray,None reported,Yes,135000,7,True,315,True,Premium
Chevrolet,Camaro 1LT,2021,"10,300 mi.",Gasoline,335.0HP 3.6L V6 Cylinder Engine Gasoline Fuel,M/T,Black,Black,None reported,Yes,29900,5,False,292,False,Mid-Range
BMW,X6 M Base,2018,"48,000 mi.",Gasoline,567.0HP 4.4L 8 Cylinder Engine Gasoline Fuel,8-Speed A/T,Blue,Black,None reported,Yes,54000,8,True,375,True,Premium
Mercedes-Benz,CLK-Class 550,2007,"138,000 mi.",Gasoline,382.0HP 5.5L 8 Cylinder Engine Gasoline Fuel,7-Speed A/T,Silver,Black,At least 1 accident or damage reported,Yes,10000,19,False,315,True,Budget
RAM,1500 TRX,2022,"24,058 mi.",Gasoline,"HEMI 6.2L V-8 intercooled supercharger, premium unleaded, engine","Automatic, 8-Spd",Flame Red Clearcoat,BLACK,None reported,Yes,81900,4,True,91,False,Premium
Audi,RS 7 4.0T Prestige,2016,"31,500 mi.",Gasoline,560.0HP 4.0L 8 Cylinder Engine Gasoline Fuel,8-Speed A/T,Gray,Black,None reported,Yes,67000,10,True,200,True,Premium
Porsche,Macan S,2020,"19,701 mi.",Gasoline,3.0 Liter,Automatic,–,–,None reported,Yes,55998,6,True,201,True,Premium
Genesis,GV70 3.5T Sport,2022,"10,200 mi.",Gasoline,375.0HP 3.5L V6 Cylinder Engine Gasoline Fuel,A/T,White,Black,None reported,Yes,50500,4,True,20,False,Premium
Aston,Martin V8 Vantage Base,2008,"62,378 mi.",Gasoline,380.0HP 4.3L 8 Cylinder Engine Gasoline Fuel,M/T,Red,Beige,At least 1 accident or damage reported,Yes,33995,18,True,9,False,Mid-Range
Nissan,350Z Touring,2006,"84,200 mi.",Gasoline,300.0HP 3.5L V6 Cylinder Engine Gasoline Fuel,6-Speed M/T,Silver,Gray,None reported,Yes,10200,20,False,116,False,Budget
Toyota,Sequoia SR5,2013,"138,700 mi.",E85 Flex Fuel,381.0HP 5.7L 8 Cylinder Engine Flex Fuel Capability,A/T,White,Gray,At least 1 accident or damage reported,Yes,18800,13,False,199,False,Budget
Chevrolet,Tahoe Premier,2021,"41,050 mi.",Gasoline,355.0HP 5.3L 8 Cylinder Engine Gasoline Fuel,10-Speed A/T,Gray,Gray,None reported,Yes,62900,5,True,292,False,Premium
Jeep,Compass Limited,2020,"39,192 mi.",Gasoline,2.4L I4 16V MPFI SOHC,9-Speed Automatic,White Clearcoat,Black,None reported,Yes,24590,6,False,143,False,Mid-Range
BMW,430 430i,2022,"7,758 mi.",Gasoline,2.0 Liter Turbo,Automatic,Black,Black,None reported,Yes,47998,4,True,375,True,Premium
Ford,Bronco Sport Outer Banks,2021,"31,654 mi.",Gasoline,1.5L I3 12V PDI DOHC Turbo,8-Speed Automatic,Rapid Red Metallic Tinted Clearcoat,Navy Pier,None reported,Yes,33410,5,True,386,False,Mid-Range
Mercedes-Benz,AMG C 63 Base,2017,"63,000 mi.",Gasoline,469.0HP 4.0L 8 Cylinder Engine Gasoline Fuel,A/T,White,Black,At least 1 accident or damage reported,Yes,42000,9,True,315,True,Mid-Range
Volvo,S40 T5,2005,"257,700 mi.",Gasoline,218.0HP 2.5L 5 Cylinder Engine Gasoline Fuel,6-Speed M/T,Red,Beige,None reported,Yes,3550,21,False,38,False,Budget
Mercedes-Benz,GLE 350 Base 4MATIC,2017,"57,000 mi.",Gasoline,302.0HP 3.5L V6 Cylinder Engine Gasoline Fuel,7-Speed A/T,White,Black,At least 1 accident or damage reported,Yes,29500,9,False,315,True,Mid-Range
Chevrolet,Silverado 1500 1LT,2017,"89,000 mi.",Gasoline,355.0HP 5.3L 8 Cylinder Engine Gasoline Fuel,6-Speed A/T,Gray,Gray,None reported,Yes,29999,9,False,292,False,Mid-Range
Chevrolet,Tahoe LTZ,2015,"134,500 mi.",Gasoline,355.0HP 5.3L 8 Cylinder Engine Gasoline Fuel,A/T,Black,Black,None reported,Yes,28000,11,False,292,False,Mid-Range
Acura,MDX Technology,2022,"15,895 mi.",Gasoline,3.5L V6 24V GDI SOHC,10-Speed Automatic,Majestic Black Pearl,Parchment,None reported,Yes,47950,4,True,64,False,Premium
Bentley,Bentayga Speed,2020,"15,109 mi.",Gasoline,6.0L W12 48V PDI DOHC Twin Turbo,8-Speed Automatic,Ice,Beluga Hide,None reported,Yes,162950,6,True,33,False,Premium
Rolls-Royce,Cullinan,2022,398 mi.,Gasoline,6.7L V12 48V GDI DOHC Twin Turbo,8-Speed Automatic,Silver,Charles Blue,None reported,Yes,695000,4,True,11,False,Premium
Genesis,GV70 2.5T,2022,"20,319 mi.",Gasoline,300.0HP 2.5L 4 Cylinder Engine Gasoline Fuel,Transmission w/Dual Shift Mode,White,Black,None reported,Yes,44249,4,True,20,False,Premium
Pontiac,Firebird Base,1999,"158,000 mi.",Gasoline,200.0HP 3.8L V6 Cylinder Engine Gasoline Fuel,4-Speed A/T,White,Black,At least 1 accident or damage reported,Yes,2500,27,False,15,False,Budget
Lexus,GX 460 Base,2021,"40,906 mi.",Gasoline,4.6 Liter,Automatic,Black,Black,None reported,Yes,51998,5,True,163,True,Premium
BMW,ALPINA B7 ALPINA B7 xDrive,2020,"33,749 mi.",Gasoline,4.4 Liter Twin Turbo,Automatic,Blue,Red,None reported,Yes,85998,6,True,375,True,Premium
BMW,M4 Competition xDrive,2023,"1,120 mi.",Gasoline,503.0HP 3.0L Straight 6 Cylinder Engine Gasoline Fuel,8-Speed A/T,Gray,White,None reported,Yes,92900,3,True,375,True,Premium
Jeep,Grand Cherokee L Limited,2021,"26,088 mi.",Gasoline,3.6L V6 24V MPFI DOHC,8-Speed Automatic,Silver Zynith,Global Black,None reported,Yes,38383,5,True,143,False,Mid-Range
Kia,Forte GT-Line,2022,"14,950 mi.",Gasoline,147.0HP 2.0L 4 Cylinder Engine Gasoline Fuel,A/T,Silver,Gray,At least 1 accident or damage reported,Yes,24000,4,False,76,False,Mid-Range
Kia,Forte LX,2018,"47,466 mi.",Gasoline,"2L I-4 DOHC, D-CVVT variable valve control, engine with 147HP",Automatic,Silky Silver,Black,None reported,Yes,14699,8,False,76,False,Budget
BMW,X6 M Base,2022,"10,376 mi.",Gasoline,4.4L V8 32V GDI DOHC Twin Turbo,8-Speed Automatic,Ametrin Metallic,Black,None reported,Yes,98900,4,True,375,True,Premium
RAM,ProMaster 3500 High Roof,2021,"18,500 mi.",Gasoline,280.0HP 3.6L V6 Cylinder Engine Gasoline Fuel,A/T,White,Black,None reported,Yes,41950,5,True,91,False,Mid-Range
Volkswagen,Atlas Cross Sport 3.6L V6 SEL Premium,2021,"24,596 mi.",Gasoline,3.6L V6 24V GDI DOHC,8-Speed Automatic,Deep Black Pearl Effect,Titan Black / Quarzit,None reported,Yes,38322,5,True,59,False,Mid-Range
Hyundai,Santa Fe SEL,2021,"2,905 mi.",Gasoline,2.5L I4 16V PDI DOHC,8-Speed Automatic,Shimmering Silver,Black,None reported,Yes,27599,5,False,72,False,Mid-Range
Jaguar,XF 3.0 Portfolio,2015,"71,290 mi.",Gasoline,340.0HP 3.0L V6 Cylinder Engine Gasoline Fuel,A/T,Brown,Black,At least 1 accident or damage reported,Yes,21000,11,False,47,True,Budget
Audi,A7 55 Premium Plus,2022,"15,000 mi.",Hybrid,335.0HP 3.0L V6 Cylinder Engine Gasoline/Mild Electric Hybrid,A/T,Gray,Black,None reported,Yes,63000,4,True,200,True,Premium
INFINITI,QX30 Premium,2017,"37,900 mi.",Gasoline,208.0HP 2.0L 4 Cylinder Engine Gasoline Fuel,7-Speed A/T,Gray,Black,None reported,Yes,22000,9,False,59,False,Mid-Range
Mercedes-Benz,AMG G 63 4MATIC,2022,"2,000 mi.",Gasoline,577.0HP 4.0L 8 Cylinder Engine Gasoline Fuel,Transmission w/Dual Shift Mode,Black,Black,None reported,Yes,244896,4,True,315,True,Premium
Mercedes-Benz,AMG C 43 AMG C 43 4MATIC,2019,"32,500 mi.",Gasoline,385.0HP 3.0L V6 Cylinder Engine Gasoline Fuel,9-Speed A/T,Black,Black,None reported,Yes,43500,7,True,315,True,Premium
Mitsubishi,Lancer Evolution Base,2003,"61,491 mi.",Gasoline,271.0HP 2.0L 4 Cylinder Engine Gasoline Fuel,5-Speed M/T,Blue,Black,At least 1 accident or damage reported,Yes,28000,23,False,20,False,Mid-Range
Jeep,Wrangler Unlimited Sport,2013,"77,634 mi.",Gasoline,3.6L V6 24V MPFI DOHC,5-Speed Automatic,Gecko Pearlcoat,Black,None reported,Yes,24590,13,False,143,False,Mid-Range
Audi,A3 2.0 TDI Premium Plus,2015,"83,000 mi.",Diesel,150.0HP 2.0L 4 Cylinder Engine Diesel Fuel,6-Speed A/T,Black,Black,At least 1 accident or damage reported,Yes,18999,11,False,200,True,Budget
Volkswagen,Jetta GLX VR6,2002,"121,800 mi.",Gasoline,174.0HP 2.8L V6 Cylinder Engine Gasoline Fuel,5-Speed M/T,Black,Black,None reported,Yes,4300,24,False,59,False,Budget
BMW,ALPINA B7 ALPINA B7 xDrive,2020,"65,852 mi.",Gasoline,4.4 Liter Twin Turbo,Automatic,Black,Mocha,None reported,Yes,68998,6,True,375,True,Premium
Bentley,Bentayga Azure First Edition,2023,"1,335 mi.",Gasoline,4.0L V8 32V GDI DOHC Twin Turbo,8-Speed Automatic,Onyx,Portland,None reported,Yes,272950,3,True,33,False,Premium
Mercedes-Benz,CLA-Class CLA 250,2014,"83,315 mi.",Gasoline,208.0HP 2.0L 4 Cylinder Engine Gasoline Fuel,A/T,White,White,None reported,Yes,15000,12,False,315,True,Budget
BMW,i8 Base,2019,"18,421 mi.",Plug-In Hybrid,369.0HP 1.5L 3 Cylinder Engine Plug-In Electric/Gas,6-Speed A/T,Black,Black,None reported,Yes,85000,7,True,375,True,Premium
Lexus,CT 200h Premium,2015,"101,000 mi.",Hybrid,134.0HP 1.8L 4 Cylinder Engine Gas/Electric Hybrid,A/T,Black,Black,At least 1 accident or damage reported,Yes,16500,11,False,163,True,Budget
Toyota,Tundra SR5,2022,"29,322 mi.",Gasoline,3.4L V6 24V PDI DOHC Twin Turbo,10-Speed Automatic,Gray,Black,None reported,Yes,44999,4,True,199,False,Premium
Mercedes-Benz,SLC 300 Base,2019,"23,900 mi.",Gasoline,241.0HP 2.0L 4 Cylinder Engine Gasoline Fuel,9-Speed A/T,White,Black,None reported,Yes,35999,7,True,315,True,Mid-Range
Mercedes-Benz,AMG C AMG C 63 S,2016,"40,515 mi.",Gasoline,4.0L V8 32V GDI DOHC Twin Turbo,7-Speed Automatic,Black,Black,At least 1 accident or damage reported,Yes,47999,10,True,315,True,Premium
Ford,F-150 XLT,2020,"67,516 mi.",Gasoline,3.5L V6 24V PDI DOHC Twin Turbo,Automatic,Gray,Medium Light Camel,None reported,Yes,36994,6,True,386,False,Mid-Range
Mazda,CX-9 Grand Touring,2010,"155,000 mi.",Gasoline,273.0HP 3.7L V6 Cylinder Engine Gasoline Fuel,6-Speed A/T,Silver,Black,None reported,Yes,8300,16,False,64,False,Budget
Honda,Ridgeline RTL-E,2019,"26,998 mi.",Gasoline,3.5L V6 24V GDI SOHC,6-Speed Automatic,Black,Black,None reported,Yes,35557,7,True,63,False,Mid-Range
Bentley,Bentayga Onyx Edition,2018,"18,500 mi.",Gasoline,600.0HP 6.0L 12 Cylinder Engine Gasoline Fuel,8-Speed A/T,Black,Brown,None reported,Yes,115000,8,True,33,False,Premium
MINI,Cooper S Clubman Base,2009,"137,600 mi.",Gasoline,172.0HP 1.6L 4 Cylinder Engine Gasoline Fuel,6-Speed M/T,Gold,Black,None reported,Yes,6880,17,False,33,False,Budget
Nissan,Murano SL,2005,"125,500 mi.",Gasoline,245.0HP 3.5L V6 Cylinder Engine Gasoline Fuel,CVT Transmission,Black,Beige,None reported,Yes,3950,21,False,116,False,Budget
Bentley,Bentayga V8,2019,"22,039 mi.",Gasoline,542.0HP 4.0L 8 Cylinder Engine Gasoline Fuel,8-Speed A/T,White,Black,None reported,Yes,113990,7,True,33,False,Premium
Nissan,Juke SV,2011,"137,483 mi.",Gasoline,188.0HP 1.6L 4 Cylinder Engine Gasoline Fuel,CVT Transmission,White,Gray,None reported,Yes,3200,15,False,116,False,Budget
Ford,Expedition Max Limited,2019,"67,500 mi.",Gasoline,375.0HP 3.5L V6 Cylinder Engine Gasoline Fuel,10-Speed A/T,Gray,Black,None reported,Yes,40500,7,True,386,False,Mid-Range
Ford,Expedition Max King Ranch,2020,"52,000 mi.",Gasoline,375.0HP 3.5L V6 Cylinder Engine Gasoline Fuel,10-Speed A/T,Gray,Brown,At least 1 accident or damage reported,Yes,53722,6,True,386,False,Premium
Lamborghini,Murcielago Base,2006,"10,000 mi.",Gasoline,571.0HP 6.2L 12 Cylinder Engine Gasoline Fuel,A/T,Red,Black,None reported,Yes,259000,20,True,26,False,Premium
Chevrolet,Suburban LT,2017,"195,361 mi.",Gasoline,355.0HP 5.3L 8 Cylinder Engine Gasoline Fuel,Transmission Overdrive Switch,Black,Black,At least 1 accident or damage reported,Yes,26000,9,False,292,False,Mid-Range
Bentley,Bentayga Onyx Edition,2018,"32,500 mi.",Gasoline,600.0HP 6.0L 12 Cylinder Engine Gasoline Fuel,A/T,Black,Beige,At least 1 accident or damage reported,Yes,103000,8,True,33,False,Premium
BMW,M760 i xDrive,2019,"14,806 mi.",Gasoline,601.0HP 6.6L 12 Cylinder Engine Gasoline Fuel,Transmission w/Dual Shift Mode,Black,Black,At least 1 accident or damage reported,Yes,81330,7,True,375,True,Premium
Genesis,GV70 2.5T,2022,"11,000 mi.",Gasoline,300.0HP 2.5L 4 Cylinder Engine Gasoline Fuel,A/T,White,–,At least 1 accident or damage reported,Yes,48950,4,True,20,False,Premium
Chevrolet,Tahoe LT,2011,"92,530 mi.",E85 Flex Fuel,320.0HP 5.3L 8 Cylinder Engine Flex Fuel Capability,A/T,Red,Black,At least 1 accident or damage reported,Yes,18500,15,False,292,False,Budget
Dodge,Durango GT,2017,"34,845 mi.",Gasoline,295.0HP 3.6L V6 Cylinder Engine Gasoline Fuel,A/T,White,Black,At least 1 accident or damage reported,Yes,30000,9,False,90,False,Mid-Range
Porsche,718 Cayman GTS,2018,"16,280 mi.",Gasoline,365.0HP 2.5L 4 Cylinder Engine Gasoline Fuel,Transmission w/Dual Shift Mode,Red,Black,None reported,Yes,85500,8,True,201,True,Premium
Porsche,Cayman Base,2011,"77,000 mi.",Gasoline,265.0HP 2.9L Flat 6 Cylinder Engine Gasoline Fuel,A/T,Red,Beige,None reported,Yes,32000,15,True,201,True,Mid-Range
Porsche,Panamera Turbo,2010,"63,000 mi.",Gasoline,500.0HP 4.8L 8 Cylinder Engine Gasoline Fuel,7-Speed A/T,Black,Beige,At least 1 accident or damage reported,Yes,38500,16,True,201,True,Mid-Range
Lexus,ES 350 Base,2016,"39,700 mi.",Gasoline,268.0HP 3.5L V6 Cylinder Engine Gasoline Fuel,6-Speed A/T,White,Beige,None reported,Yes,25500,10,False,163,True,Mid-Range
Kia,Optima Hybrid LX,2013,"103,111 mi.",Hybrid,199.0HP 2.4L 4 Cylinder Engine Gas/Electric Hybrid,A/T,Silver,Beige,At least 1 accident or damage reported,Yes,9200,13,False,76,False,Budget
Land,Rover Range Rover Velar R-Dynamic SE,2019,"75,897 mi.",Gasoline,2.0 Liter,Automatic,Black,Black,None reported,Yes,35998,7,True,130,True,Mid-Range
Jaguar,XF S,2017,"55,000 mi.",Gasoline,380.0HP 3.0L V6 Cylinder Engine Gasoline Fuel,Transmission w/Dual Shift Mode,Gray,Red,None reported,Yes,34000,9,True,47,True,Mid-Range
Lexus,GX 470 Base,2005,"114,000 mi.",Gasoline,270.0HP 4.7L 8 Cylinder Engine Gasoline Fuel,A/T,Silver,Gray,At least 1 accident or damage reported,Yes,13450,21,False,163,True,Budget
Mercedes-Benz,GL-Class GL 550,2011,"80,124 mi.",Gasoline,382.0HP 5.5L 8 Cylinder Engine Gasoline Fuel,7-Speed A/T,Black,Black,None reported,Yes,17500,15,False,315,True,Budget
BMW,X6 M Base,2023,"7,000 mi.",Gasoline,600.0HP 4.4L 8 Cylinder Engine Gasoline Fuel,Transmission w/Dual Shift Mode,Gray,Gray,None reported,Yes,144900,3,True,375,True,Premium
RAM,1500 Longhorn,2023,"4,285 mi.",Gasoline,5.7L V8 16V MPFI OHV,Automatic,Delmonico Red Pearlcoat,Black / Saddle,None reported,Yes,65688,3,True,91,False,Premium
Lamborghini,Huracan LP580-2S,2019,"17,175 mi.",Gasoline,5.2L V10 40V GDI DOHC,7-Speed Automatic with Auto-Shift,Rosso Mars Metallic,Nero Ade,None reported,Yes,234900,7,True,26,False,Premium
Toyota,Highlander Hybrid Limited Platinum,2017,"34,049 mi.",Hybrid,3.5L V6 24V PDI DOHC Hybrid,Automatic CVT,Shoreline Blue Pearl,Ash,None reported,Yes,37999,9,True,199,False,Mid-Range
Audi,e-tron Prestige,2019,"16,000 mi.",Gasoline,355.0HP Electric Motor Electric Fuel System,A/T,White,Beige,At least 1 accident or damage reported,Yes,39990,7,True,200,True,Mid-Range
GMC,Suburban 2500,1996,"95,000 mi.",Gasoline,290.0HP 7.4L 8 Cylinder Engine Gasoline Fuel,4-Speed A/T,White,Gray,None reported,Yes,25000,30,False,91,False,Mid-Range
Land,Rover Range Rover Velar SVAutobiography Dynamic Edition,2020,"59,355 mi.",Gasoline,V8,Automatic,Santorini Black,Ebony / Pimento,None reported,Yes,72995,6,True,130,True,Premium
Chevrolet,Bolt EUV Premier,2022,"31,000 mi.",Gasoline,200.0HP Electric Motor Electric Fuel System,1-Speed A/T,Red,White,None reported,Yes,36000,4,True,292,False,Mid-Range
BMW,M240 i,2019,"19,300 mi.",Gasoline,335.0HP 3.0L Straight 6 Cylinder Engine Gasoline Fuel,8-Speed A/T,White,Red,None reported,Yes,36000,7,True,375,True,Mid-Range
Cadillac,Escalade EXT Base,2009,"155,000 mi.",E85 Flex Fuel,403.0HP 6.2L 8 Cylinder Engine Flex Fuel Capability,6-Speed A/T,Red,Beige,At least 1 accident or damage reported,Yes,16900,17,False,107,False,Budget
Scion,tC Release Series 6.0,2010,"120,010 mi.",Gasoline,161.0HP 2.4L 4 Cylinder Engine Gasoline Fuel,4-Speed A/T,Gray,Black,At least 1 accident or damage reported,Yes,6500,16,False,6,False,Budget
Kia,Optima EX,2012,"152,520 mi.",Gasoline,200.0HP 2.4L 4 Cylinder Engine Gasoline Fuel,6-Speed A/T,White,Beige,None reported,Yes,10900,14,False,76,False,Budget
Honda,Civic EX,1993,"58,981 mi.",–,–,A/T,White,Beige,None reported,Yes,9599,33,False,63,False,Budget
Maserati,Quattroporte Base,2005,"32,000 mi.",Gasoline,394.0HP 4.2L 8 Cylinder Engine Gasoline Fuel,Transmission w/Dual Shift Mode,Red,Beige,At least 1 accident or damage reported,Yes,2954083,21,True,34,False,Premium
Porsche,Panamera Turbo,2015,"47,000 mi.",Gasoline,520.0HP 4.8L 8 Cylinder Engine Gasoline Fuel,Transmission w/Dual Shift Mode,Black,Brown,None reported,Yes,50000,11,True,201,True,Premium
Genesis,G70 2.0T,2023,"2,046 mi.",Gasoline,252.0HP 2.0L 4 Cylinder Engine Gasoline Fuel,8-Speed A/T,Green,Gray,None reported,Yes,43499,3,True,20,False,Premium
Chevrolet,Trailblazer LS,2021,"24,965 mi.",Gasoline,1.2L I3 12V GDI DOHC Turbo,Automatic CVT,Mosaic Black Metallic,Jet Black,At least 1 accident or damage reported,Yes,22995,5,False,292,False,Mid-Range
Toyota,Camry LE,2005,"108,000 mi.",Gasoline,160.0HP 2.4L 4 Cylinder Engine Gasoline Fuel,5-Speed A/T,Beige,Gray,None reported,Yes,7850,21,False,199,False,Budget
Toyota,Sienna LE,2015,"76,000 mi.",Gasoline,266.0HP 3.5L V6 Cylinder Engine Gasoline Fuel,A/T,Red,Gray,None reported,Yes,18300,11,False,199,False,Budget
Porsche,911 Carrera S,2014,"30,000 mi.",Gasoline,400.0HP 3.8L Flat 6 Cylinder Engine Gasoline Fuel,7-Speed A/T,Black,Brown,None reported,Yes,78500,12,True,201,True,Premium
Volvo,V60 T6 R-Design Platinum,2015,"59,271 mi.",Gasoline,325.0HP 3.0L Straight 6 Cylinder Engine Gasoline Fuel,6-Speed A/T,Blue,Black,None reported,Yes,29900,11,False,38,False,Mid-Range
Lexus,LX 600 Premium,2023,"1,500 mi.",Gasoline,409.0HP 3.4L V6 Cylinder Engine Gasoline Fuel,10-Speed A/T,Gray,Black,None reported,Yes,119500,3,True,163,True,Premium
BMW,330e iPerformance,2017,"52,500 mi.",Plug-In Hybrid,247.0HP 2.0L 4 Cylinder Engine Plug-In Electric/Gas,Transmission w/Dual Shift Mode,Blue,Black,At least 1 accident or damage reported,Yes,24950,9,False,375,True,Mid-Range
Tesla,Model Y Long Range,2020,"23,100 mi.",Gasoline,425.0HP Electric Motor Electric Fuel System,A/T,Blue,White,None reported,Yes,36495,6,True,87,False,Mid-Range
FIAT,124 Spider Abarth,2017,"45,000 mi.",Gasoline,164.0HP 1.4L 4 Cylinder Engine Gasoline Fuel,6-Speed M/T,Gray,Black,At least 1 accident or damage reported,Yes,22500,9,False,5,False,Mid-Range
Dodge,Ram 1500 Quad Cab,2002,"179,000 mi.",Gasoline,245.0HP 5.9L 8 Cylinder Engine Gasoline Fuel,A/T,Black,Black,At least 1 accident or damage reported,Yes,6500,24,False,90,False,Budget
Toyota,Supra A91-MT Edition,2023,"1,500 mi.",Gasoline,382.0HP 3.0L Straight 6 Cylinder Engine Gasoline Fuel,6-Speed M/T,Gray,Orange,None reported,Yes,84900,3,True,199,False,Premium
BMW,X7 xDrive40i,2022,"38,671 mi.",Hybrid,3.0 Liter Turbo,Automatic,Gray,Blk,None reported,Yes,66998,4,True,375,True,Premium
Jeep,Wrangler Unlimited X,2007,"135,465 mi.",Gasoline,205.0HP 3.8L V6 Cylinder Engine Gasoline Fuel,A/T,Black,Gray,None reported,Yes,15750,19,False,143,False,Budget
MINI,Countryman Cooper S ALL4,2014,"79,000 mi.",Gasoline,181.0HP 1.6L 4 Cylinder Engine Gasoline Fuel,Transmission w/Dual Shift Mode,White,Black,None reported,Yes,17000,12,False,33,False,Budget
Nissan,Maxima SV,2012,"42,259 mi.",Gasoline,290.0HP 3.5L V6 Cylinder Engine Gasoline Fuel,CVT Transmission,Black,Black,At least 1 accident or damage reported,Yes,17000,14,False,116,False,Budget
Toyota,Camry Solara SLE V6,2006,"159,890 mi.",Gasoline,225.0HP 3.3L V6 Cylinder Engine Gasoline Fuel,A/T,Blue,Gray,At least 1 accident or damage reported,Yes,6500,20,False,199,False,Budget
Maserati,Grecale Modena,2023,"2,200 mi.",Hybrid,325.0HP 2.0L 4 Cylinder Engine Gasoline/Mild Electric Hybrid,Transmission w/Dual Shift Mode,Black,Red,None reported,Yes,75000,3,True,34,False,Premium
Lexus,RX 450h Base,2022,"15,833 mi.",Hybrid,308.0HP 3.5L V6 Cylinder Engine Gas/Electric Hybrid,CVT Transmission,White,Beige,None reported,Yes,52000,4,True,163,True,Premium
BMW,328 i xDrive,2013,"96,000 mi.",Gasoline,240.0HP 2.0L 4 Cylinder Engine Gasoline Fuel,Transmission w/Dual Shift Mode,Black,Black,At least 1 accident or damage reported,Yes,13500,13,False,375,True,Budget
BMW,135 i,2009,"72,900 mi.",Gasoline,300.0HP 3.0L Straight 6 Cylinder Engine Gasoline Fuel,6-Speed A/T,Gray,Gray,None reported,Yes,15500,17,False,375,True,Budget
BMW,X7 M50i,2021,"7,121 mi.",Gasoline,4.4 Liter Twin Turbo,Automatic,Gray,Black,None reported,Yes,94998,5,True,375,True,Premium
Hyundai,Tucson Hybrid SEL Convenience,2023,"3,402 mi.",Hybrid,226.0HP 1.6L 4 Cylinder Engine Gas/Electric Hybrid,A/T,White,Black,None reported,Yes,44000,3,True,72,False,Premium
Volvo,C30 T5 Premier Plus,2013,"73,000 mi.",Gasoline,227.0HP 2.5L 5 Cylinder Engine Gasoline Fuel,A/T,Silver,Black,None reported,Yes,13900,13,False,38,False,Budget
Karma,Revero Base,2018,"21,000 mi.",Gasoline,403.0HP 2.0L Electric Motor Electric Fuel System,A/T,White,Black,None reported,Yes,51000,8,True,2,False,Premium
BMW,X7 xDrive40i,2021,"30,309 mi.",Hybrid,3.0 Liter Turbo,Automatic,Blue,Tan,None reported,Yes,63598,5,True,375,True,Premium
Ford,Mustang Mach-E California Route 1,2021,"24,000 mi.",Gasoline,290.0HP Electric Motor Electric Fuel System,1-Speed A/T,White,Black,None reported,Yes,38000,5,True,386,False,Mid-Range
BMW,740 i,2016,"73,000 mi.",Gasoline,320.0HP 3.0L Straight 6 Cylinder Engine Gasoline Fuel,Transmission w/Dual Shift Mode,Black,Black,None reported,Yes,23999,10,False,375,True,Mid-Range
Ford,Edge SEL,2019,"26,465 mi.",Gasoline,2.0L I4 16V GDI DOHC Turbo,8-Speed Automatic,White Platinum Tri-Coat Metallic,Ebony,None reported,Yes,24998,7,False,386,False,Mid-Range
Volkswagen,Arteon 2.0T SEL Premium R-Line,2020,"26,870 mi.",Gasoline,2.0L I4 16V GDI DOHC Turbo,8-Speed Automatic,Deep Black Pearl Effect,Mistral Gray / Raven,At least 1 accident or damage reported,Yes,34645,6,True,59,False,Mid-Range
Honda,Pilot EX,2004,"184,000 mi.",Gasoline,240.0HP 3.5L V6 Cylinder Engine Gasoline Fuel,A/T,Blue,Gray,At least 1 accident or damage reported,Yes,10500,22,False,63,False,Budget
BMW,X7 ALPINA XB7,2022,"4,514 mi.",Gasoline,4.4 Liter Twin Turbo,Automatic,Gray,Black,None reported,Yes,132998,4,True,375,True,Premium
RAM,2500 Tradesman,2022,"1,300 mi.",Gasoline,410.0HP 6.4L 8 Cylinder Engine Gasoline Fuel,8-Speed A/T,Red,Black,None reported,Yes,48000,4,True,91,False,Premium
Jeep,Grand Cherokee Limited,2018,"49,924 mi.",Gasoline,293.0HP 3.6L V6 Cylinder Engine Gasoline Fuel,8-Speed A/T,White,Black,None reported,Yes,26500,8,False,143,False,Mid-Range
GMC,Yukon Denali,2019,"36,526 mi.",Gasoline,420.0HP 6.2L 8 Cylinder Engine Gasoline Fuel,10-Speed A/T,Red,Black,None reported,Yes,57850,7,True,91,False,Premium
BMW,M6 Base,2015,"37,000 mi.",Gasoline,560.0HP 4.4L 8 Cylinder Engine Gasoline Fuel,Transmission w/Dual Shift Mode,Silver,Silver,None reported,Yes,45950,11,True,375,True,Premium
Acura,MDX 3.5L w/Advance & Entertainment Pkgs,2017,"79,884 mi.",Gasoline,3.5L V6 24V GDI SOHC,9-Speed Automatic,Gray,Graystone,At least 1 accident or damage reported,Yes,24840,9,False,64,False,Mid-Range
Volkswagen,Beetle 1.8T,2016,"30,000 mi.",Gasoline,170.0HP 1.8L 4 Cylinder Engine Gasoline Fuel,Transmission w/Dual Shift Mode,Blue,Beige,At least 1 accident or damage reported,Yes,19000,10,False,59,False,Budget
BMW,X6 M Base,2021,"11,102 mi.",Gasoline,600.0HP 4.4L 8 Cylinder Engine Gasoline Fuel,8-Speed A/T,Black,Black,None reported,Yes,101000,5,True,375,True,Premium
Ford,Mustang GT Premium,2012,"105,500 mi.",Gasoline,412.0HP 5.0L 8 Cylinder Engine Gasoline Fuel,6-Speed M/T,Silver,Black,None reported,Yes,19000,14,False,386,False,Budget
BMW,X7 xDrive50i,2019,"31,157 mi.",Gasoline,4.4 Liter GDI DOHC Twin Turbo,Automatic,Black,Blk,None reported,Yes,65998,7,True,375,True,Premium
Kia,Sorento LX V6,2019,"86,204 mi.",Gasoline,3.3L V6 24V GDI DOHC,8-Speed Automatic,Sparkling Silver,Satin Black,At least 1 accident or damage reported,Yes,20708,7,False,76,False,Budget
BMW,435 i,2014,"80,211 mi.",Gasoline,300.0HP 3.0L Straight 6 Cylinder Engine Gasoline Fuel,A/T,Gray,Red,At least 1 accident or damage reported,Yes,17995,12,False,375,True,Budget
Aston,Martin V8 Vantage Base,2010,"25,991 mi.",Gasoline,420.0HP 4.7L 8 Cylinder Engine Gasoline Fuel,6-Speed A/T,Silver,Black,None reported,Yes,69995,16,True,9,False,Premium
Mercedes-Benz,CLK-Class CLK 350,2008,"73,000 mi.",Gasoline,268.0HP 3.5L V6 Cylinder Engine Gasoline Fuel,7-Speed A/T,Black,Black,None reported,Yes,8400,18,False,315,True,Budget
BMW,740 i,2018,"40,989 mi.",Gasoline,320.0HP 3.0L Straight 6 Cylinder Engine Gasoline Fuel,8-Speed A/T,Black,Gold,None reported,Yes,35000,8,True,375,True,Mid-Range
Dodge,Caliber Express,2010,"102,681 mi.",Gasoline,158.0HP 2.0L 4 Cylinder Engine Gasoline Fuel,M/T,Red,Black,None reported,Yes,6000,16,False,90,False,Budget
Acura,ZDX Base,2010,"123,000 mi.",Gasoline,300.0HP 3.7L V6 Cylinder Engine Gasoline Fuel,Transmission w/Dual Shift Mode,Black,Black,At least 1 accident or damage reported,Yes,13888,16,False,64,False,Budget
Jeep,Wrangler X,2005,"160,900 mi.",Gasoline,190.0HP 4.0L Straight 6 Cylinder Engine Gasoline Fuel,4-Speed A/T,Black,–,At least 1 accident or damage reported,Yes,7200,21,False,143,False,Budget
BMW,M3 Base,2011,"105,000 mi.",Gasoline,414.0HP 4.0L 8 Cylinder Engine Gasoline Fuel,6-Speed M/T,Silver,Black,At least 1 accident or damage reported,Yes,21900,15,False,375,True,Mid-Range
Kia,Sportage Plug-In Hybrid X-Line,2023,"1,340 mi.",Plug-In Hybrid,177.0HP 1.6L 4 Cylinder Engine Plug-In Electric/Gas,A/T,Black,Black,None reported,Yes,41000,3,True,76,False,Mid-Range
Ford,Mustang Mach-E Premium,2021,"17,850 mi.",Gasoline,266.0HP Electric Motor Electric Fuel System,A/T,Red,Black,None reported,Yes,41999,5,True,386,False,Mid-Range
BMW,M3 Base,2011,"72,277 mi.",Gasoline,414.0HP 4.0L 8 Cylinder Engine Gasoline Fuel,Transmission w/Dual Shift Mode,Gray,Red,None reported,Yes,34950,15,True,375,True,Mid-Range
Jeep,Wrangler Rubicon,2023,"7,000 mi.",Hybrid,285.0HP 3.6L V6 Cylinder Engine Gasoline/Mild Electric Hybrid,8-Speed A/T,Gray,Black,None reported,Yes,46000,3,True,143,False,Premium
Porsche,Panamera 4 Platinum Edition,2022,"10,627 mi.",Gasoline,"2.9L V-6 gasoline direct injection, DOHC, variable valve control","Automatic, 8-Spd PDK Dual-Clutch",Chalk,BLACK,None reported,Yes,99000,4,True,201,True,Premium
Ford,Explorer XLT,2020,"67,015 mi.",Gasoline,2.3L I4 16V GDI DOHC Turbo,10-Speed Automatic,Oxford White,Sandstone,None reported,Yes,28590,6,False,386,False,Mid-Range
BMW,M4 Base,2018,"19,600 mi.",Gasoline,425.0HP 3.0L Straight 6 Cylinder Engine Gasoline Fuel,7-Speed A/T,Black,Black,At least 1 accident or damage reported,Yes,62000,8,True,375,True,Premium
Ford,Mustang Mach-E Premium,2022,"5,800 mi.",Gasoline,346.0HP Electric Motor Electric Fuel System,1-Speed A/T,White,White,None reported,Yes,42500,4,True,386,False,Mid-Range
FIAT,500e Battery Electric,2017,"33,812 mi.",Gasoline,111.0HP Electric Motor Electric Fuel System,1-Speed A/T,Silver,Black,None reported,Yes,14999,9,False,5,False,Budget
Cadillac,Escalade Luxury,2015,"99,897 mi.",Gasoline,420.0HP 6.2L 8 Cylinder Engine Gasoline Fuel,8-Speed A/T,Black,Black,None reported,Yes,26950,11,False,107,False,Mid-Range
Mercedes-Benz,SL-Class SL 550,2014,"127,500 mi.",Gasoline,429.0HP 4.7L 8 Cylinder Engine Gasoline Fuel,Transmission w/Dual Shift Mode,White,White,None reported,Yes,29000,12,False,315,True,Mid-Range
Ford,Expedition Limited,2021,"23,842 mi.",Gasoline,3.5L V6 24V PDI DOHC Twin Turbo,10-Speed Automatic,Gray,Medium Stone,None reported,Yes,59203,5,True,386,False,Premium
Rivian,R1S Adventure Package,2023,"2,108 mi.",Gasoline,835.0HP Electric Motor Electric Fuel System,1-Speed A/T,Silver,White,None reported,Yes,91000,3,True,17,False,Premium
BMW,M6 Base,2014,"65,550 mi.",Gasoline,560.0HP 4.4L 8 Cylinder Engine Gasoline Fuel,Transmission w/Dual Shift Mode,Black,Black,None reported,Yes,39985,12,True,375,True,Mid-Range
Lamborghini,Huracan LP580-2,2017,"22,000 mi.",Gasoline,573.0HP 5.2L 10 Cylinder Engine Gasoline Fuel,Transmission w/Dual Shift Mode,White,Black,None reported,Yes,210000,9,True,26,False,Premium
Ford,Bronco Wildtrak Advanced,2022,"15,600 mi.",Gasoline,315.0HP 2.7L V6 Cylinder Engine Gasoline Fuel,Transmission w/Dual Shift Mode,Gray,–,At least 1 accident or damage reported,Yes,68995,4,True,386,False,Premium
Lexus,LC 500 Base,2021,"22,400 mi.",Gasoline,471.0HP 5.0L 8 Cylinder Engine Gasoline Fuel,A/T,White,Red,None reported,Yes,81900,5,True,163,True,Premium
Lexus,LS 460 Crafted Line,2015,"89,150 mi.",Gasoline,360.0HP 4.6L 8 Cylinder Engine Gasoline Fuel,A/T,White,Black,None reported,Yes,31900,11,True,163,True,Mid-Range
BMW,M4 Base,2023,"15,000 mi.",Gasoline,"3L I-6 gasoline direct injection, DOHC, Double VANOS variable va","Automatic, 8-Spd M STEPTRONIC w/Drivelogic, Sport & Manual Modes",BLUE,ORANGE,None reported,Yes,81000,3,True,375,True,Premium
Audi,A3 2.0T Tech Premium,2018,"49,500 mi.",Gasoline,220.0HP 2.0L 4 Cylinder Engine Gasoline Fuel,6-Speed A/T,Blue,Gray,None reported,Yes,25000,8,False,200,True,Mid-Range
Audi,S8 4.2 quattro,2003,"126,000 mi.",Gasoline,360.0HP 4.2L 8 Cylinder Engine Gasoline Fuel,Transmission w/Dual Shift Mode,Gray,Black,None reported,Yes,13850,23,False,200,True,Budget
Volkswagen,Golf GTI 2.0T Autobahn 4-Door,2015,"85,385 mi.",Gasoline,210.0HP 2.0L 4 Cylinder Engine Gasoline Fuel,6-Speed M/T,Gray,Black,None reported,Yes,15550,11,False,59,False,Budget
Cadillac,Escalade Sport,2023,"3,000 mi.",Diesel,277.0HP 3.0L Straight 6 Cylinder Engine Diesel Fuel,A/T,White,Brown,None reported,Yes,123999,3,True,107,False,Premium
Hyundai,Tucson SE,2018,"66,126 mi.",Gasoline,2.0L I4 16V GDI DOHC,6-Speed Automatic,Dazzling White,Gray,None reported,Yes,19190,8,False,72,False,Budget
Toyota,GR86 Premium,2023,"1,075 mi.",Gasoline,228.0HP 2.4L 4 Cylinder Engine Gasoline Fuel,6-Speed M/T,White,Black,None reported,Yes,35000,3,True,199,False,Mid-Range
Ford,Bronco Raptor,2023,"2,489 mi.",Gasoline,3.0L V6 24V GDI DOHC Twin Turbo,10-Speed Automatic,Oxford White,Black Onyx,None reported,Yes,98900,3,True,386,False,Premium
Hyundai,Santa Fe SEL,2021,"25,000 mi.",Gasoline,191.0HP 2.5L 4 Cylinder Engine Gasoline Fuel,8-Speed A/T,Black,Gray,None reported,Yes,28500,5,False,72,False,Mid-Range
Nissan,Armada Platinum,2017,"92,000 mi.",Gasoline,390.0HP 5.6L 8 Cylinder Engine Gasoline Fuel,7-Speed A/T,Black,Black,None reported,Yes,20900,9,False,116,False,Budget
Lexus,GX 470 Base,2008,"123,500 mi.",Gasoline,263.0HP 4.7L 8 Cylinder Engine Gasoline Fuel,A/T,White,Gray,At least 1 accident or damage reported,Yes,14500,18,False,163,True,Budget
Cadillac,CTS Premium,2013,"105,000 mi.",Gasoline,318.0HP 3.6L V6 Cylinder Engine Gasoline Fuel,6-Speed A/T,Black,Black,At least 1 accident or damage reported,Yes,12000,13,False,107,False,Budget
Audi,R8 Base,2008,"49,000 mi.",Gasoline,420.0HP 4.2L 8 Cylinder Engine Gasoline Fuel,6-Speed M/T,Black,Black,None reported,Yes,63000,18,True,200,True,Premium
Jaguar,F-PACE S,2020,"28,357 mi.",Gasoline,3.0 Liter,Automatic,Santorini Black Metallic,Pimento Red w/Ebony,None reported,Yes,47598,6,True,47,True,Premium
Chevrolet,Silverado 1500 1LT,2018,"81,000 mi.",E85 Flex Fuel,285.0HP 4.3L V6 Cylinder Engine Flex Fuel Capability,A/T,Red,Gray,None reported,Yes,32000,8,True,292,False,Mid-Range
Ford,Expedition Limited,2021,"45,000 mi.",Gasoline,375.0HP 3.5L V6 Cylinder Engine Gasoline Fuel,Transmission w/Dual Shift Mode,Gray,Black,None reported,Yes,52000,5,True,386,False,Premium
Toyota,Sequoia Platinum,2011,"173,456 mi.",E85 Flex Fuel,381.0HP 5.7L 8 Cylinder Engine Flex Fuel Capability,6-Speed A/T,Black,Gray,At least 1 accident or damage reported,Yes,16000,15,False,199,False,Budget
BMW,M440 i,2021,"13,700 mi.",Hybrid,382.0HP 3.0L Straight 6 Cylinder Engine Gasoline/Mild Electric Hybrid,8-Speed A/T,Black,Beige,None reported,Yes,60000,5,True,375,True,Premium
Audi,A8 L 55,2019,"93,400 mi.",Hybrid,335.0HP 3.0L V6 Cylinder Engine Gasoline/Mild Electric Hybrid,A/T,Silver,Brown,None reported,Yes,42500,7,True,200,True,Mid-Range
Toyota,Avalon XLE,2015,"90,000 mi.",Gasoline,268.0HP 3.5L V6 Cylinder Engine Gasoline Fuel,6-Speed A/T,White,Beige,None reported,Yes,18200,11,False,199,False,Budget
Porsche,Macan Base,2017,"40,600 mi.",Gasoline,252.0HP 2.0L 4 Cylinder Engine Gasoline Fuel,7-Speed A/T,Gray,Black,None reported,Yes,32000,9,True,201,True,Mid-Range
Lexus,IS 350 F Sport,2023,"20,121 mi.",Gasoline,311.0HP 3.5L V6 Cylinder Engine Gasoline Fuel,8-Speed A/T,Gray,Red,None reported,Yes,47124,3,True,163,True,Premium
Mercedes-Benz,Metris Base,2020,"3,921 mi.",Gasoline,2.0L I4 16V GDI DOHC Turbo,7-Speed Automatic,Black,White,None reported,Yes,175000,6,True,315,True,Premium
Lexus,RX 350 Base,2011,"187,450 mi.",Gasoline,275.0HP 3.5L V6 Cylinder Engine Gasoline Fuel,A/T,Silver,Beige,At least 1 accident or damage reported,Yes,10400,15,False,163,True,Budget
Toyota,Supra A91 Edition,2021,"6,400 mi.",Gasoline,382.0HP 3.0L Straight 6 Cylinder Engine Gasoline Fuel,Transmission w/Dual Shift Mode,Gray,Black,None reported,Yes,68000,5,True,199,False,Premium
Mercedes-Benz,AMG C 43 Base 4MATIC,2017,"54,500 mi.",Gasoline,362.0HP 3.0L V6 Cylinder Engine Gasoline Fuel,9-Speed A/T,White,Black,None reported,Yes,37995,9,True,315,True,Mid-Range
BMW,X6 xDrive50i,2017,"78,500 mi.",Gasoline,445.0HP 4.4L 8 Cylinder Engine Gasoline Fuel,8-Speed A/T,Red,Brown,At least 1 accident or damage reported,Yes,42000,9,True,375,True,Mid-Range
Chevrolet,Tahoe LT,2018,"75,000 mi.",Gasoline,355.0HP 5.3L 8 Cylinder Engine Gasoline Fuel,6-Speed A/T,Silver,Black,None reported,Yes,36000,8,True,292,False,Mid-Range
Ford,F-150 SVT Raptor,2014,"89,988 mi.",Gasoline,411.0HP 6.2L 8 Cylinder Engine Gasoline Fuel,A/T,Red,Red,At least 1 accident or damage reported,Yes,42500,12,True,386,False,Mid-Range
Subaru,Outback 3.0 R VDC Limited,2005,"107,000 mi.",Gasoline,250.0HP 3.0L Flat 6 Cylinder Engine Gasoline Fuel,A/T,Gold,Beige,None reported,Yes,7100,21,False,64,False,Budget
Alfa,Romeo Giulia Ti,2019,"21,400 mi.",Gasoline,280.0HP 2.0L 4 Cylinder Engine Gasoline Fuel,8-Speed A/T,White,Black,None reported,Yes,28500,7,False,19,False,Mid-Range
Mazda,CX-7 Grand Touring,2007,"83,150 mi.",Gasoline,244.0HP 2.3L 4 Cylinder Engine Gasoline Fuel,6-Speed A/T,White,Beige,None reported,Yes,6950,19,False,64,False,Budget
Ford,F-150 Platinum,2018,"92,000 mi.",Diesel,250.0HP 3.0L V6 Cylinder Engine Diesel Fuel,10-Speed A/T,Black,Black,At least 1 accident or damage reported,Yes,36500,8,True,386,False,Mid-Range
Mercedes-Benz,GLE 350 Base 4MATIC,2021,"15,042 mi.",Gasoline,2.0L I4 16V GDI DOHC Turbo,9-Speed Automatic,Selenite Gray Metallic,Macchiato,None reported,Yes,54599,5,True,315,True,Premium
Audi,A7 3.0T Premium Plus,2017,"39,000 mi.",Gasoline,333.0HP 3.0L V6 Cylinder Engine Gasoline Fuel,Transmission w/Dual Shift Mode,Black,Black,At least 1 accident or damage reported,Yes,35000,9,True,200,True,Mid-Range
RAM,2500 Laramie,2017,"67,483 mi.",Gasoline,410.0HP 6.4L 8 Cylinder Engine Gasoline Fuel,6-Speed A/T,Brown,Beige,At least 1 accident or damage reported,Yes,46500,9,True,91,False,Premium
Tesla,Model S 70D,2015,"62,089 mi.",Gasoline,329.0HP Electric Motor Electric Fuel System,A/T,Black,Beige,None reported,Yes,29975,11,False,87,False,Mid-Range
Audi,S8 4.0T Plus,2017,"54,300 mi.",Gasoline,605.0HP 4.0L 8 Cylinder Engine Gasoline Fuel,8-Speed A/T,Black,Black,None reported,Yes,53500,9,True,200,True,Premium
Hyundai,Sonata Hybrid Limited,2022,"30,565 mi.",Hybrid,192.0HP 2.0L 4 Cylinder Engine Gas/Electric Hybrid,A/T,Gray,Black,None reported,Yes,29000,4,False,72,False,Mid-Range
Audi,A8 L 4.0T,2016,"142,666 mi.",Gasoline,450.0HP 4.0L 8 Cylinder Engine Gasoline Fuel,8-Speed A/T,Black,Black,At least 1 accident or damage reported,Yes,22000,10,False,200,True,Mid-Range
Ford,Ranger Sport SuperCab,2009,"166,200 mi.",Gasoline,207.0HP 4.0L V6 Cylinder Engine Gasoline Fuel,A/T,Blue,Gray,At least 1 accident or damage reported,Yes,6999,17,False,386,False,Budget
INFINITI,Q50 Hybrid Premium,2015,"88,977 mi.",Hybrid,354.0HP 3.5L V6 Cylinder Engine Gas/Electric Hybrid,7-Speed A/T,Gray,Black,At least 1 accident or damage reported,Yes,19977,11,False,59,False,Budget
BMW,M3 Base,2011,"114,890 mi.",Gasoline,414.0HP 4.0L 8 Cylinder Engine Gasoline Fuel,Transmission w/Dual Shift Mode,White,Beige,None reported,Yes,20990,15,False,375,True,Budget
Mercedes-Benz,E-Class E 350 4MATIC,2009,"171,000 mi.",Gasoline,268.0HP 3.5L V6 Cylinder Engine Gasoline Fuel,5-Speed A/T,Black,Black,At least 1 accident or damage reported,Yes,4750,17,False,315,True,Budget
Ford,Explorer sport,2019,"90,067 mi.",Gasoline,3.5L V6 24V GDI DOHC Twin Turbo,6-Speed Automatic,Black,Ebony Black,None reported,Yes,28590,7,False,386,False,Mid-Range
Chevrolet,Camaro 1LT,2014,"97,579 mi.",Gasoline,323.0HP 3.6L V6 Cylinder Engine Gasoline Fuel,Transmission w/Dual Shift Mode,Black,Black,At least 1 accident or damage reported,Yes,15000,12,False,292,False,Budget
Mazda,MX-5 Miata RF Grand Touring,2017,"52,000 mi.",Gasoline,155.0HP 2.0L 4 Cylinder Engine Gasoline Fuel,6-Speed M/T,Black,Black,At least 1 accident or damage reported,Yes,20500,9,False,64,False,Budget
Jeep,Grand Cherokee L Limited,2021,"25,968 mi.",Gasoline,3.6L V6 24V MPFI DOHC,8-Speed Automatic,Metallic,Global Black,None reported,Yes,38405,5,True,143,False,Mid-Range
MINI,Hardtop Cooper S,2016,"41,680 mi.",Gasoline,189.0HP 2.0L 4 Cylinder Engine Gasoline Fuel,6-Speed A/T,Silver,Black,None reported,Yes,17495,10,False,33,False,Budget
Saab,9-3 SE,2002,"77,200 mi.",Gasoline,205.0HP 2.0L 4 Cylinder Engine Gasoline Fuel,5-Speed M/T,Black,Beige,None reported,Yes,7500,24,False,2,False,Budget
BMW,X5 xDrive40i,2019,"50,000 mi.",Gasoline,335.0HP 3.0L Straight 6 Cylinder Engine Gasoline Fuel,8-Speed A/T,Blue,Gold,None reported,Yes,43000,7,True,375,True,Premium
Porsche,Macan,2021,"21,613 mi.",Gasoline,2.0 Liter,Automatic,White,–,None reported,Yes,58998,5,True,201,True,Premium
Audi,Q3 S line Premium Plus,2022,"17,377 mi.",Gasoline,2.0 Liter TFSI,Automatic,Glacier White,Pearl Beige,None reported,Yes,39998,4,True,200,True,Mid-Range
GMC,Acadia SLE,2020,"30,426 mi.",Gasoline,2.5L I4 16V GDI DOHC,9-Speed Automatic,Ebony Twilight Metallic,Jet Black,None reported,Yes,29645,6,False,91,False,Mid-Range
Audi,allroad 2.7T,2005,"153,000 mi.",Gasoline,250.0HP 2.7L V6 Cylinder Engine Gasoline Fuel,M/T,Blue,Blue,At least 1 accident or damage reported,Yes,6500,21,False,200,True,Budget
Mercury,Marauder Base,2004,"56,600 mi.",Gasoline,302.0HP 4.6L 8 Cylinder Engine Gasoline Fuel,Transmission Overdrive Switch,Silver,Black,None reported,Yes,23000,22,False,3,False,Mid-Range
Hyundai,Genesis 3.8,2015,"116,612 mi.",Gasoline,311.0HP 3.8L V6 Cylinder Engine Gasoline Fuel,8-Speed A/T,White,White,At least 1 accident or damage reported,Yes,12700,11,False,72,False,Budget
Audi,SQ5 3.0T Premium Plus,2018,"72,000 mi.",Gasoline,354.0HP 3.0L V6 Cylinder Engine Gasoline Fuel,A/T,Blue,Black,At least 1 accident or damage reported,Yes,30000,8,False,200,True,Mid-Range
Audi,A8 L 55,2019,"39,000 mi.",Hybrid,335.0HP 3.0L V6 Cylinder Engine Gasoline/Mild Electric Hybrid,8-Speed A/T,Black,Brown,None reported,Yes,50000,7,True,200,True,Premium
Lincoln,Navigator Base,2008,"149,000 mi.",Gasoline,300.0HP 5.4L 8 Cylinder Engine Gasoline Fuel,A/T,Gold,Beige,None reported,Yes,10099,18,False,52,False,Budget
BMW,M4 Base,2018,"19,300 mi.",Gasoline,425.0HP 3.0L Straight 6 Cylinder Engine Gasoline Fuel,6-Speed M/T,White,Silver,None reported,Yes,64000,8,True,375,True,Premium
Mazda,CX-9 Carbon Edition,2021,"27,836 mi.",Gasoline,2.5L I4 16V GDI DOHC Turbo,6-Speed Automatic,Polymetal Gray Metallic,Red,None reported,Yes,36969,5,True,64,False,Mid-Range
Chevrolet,Corvette Stingray w/1LT,2023,"3,273 mi.",Gasoline,490.0HP 6.2L 8 Cylinder Engine Gasoline Fuel,Transmission w/Dual Shift Mode,Black,Red,None reported,Yes,78999,3,True,292,False,Premium
Ford,F-150 Lariat,2017,"74,349 mi.",Gasoline,375.0HP 3.5L V6 Cylinder Engine Gasoline Fuel,10-Speed A/T,White,–,None reported,Yes,36000,9,True,386,False,Mid-Range
Ford,F-250 Lariat,2019,"85,000 mi.",Diesel,450.0HP 6.7L 8 Cylinder Engine Diesel Fuel,6-Speed A/T,White,Black,At least 1 accident or damage reported,Yes,55000,7,True,386,False,Premium
Ferrari,Roma Base,2022,"2,250 mi.",Gasoline,611.0HP 3.9L 8 Cylinder Engine Gasoline Fuel,8-Speed A/T,Gray,Blue,None reported,Yes,259500,4,True,12,False,Premium
Mercedes-Benz,GLS 450 Base 4MATIC,2017,"46,100 mi.",Gasoline,362.0HP 3.0L V6 Cylinder Engine Gasoline Fuel,9-Speed A/T,Black,Beige,At least 1 accident or damage reported,Yes,33000,9,True,315,True,Mid-Range
Hyundai,Santa Fe SEL Plus 2.4,2019,"49,500 mi.",Gasoline,185.0HP 2.4L 4 Cylinder Engine Gasoline Fuel,8-Speed A/T,Silver,Gray,None reported,Yes,28000,7,False,72,False,Mid-Range
Mercedes-Benz,E-Class E 350,2012,"31,130 mi.",Gasoline,302.0HP 3.5L V6 Cylinder Engine Gasoline Fuel,7-Speed A/T,Black,Black,None reported,Yes,23500,14,False,315,True,Mid-Range
Ford,F-250 XLT SuperCab Super Duty,2008,"149,460 mi.",Diesel,350.0HP 6.4L 8 Cylinder Engine Diesel Fuel,A/T,Blue,Gray,At least 1 accident or damage reported,Yes,12240,18,False,386,False,Budget
Mercury,Marauder Base,2003,"90,000 mi.",Gasoline,302.0HP 4.6L 8 Cylinder Engine Gasoline Fuel,4-Speed A/T,Blue,Beige,At least 1 accident or damage reported,Yes,15500,23,False,3,False,Budget
Ford,Transit-350 XLT,2021,"48,000 mi.",E85 Flex Fuel,275.0HP 3.5L V6 Cylinder Engine Flex Fuel Capability,A/T,White,Gray,None reported,Yes,57000,5,True,386,False,Premium
Mercedes-Benz,C-Class C 300 4MATIC Sport,2013,"98,000 mi.",Gasoline,248.0HP 3.5L V6 Cylinder Engine Gasoline Fuel,A/T,White,Beige,At least 1 accident or damage reported,Yes,15500,13,False,315,True,Budget
Volkswagen,Arteon SEL R-Line,2022,"18,655 mi.",Gasoline,2.0 Liter TSI,Automatic,Oryx White Prl,Titan Black,None reported,Yes,38698,4,True,59,False,Mid-Range
Chevrolet,Suburban 2500 LS,2006,"60,000 mi.",Gasoline,325.0HP 8.1L 8 Cylinder Engine Gasoline Fuel,A/T,Brown,Brown,At least 1 accident or damage reported,Yes,24950,20,False,292,False,Mid-Range
Chevrolet,Suburban 1500 LT,2014,"169,500 mi.",E85 Flex Fuel,320.0HP 5.3L 8 Cylinder Engine Flex Fuel Capability,A/T,Purple,Brown,None reported,Yes,15000,12,False,292,False,Budget
Mitsubishi,Eclipse GS,2008,"189,500 mi.",Gasoline,162.0HP 2.4L 4 Cylinder Engine Gasoline Fuel,5-Speed M/T,Red,Black,None reported,Yes,6000,18,False,20,False,Budget
Toyota,Land Cruiser Base,2016,"91,000 mi.",Gasoline,381.0HP 5.7L 8 Cylinder Engine Gasoline Fuel,A/T,Black,Brown,None reported,Yes,68500,10,True,199,False,Premium
Genesis,G80 2.5T,2022,"7,396 mi.",Gasoline,2.5L I4 16V PDI DOHC Turbo,8-Speed Automatic,Black Forest Green,Black,None reported,Yes,41299,4,True,20,False,Mid-Range
Toyota,Tundra SR5 Access Cab,2004,"229,450 mi.",Gasoline,240.0HP 4.7L 8 Cylinder Engine Gasoline Fuel,A/T,Gray,Gray,None reported,Yes,8250,22,False,199,False,Budget
Maserati,Quattroporte Modena Q4,2023,"8,603 mi.",Gasoline,3.0L V6 24V GDI DOHC Twin Turbo,8-Speed Automatic,Blu,Tan,None reported,Yes,125900,3,True,34,False,Premium
Audi,RS 5 4.2,2014,"49,098 mi.",Gasoline,450.0HP 4.2L 8 Cylinder Engine Gasoline Fuel,Transmission w/Dual Shift Mode,White,Black,At least 1 accident or damage reported,Yes,44900,12,True,200,True,Premium
Nissan,Rogue S,2022,"21,212 mi.",Gasoline,1.5L I3 12V GDI DOHC Turbo,Automatic CVT,Gun Metallic,Charcoal,None reported,Yes,28906,4,False,116,False,Mid-Range
Porsche,Panamera 4S,2010,"62,743 mi.",Gasoline,400.0HP 4.8L 8 Cylinder Engine Gasoline Fuel,Transmission w/Dual Shift Mode,Silver,Gray,None reported,Yes,28600,16,False,201,True,Mid-Range
BMW,M440 i xDrive,2021,"24,300 mi.",Hybrid,382.0HP 3.0L Straight 6 Cylinder Engine Gasoline/Mild Electric Hybrid,8-Speed A/T,Gray,Beige,None reported,Yes,49999,5,True,375,True,Premium
Cadillac,Escalade Premium,2010,"104,000 mi.",E85 Flex Fuel,403.0HP 6.2L 8 Cylinder Engine Flex Fuel Capability,A/T,Gray,–,None reported,Yes,19500,16,False,107,False,Budget
Volvo,S60 T6 Momentum,2020,"46,250 mi.",Gasoline,2.0L I4 16V GDI DOHC,8-Speed Automatic,White,Charcoal,At least 1 accident or damage reported,Yes,27800,6,False,38,False,Mid-Range
Mazda,CX-9 Touring Plus,2023,"1,930 mi.",Gasoline,2.5L I4 16V GDI DOHC Turbo,6-Speed Automatic,Jet Black Mica,Black,At least 1 accident or damage reported,Yes,40655,3,True,64,False,Mid-Range
Chrysler,Pacifica Hybrid Touring L,2022,"61,494 mi.",Hybrid,3.6L V6 24V MPFI DOHC Hybrid,Automatic CVT,Bright White Clearcoat,Black,None reported,Yes,35850,4,True,28,False,Mid-Range
Jeep,Wrangler Unlimited Sport,2020,"24,040 mi.",Gasoline,2.0L I4 16V GDI DOHC Turbo,8-Speed Automatic,Black Clearcoat,Black,None reported,Yes,35273,6,True,143,False,Mid-Range
Toyota,Highlander Base,2001,"231,581 mi.",Gasoline,220.0HP 3.0L V6 Cylinder Engine Gasoline Fuel,A/T,Beige,Beige,None reported,Yes,4300,25,False,199,False,Budget
Ford,F-150 Lariat,2019,"81,000 mi.",Gasoline,375.0HP 3.5L V6 Cylinder Engine Gasoline Fuel,10-Speed A/T,Gray,Black,None reported,Yes,38500,7,True,386,False,Mid-Range
Ford,Bronco,1974,"6,217 mi.",–,–,–,Dark Gray Metallic,–,None reported,Yes,115000,52,True,386,False,Premium
Land,Rover Discovery Sport S R-Dynamic,2022,"23,568 mi.",Gasoline,2.0 Liter,Automatic,Firenze Red,Ebony,None reported,Yes,44998,4,True,130,True,Premium
Mazda,Mazda6 Touring,2020,"78,700 mi.",Gasoline,187.0HP 2.5L 4 Cylinder Engine Gasoline Fuel,A/T,White,Black,None reported,Yes,18000,6,False,64,False,Budget
Kia,Optima EX,2015,"109,580 mi.",Gasoline,192.0HP 2.4L 4 Cylinder Engine Gasoline Fuel,6-Speed A/T,Red,Black,At least 1 accident or damage reported,Yes,11900,11,False,76,False,Budget
Lexus,RX 350 Base,2009,"178,000 mi.",Gasoline,270.0HP 3.5L V6 Cylinder Engine Gasoline Fuel,A/T,Gray,Gray,At least 1 accident or damage reported,Yes,4500,17,False,163,True,Budget
Mitsubishi,Outlander Sport 2.4 SE,2016,"131,193 mi.",Gasoline,2.4L I4 16V MPFI DOHC,Automatic CVT,Black,Black,None reported,Yes,11970,10,False,20,False,Budget
Mercedes-Benz,GLS 450 Base 4MATIC,2017,"106,000 mi.",Gasoline,362.0HP 3.0L V6 Cylinder Engine Gasoline Fuel,9-Speed A/T,White,Black,None reported,Yes,25900,9,False,315,True,Mid-Range
Audi,A3 2.0T Premium,2019,"28,211 mi.",Gasoline,184.0HP 2.0L 4 Cylinder Engine Gasoline Fuel,Transmission w/Dual Shift Mode,Gray,Black,At least 1 accident or damage reported,Yes,27500,7,False,200,True,Mid-Range
Audi,A4 2.0T Premium,2015,"91,403 mi.",E85 Flex Fuel,2.0L I4 16V GDI DOHC Turbo Flexible Fuel,8-Speed Automatic,Silver,Gray,None reported,Yes,14998,11,False,200,True,Budget
Mercedes-Benz,CLA-Class CLA 250,2016,"88,600 mi.",Gasoline,208.0HP 2.0L 4 Cylinder Engine Gasoline Fuel,A/T,Black,Black,At least 1 accident or damage reported,Yes,16800,10,False,315,True,Budget
INFINITI,FX50 Base,2011,"84,900 mi.",Gasoline,390.0HP 5.0L 8 Cylinder Engine Gasoline Fuel,7-Speed A/T,Silver,Black,None reported,Yes,22450,15,False,59,False,Mid-Range
Kia,K5 EX,2021,"11,154 mi.",Gasoline,1.6L I4 16V GDI DOHC Turbo,8-Speed Automatic,Glacial White Pearl,Black,None reported,Yes,28998,5,False,76,False,Mid-Range
BMW,X5 eDrive xDrive40e,2018,"45,090 mi.",Plug-In Hybrid,313.0HP 2.0L 4 Cylinder Engine Plug-In Electric/Gas,8-Speed A/T,Gray,Black,At least 1 accident or damage reported,Yes,30750,8,False,375,True,Mid-Range
Mercedes-Benz,SLK-Class SLK230 Kompressor,2003,"33,272 mi.",Gasoline,192.0HP 2.3L 4 Cylinder Engine Gasoline Fuel,A/T,Red,Gray,At least 1 accident or damage reported,Yes,11900,23,False,315,True,Budget
Jeep,Wrangler SE,2003,"71,000 mi.",Gasoline,150.0HP 2.4L 4 Cylinder Engine Gasoline Fuel,5-Speed M/T,Red,Gray,None reported,Yes,12499,23,False,143,False,Budget
Kia,Telluride SX,2020,"55,400 mi.",Gasoline,291.0HP 3.8L V6 Cylinder Engine Gasoline Fuel,8-Speed A/T,Green,White,None reported,Yes,36500,6,True,76,False,Mid-Range
Land,Rover LR4 Lux,2012,"141,525 mi.",Gasoline,375.0HP 5.0L 8 Cylinder Engine Gasoline Fuel,A/T,Black,Black,None reported,Yes,14490,14,False,130,True,Budget
Jaguar,XKR Base,2007,"50,000 mi.",Gasoline,420.0HP 4.2L 8 Cylinder Engine Gasoline Fuel,Transmission w/Dual Shift Mode,Black,Beige,At least 1 accident or damage reported,Yes,21900,19,False,47,True,Mid-Range
BMW,M4 Base,2020,"29,140 mi.",Gasoline,425.0HP 3.0L Straight 6 Cylinder Engine Gasoline Fuel,M/T,Orange,Orange,None reported,Yes,71995,6,True,375,True,Premium
BMW,M340 i xDrive,2022,"9,000 mi.",Hybrid,382.0HP 3.0L Straight 6 Cylinder Engine Gasoline/Mild Electric Hybrid,8-Speed A/T,White,Red,None reported,Yes,56900,4,True,375,True,Premium
Mercedes-Benz,AMG GLE 53 AMG GLE 53,2021,"5,595 mi.",Hybrid,3.0 Liter Turbo,Automatic,designo Diamond White Metallic,Black,None reported,Yes,83598,5,True,315,True,Premium
RAM,1500 Laramie,2022,"34,121 mi.",Gasoline,5.7L V8 16V MPFI OHV,Automatic,Granite Crystal Clearcoat Metallic,Black,None reported,Yes,48190,4,True,91,False,Premium
BMW,ALPINA B7 Base,2013,"36,750 mi.",Gasoline,445.0HP 4.4L 8 Cylinder Engine Gasoline Fuel,A/T,Black,Black,None reported,Yes,35999,13,True,375,True,Mid-Range
Mercedes-Benz,C-Class C280 4MATIC,2007,"49,626 mi.",Gasoline,228.0HP 3.0L V6 Cylinder Engine Gasoline Fuel,A/T,White,–,None reported,Yes,12000,19,False,315,True,Budget
Jeep,Compass High Altitude,2017,"45,000 mi.",Gasoline,172.0HP 2.4L 4 Cylinder Engine Gasoline Fuel,A/T,White,Beige,At least 1 accident or damage reported,Yes,16500,9,False,143,False,Budget
Toyota,Highlander Hybrid XLE,2019,"69,350 mi.",Hybrid,306.0HP 3.5L V6 Cylinder Engine Gas/Electric Hybrid,A/T,Black,Gray,None reported,Yes,36000,7,True,199,False,Mid-Range
BMW,X5 M Base,2022,"8,307 mi.",Gasoline,4.4L V8 32V GDI DOHC Twin Turbo,8-Speed Automatic,Blue Metallic,Sakhir Orange,None reported,Yes,98900,4,True,375,True,Premium
BMW,M3 Base,2023,"4,106 mi.",Gasoline,3.0L I6 24V GDI DOHC Twin Turbo,6-Speed Manual,Isle of Man Green Metallic,Kyalami Orange,None reported,Yes,84645,3,True,375,True,Premium
BMW,M3 Base,1999,"184,700 mi.",Gasoline,240.0HP 3.2L Straight 6 Cylinder Engine Gasoline Fuel,5-Speed M/T,Blue,Gray,None reported,Yes,36950,27,True,375,True,Mid-Range
Maserati,Quattroporte S Q4 GranLusso,2018,"57,500 mi.",Gasoline,424.0HP 3.0L V6 Cylinder Engine Gasoline Fuel,8-Speed A/T,White,Brown,None reported,Yes,41900,8,True,34,False,Mid-Range
Acura,RDX Advance Package,2021,"29,000 mi.",Gasoline,272.0HP 2.0L 4 Cylinder Engine Gasoline Fuel,10-Speed A/T,Black,Black,None reported,Yes,39650,5,True,64,False,Mid-Range
Mercedes-Benz,GLA-Class GLA 250 4MATIC,2015,"61,675 mi.",Gasoline,208.0HP 2.0L 4 Cylinder Engine Gasoline Fuel,Transmission w/Dual Shift Mode,Gray,Black,At least 1 accident or damage reported,Yes,19000,11,False,315,True,Budget
Mercedes-Benz,Sprinter 3500XD High Roof,2021,"33,300 mi.",Diesel,188.0HP 3.0L V6 Cylinder Engine Diesel Fuel,7-Speed A/T,White,Black,None reported,Yes,45000,5,True,315,True,Premium
Cadillac,XTS Luxury,2014,"62,950 mi.",Gasoline,304.0HP 3.6L V6 Cylinder Engine Gasoline Fuel,6-Speed A/T,Silver,Gray,At least 1 accident or damage reported,Yes,17498,12,False,107,False,Budget
Chevrolet,Camaro 2LT,2015,"56,675 mi.",Gasoline,323.0HP 3.6L V6 Cylinder Engine Gasoline Fuel,Transmission w/Dual Shift Mode,Silver,Black,None reported,Yes,19750,11,False,292,False,Budget
Porsche,Cayenne S,2013,"92,000 mi.",Gasoline,400.0HP 4.8L 8 Cylinder Engine Gasoline Fuel,8-Speed A/T,Green,Gray,None reported,Yes,23000,13,False,201,True,Mid-Range
Dodge,Magnum R/T,2005,"96,000 mi.",Gasoline,340.0HP 5.7L 8 Cylinder Engine Gasoline Fuel,5-Speed A/T,Gray,Gold,At least 1 accident or damage reported,Yes,12000,21,False,90,False,Budget
INFINITI,Q70 3.7X,2014,"33,500 mi.",Gasoline,330.0HP 3.7L V6 Cylinder Engine Gasoline Fuel,7-Speed A/T,Black,Black,None reported,Yes,23000,12,False,59,False,Mid-Range
Land,Rover Range Rover SV Autobiography Dynamic SWB,2020,"16,754 mi.",Gasoline,557.0HP 5.0L 8 Cylinder Engine Gasoline Fuel,8-Speed A/T,White,White,None reported,Yes,112000,6,True,130,True,Premium
Toyota,Camry Hybrid Base,2007,"53,249 mi.",Hybrid,147.0HP 2.4L 4 Cylinder Engine Gas/Electric Hybrid,A/T,Silver,Gray,At least 1 accident or damage reported,Yes,9250,19,False,199,False,Budget
GMC,Acadia SLT-1,2016,"119,000 mi.",Gasoline,281.0HP 3.6L V6 Cylinder Engine Gasoline Fuel,A/T,Gold,Brown,None reported,Yes,12500,10,False,91,False,Budget
Lincoln,Corsair Reserve,2021,"29,336 mi.",Gasoline,2.0L I4 16V GDI DOHC Turbo,8-Speed Automatic,Black,Sandstone,None reported,Yes,36999,5,True,52,False,Mid-Range
RAM,2500 SLT,2017,"86,000 mi.",Diesel,350.0HP 6.7L Straight 6 Cylinder Engine Diesel Fuel,6-Speed A/T,Gray,Gray,At least 1 accident or damage reported,Yes,41000,9,True,91,False,Mid-Range
RAM,3500 Laramie,2014,"177,000 mi.",Diesel,385.0HP 6.7L Straight 6 Cylinder Engine Diesel Fuel,6-Speed A/T,Black,–,At least 1 accident or damage reported,Yes,40500,12,True,91,False,Mid-Range
Mercedes-Benz,GL-Class GL 450 4MATIC,2013,"93,500 mi.",Gasoline,362.0HP 4.6L 8 Cylinder Engine Gasoline Fuel,A/T,Black,Black,At least 1 accident or damage reported,Yes,15900,13,False,315,True,Budget
BMW,M5 Base,2018,"47,700 mi.",Gasoline,600.0HP 4.4L 8 Cylinder Engine Gasoline Fuel,8-Speed A/T,Red,White,At least 1 accident or damage reported,Yes,54999,8,True,375,True,Premium
Ford,Mustang SVT Cobra,2003,"97,496 mi.",Gasoline,390.0HP 4.6L 8 Cylinder Engine Gasoline Fuel,6-Speed M/T,Gray,Gray,None reported,Yes,24500,23,False,386,False,Mid-Range
Acura,ILX Premium Package,2022,"16,120 mi.",Gasoline,2.4L I4 16V GDI DOHC,8-Speed Automatic with Auto-Shift,Gray,Ebony,None reported,Yes,26599,4,False,64,False,Mid-Range
Buick,Rainier CXL,2005,"147,589 mi.",Gasoline,275.0HP 4.2L Straight 6 Cylinder Engine Gasoline Fuel,A/T,White,Beige,At least 1 accident or damage reported,Yes,2800,21,False,30,False,Budget
Cadillac,Escalade Luxury,2013,"95,570 mi.",E85 Flex Fuel,403.0HP 6.2L 8 Cylinder Engine Flex Fuel Capability,A/T,Black,Black,At least 1 accident or damage reported,Yes,22000,13,False,107,False,Mid-Range
Mercedes-Benz,S-Class S 560,2018,"45,791 mi.",Gasoline,463.0HP 4.0L 8 Cylinder Engine Gasoline Fuel,9-Speed A/T,Gray,Gray,None reported,Yes,52000,8,True,315,True,Premium
INFINITI,QX80 Base,2016,"60,000 mi.",Gasoline,400.0HP 5.6L 8 Cylinder Engine Gasoline Fuel,7-Speed A/T,Silver,Beige,At least 1 accident or damage reported,Yes,25950,10,False,59,False,Mid-Range
Buick,Encore Preferred,2019,"50,000 mi.",Gasoline,138.0HP 1.4L 4 Cylinder Engine Gasoline Fuel,6-Speed A/T,White,Black,None reported,Yes,18795,7,False,30,False,Budget
Mercedes-Benz,GLS 450 Base 4MATIC,2019,"33,481 mi.",Gasoline,3.0L V6 24V GDI DOHC Twin Turbo,9-Speed Automatic,Black,Almond Beige,None reported,Yes,43999,7,True,315,True,Premium
Jeep,Liberty Limited,2010,"107,000 mi.",Gasoline,210.0HP 3.7L V6 Cylinder Engine Gasoline Fuel,A/T,Gray,Gray,None reported,Yes,5900,16,False,143,False,Budget
Mercedes-Benz,S-Class S 63 AMG,2011,"60,000 mi.",Gasoline,536.0HP 5.5L 8 Cylinder Engine Gasoline Fuel,Transmission w/Dual Shift Mode,White,Black,At least 1 accident or damage reported,Yes,37000,15,True,315,True,Mid-Range
Audi,A8 L 3.0T,2016,"55,000 mi.",Gasoline,333.0HP 3.0L V6 Cylinder Engine Gasoline Fuel,A/T,White,Brown,None reported,Yes,28000,10,False,200,True,Mid-Range
Mazda,CX-30 2.5 S Select Package,2022,"4,004 mi.",Gasoline,186.0HP 2.5L 4 Cylinder Engine Gasoline Fuel,6-Speed A/T,Black,Black,None reported,Yes,25500,4,False,64,False,Mid-Range
Bentley,Continental GT Speed,2009,"57,800 mi.",Gasoline,600.0HP 6.0L 12 Cylinder Engine Gasoline Fuel,6-Speed A/T,Blue,Beige,None reported,Yes,59400,17,True,33,False,Premium
Bentley,Continental GT V8,2022,"10,972 mi.",Gasoline,4.0L V8 32V GDI DOHC Twin Turbo,8-Speed Automatic with Auto-Shift,Red,Black,None reported,Yes,217950,4,True,33,False,Premium
Bentley,Flying Spur V8,2022,"27,858 mi.",Gasoline,4.0L V8 32V GDI DOHC Twin Turbo,8-Speed Automatic with Auto-Shift,–,–,None reported,Yes,197750,4,True,33,False,Premium
Porsche,911 Carrera 4S,2018,"31,678 mi.",Gasoline,3.0 Liter,–,Silver,–,None reported,Yes,106798,8,True,201,True,Premium
Volkswagen,Golf R 4-Door,2016,"47,144 mi.",Gasoline,292.0HP 2.0L 4 Cylinder Engine Gasoline Fuel,6-Speed M/T,Blue,Black,None reported,Yes,29950,10,False,59,False,Mid-Range
Hyundai,Genesis Coupe 3.8 Grand Touring,2011,"165,454 mi.",Gasoline,306.0HP 3.8L V6 Cylinder Engine Gasoline Fuel,6-Speed A/T,Gray,Black,At least 1 accident or damage reported,Yes,4000,15,False,72,False,Budget
Ford,F-150 XLT,2018,"98,000 mi.",Gasoline,375.0HP 3.5L V6 Cylinder Engine Gasoline Fuel,10-Speed A/T,White,–,At least 1 accident or damage reported,Yes,25500,8,False,386,False,Mid-Range
Hyundai,Tucson Limited,2020,"39,913 mi.",Gasoline,2.4L I4 16V GDI DOHC,6-Speed Automatic,Black Noir Pearl,Beige,None reported,Yes,22749,6,False,72,False,Mid-Range
Ford,Mustang V6,2013,"147,191 mi.",Gasoline,305.0HP 3.7L V6 Cylinder Engine Gasoline Fuel,6-Speed A/T,Blue,Black,At least 1 accident or damage reported,Yes,12990,13,False,386,False,Budget
BMW,435 i,2014,"53,600 mi.",Gasoline,300.0HP 3.0L Straight 6 Cylinder Engine Gasoline Fuel,8-Speed A/T,Silver,Black,None reported,Yes,25980,12,False,375,True,Mid-Range
Dodge,Challenger R/T,2010,"100,100 mi.",–,–,Transmission w/Dual Shift Mode,Purple,Black,None reported,Yes,17000,16,False,90,False,Budget
Mercedes-Benz,AMG G 63 Base,2020,"1,750 mi.",Gasoline,577.0HP 4.0L 8 Cylinder Engine Gasoline Fuel,9-Speed A/T,Blue,Black,None reported,Yes,199995,6,True,315,True,Premium
Dodge,Challenger SRT Hellcat,2020,"2,750 mi.",Gasoline,797.0HP 6.2L 8 Cylinder Engine Gasoline Fuel,8-Speed A/T,Orange,Black,None reported,Yes,104500,6,True,90,False,Premium
Porsche,Boxster Base,2013,"40,800 mi.",Gasoline,265.0HP 2.7L Flat 6 Cylinder Engine Gasoline Fuel,7-Speed A/T,Brown,Beige,None reported,Yes,35500,13,True,201,True,Mid-Range
Porsche,Macan Base,2018,"36,798 mi.",Gasoline,2.0L I4 16V GDI DOHC Turbo,7-Speed Automatic with Auto-Shift,Volcano Grey Metallic,Black,At least 1 accident or damage reported,Yes,49500,8,True,201,True,Premium
Ford,F-250 XL,2021,"77,699 mi.",Diesel,6.7L V8 32V DDI OHV Turbo Diesel,Automatic,White,Medium Earth Gray,None reported,Yes,49883,5,True,386,False,Premium
Ford,Mustang GT,2010,"87,500 mi.",Gasoline,315.0HP 4.6L 8 Cylinder Engine Gasoline Fuel,A/T,Red,Black,At least 1 accident or damage reported,Yes,14900,16,False,386,False,Budget
Chevrolet,Suburban LT,2020,"93,000 mi.",Gasoline,355.0HP 5.3L 8 Cylinder Engine Gasoline Fuel,A/T,Black,Black,None reported,Yes,38500,6,True,292,False,Mid-Range
Mercedes-Benz,C-Class C 300 4MATIC,2018,"41,515 mi.",Gasoline,2.0L I4 16V GDI DOHC Turbo,9-Speed Automatic,Black,Black,None reported,Yes,28251,8,False,315,True,Mid-Range
RAM,1500 Classic Warlock,2019,"19,000 mi.",E85 Flex Fuel,3.6L V6 24V MPFI DOHC Flexible Fuel,8-Speed Automatic,Diamond Black,Diesel Gray / Black,At least 1 accident or damage reported,Yes,33242,7,True,91,False,Mid-Range
Toyota,Sequoia SR5,2023,"1,539 mi.",Hybrid,3.4L V6 24V PDI DOHC Twin Turbo Hybrid,Automatic,Green,Boulder,At least 1 accident or damage reported,Yes,76373,3,True,199,False,Premium
BMW,M5 Base,2018,"31,090 mi.",Gasoline,600.0HP 4.4L 8 Cylinder Engine Gasoline Fuel,8-Speed A/T,Green,Black,At least 1 accident or damage reported,Yes,68000,8,True,375,True,Premium
Mazda,Mazda3 FWD w/Premium Package,2022,"21,701 mi.",Gasoline,2.5L I4 16V,6-Speed Automatic,Soul Red Crystal Metallic,Black,None reported,Yes,25099,4,False,64,False,Mid-Range
Nissan,Rogue SL,2016,"97,726 mi.",Gasoline,"2.5L I-4 DOHC, variable valve control, regular unleaded, engine",Variable,Gun Metallic,Charcoal,At least 1 accident or damage reported,Yes,15998,10,False,116,False,Budget
Audi,A7 3.0T Prestige,2015,"73,000 mi.",Diesel,240.0HP 3.0L V6 Cylinder Engine Diesel Fuel,8-Speed A/T,White,Gray,None reported,Yes,34000,11,True,200,True,Mid-Range
Genesis,G80 3.8,2020,"23,600 mi.",Gasoline,311.0HP 3.8L V6 Cylinder Engine Gasoline Fuel,A/T,Blue,Gray,None reported,Yes,31900,6,True,20,False,Mid-Range
Rolls-Royce,Ghost Base,2016,"8,755 mi.",Gasoline,563.0HP 6.6L 12 Cylinder Engine Gasoline Fuel,A/T,Black,Black,None reported,Yes,166900,10,True,11,False,Premium
BMW,M6 Gran Coupe Base,2019,"20,500 mi.",Gasoline,560.0HP 4.4L 8 Cylinder Engine Gasoline Fuel,Transmission w/Dual Shift Mode,Blue,Black,None reported,Yes,67900,7,True,375,True,Premium
Ford,Mustang V6,2013,"57,912 mi.",Gasoline,305.0HP 3.7L V6 Cylinder Engine Gasoline Fuel,6-Speed M/T,Black,Black,At least 1 accident or damage reported,Yes,18750,13,False,386,False,Budget
BMW,650 i,2009,"35,000 mi.",Gasoline,360.0HP 4.8L 8 Cylinder Engine Gasoline Fuel,A/T,Black,Black,None reported,Yes,18500,17,False,375,True,Budget
Nissan,Leaf SV PLUS,2023,"7,089 mi.",Gasoline,214.0HP Electric Motor Electric Fuel System,1-Speed A/T,Black,Black,At least 1 accident or damage reported,Yes,29895,3,False,116,False,Mid-Range
Lincoln,MKC Reserve,2019,"35,469 mi.",Gasoline,2.3L I4 16V GDI DOHC Turbo,6-Speed Automatic,Black,–,None reported,Yes,30890,7,False,52,False,Mid-Range
Kia,Telluride EX,2022,"14,676 mi.",Gasoline,3.8L V6 24V GDI DOHC,8-Speed Automatic,Dark Moss,Gray,None reported,Yes,46787,4,True,76,False,Premium
Lincoln,Navigator Reserve,2022,"13,750 mi.",Gasoline,440.0HP 3.5L V6 Cylinder Engine Gasoline Fuel,10-Speed A/T,White,Beige,None reported,Yes,79999,4,True,52,False,Premium
Mercedes-Benz,S-Class S 550 4MATIC,2015,"13,300 mi.",Gasoline,449.0HP 4.7L 8 Cylinder Engine Gasoline Fuel,A/T,Black,Black,None reported,Yes,62500,11,True,315,True,Premium
Chevrolet,Suburban LT,2017,"117,000 mi.",Gasoline,6.0L 8 Cylinder Engine Gasoline Fuel,6-Speed A/T,Blue,Beige,None reported,Yes,27000,9,False,292,False,Mid-Range
Audi,A7 55 Premium,2020,"27,100 mi.",Hybrid,335.0HP 3.0L V6 Cylinder Engine Gasoline/Mild Electric Hybrid,A/T,White,Black,None reported,Yes,50000,6,True,200,True,Premium
Ford,Mustang EcoBoost Premium,2017,"89,352 mi.",Gasoline,310.0HP 2.3L 4 Cylinder Engine Gasoline Fuel,6-Speed A/T,White,Black,At least 1 accident or damage reported,Yes,20989,9,False,386,False,Budget
Chevrolet,Cruze LS,2018,"100,000 mi.",Gasoline,153.0HP 1.4L 4 Cylinder Engine Gasoline Fuel,A/T,White,Black,At least 1 accident or damage reported,Yes,8500,8,False,292,False,Budget
Land,Rover Range Rover HSE SWB,2020,"16,000 mi.",Hybrid,395.0HP 3.0L Straight 6 Cylinder Engine Gasoline/Mild Electric Hybrid,A/T,Silver,Black,None reported,Yes,75500,6,True,130,True,Premium
Land,Rover Defender S,2023,"15,200 mi.",Gasoline,296.0HP 2.0L 4 Cylinder Engine Gasoline Fuel,A/T,White,Black,None reported,Yes,62999,3,True,130,True,Premium
BMW,650 i,2012,"39,960 mi.",Gasoline,400.0HP 4.4L 8 Cylinder Engine Gasoline Fuel,6-Speed M/T,White,Brown,None reported,Yes,38995,14,True,375,True,Mid-Range
Ford,Mustang Base,2008,"119,000 mi.",Gasoline,210.0HP 4.0L V6 Cylinder Engine Gasoline Fuel,A/T,White,Black,At least 1 accident or damage reported,Yes,13500,18,False,386,False,Budget
Kia,K5 GT-Line,2022,"10,971 mi.",Gasoline,1.6L I4 16V GDI DOHC Turbo,8-Speed Automatic,Passion Red,Black,None reported,Yes,29998,4,False,76,False,Mid-Range
Mazda,Mazda3 i Touring,2014,"118,500 mi.",Gasoline,155.0HP 2.0L 4 Cylinder Engine Gasoline Fuel,M/T,Silver,Black,At least 1 accident or damage reported,Yes,11500,12,False,64,False,Budget
Kia,Stinger GT1,2021,"8,288 mi.",Gasoline,365.0HP 3.3L V6 Cylinder Engine Gasoline Fuel,8-Speed A/T,Black,Black,None reported,Yes,45899,5,True,76,False,Premium
Chevrolet,Camaro ZL1,2023,"2,950 mi.",Gasoline,650.0HP 6.2L 8 Cylinder Engine Gasoline Fuel,10-Speed A/T,Red,Gray,None reported,Yes,74500,3,True,292,False,Premium
Mercedes-Benz,AMG G 63 Base,2017,"73,000 mi.",Gasoline,563.0HP 5.5L 8 Cylinder Engine Gasoline Fuel,7-Speed A/T,White,Black,At least 1 accident or damage reported,Yes,78000,9,True,315,True,Premium
Ford,Thunderbird Premium,2005,"82,000 mi.",Gasoline,280.0HP 3.9L 8 Cylinder Engine Gasoline Fuel,Transmission w/Dual Shift Mode,Gold,White,None reported,Yes,14900,21,False,386,False,Budget
Audi,e-tron Prestige,2019,"7,874 mi.",Gasoline,Electric,1-Speed Automatic,Typhoon Gray Metallic,Pearl Beige,None reported,Yes,38999,7,True,200,True,Mid-Range
GMC,Sierra 1500 SLT,2017,"49,105 mi.",Gasoline,420.0HP 6.2L 8 Cylinder Engine Gasoline Fuel,8-Speed A/T,White,Black,None reported,Yes,39750,9,True,91,False,Mid-Range
Kia,Telluride LX,2023,"5,500 mi.",Gasoline,291.0HP 3.8L V6 Cylinder Engine Gasoline Fuel,8-Speed A/T,Silver,Black,None reported,Yes,40000,3,True,76,False,Mid-Range
Chevrolet,Corvette Base,2005,"36,700 mi.",Gasoline,400.0HP 6.0L 8 Cylinder Engine Gasoline Fuel,6-Speed M/T,Blue,Black,None reported,Yes,26000,21,False,292,False,Mid-Range
BMW,650 i,2014,"40,000 mi.",Gasoline,445.0HP 4.4L 8 Cylinder Engine Gasoline Fuel,Transmission w/Dual Shift Mode,White,Beige,None reported,Yes,34000,12,True,375,True,Mid-Range
Nissan,Rogue SL,2017,"78,110 mi.",Gasoline,170.0HP 2.5L 4 Cylinder Engine Gasoline Fuel,A/T,Silver,Black,None reported,Yes,17500,9,False,116,False,Budget
GMC,Acadia Denali,2015,"74,864 mi.",Gasoline,288.0HP 3.6L V6 Cylinder Engine Gasoline Fuel,A/T,Gray,Beige,None reported,Yes,19780,11,False,91,False,Budget
Cadillac,Escalade Premium Luxury Platinum,2021,"15,350 mi.",Gasoline,420.0HP 6.2L 8 Cylinder Engine Gasoline Fuel,10-Speed A/T,Black,Black,None reported,Yes,93500,5,True,107,False,Premium
Nissan,GT-R Premium,2010,"46,100 mi.",Gasoline,485.0HP 3.8L V6 Cylinder Engine Gasoline Fuel,6-Speed A/T,Blue,Black,None reported,Yes,72999,16,True,116,False,Premium
Toyota,Highlander XLE,2018,"61,454 mi.",Gasoline,295.0HP 3.5L V6 Cylinder Engine Gasoline Fuel,A/T,Silver,Gray,None reported,Yes,31000,8,False,199,False,Mid-Range
BMW,X7 xDrive40i,2020,"45,241 mi.",Gasoline,335.0HP 3.0L Straight 6 Cylinder Engine Gasoline Fuel,A/T,Blue,Brown,None reported,Yes,54500,6,True,375,True,Premium
INFINITI,QX60 Base,2018,"48,000 mi.",Gasoline,295.0HP 3.5L V6 Cylinder Engine Gasoline Fuel,CVT Transmission,Black,Black,None reported,Yes,27000,8,False,59,False,Mid-Range
Lexus,IS 250C Base,2010,"68,500 mi.",Gasoline,204.0HP 2.5L V6 Cylinder Engine Gasoline Fuel,6-Speed M/T,Black,Beige,None reported,Yes,18500,16,False,163,True,Budget
GMC,Sierra 1500 Denali,2019,"43,433 mi.",Gasoline,5.3L V8 16V GDI OHV,Automatic,Onyx Black,Walnut,None reported,Yes,51899,7,True,91,False,Premium
Chevrolet,SSR Base,2005,"122,961 mi.",Gasoline,6.0L V8 16V MPFI OHV,4-Speed Automatic,Redline Red,Ebony,None reported,Yes,20995,21,False,292,False,Budget
Dodge,Challenger R/T,2014,"92,861 mi.",Gasoline,375.0HP 5.7L 8 Cylinder Engine Gasoline Fuel,5-Speed A/T,Gray,Red,None reported,Yes,19750,12,False,90,False,Budget
Hyundai,Equus Signature,2016,"72,000 mi.",Gasoline,429.0HP 5.0L 8 Cylinder Engine Gasoline Fuel,8-Speed A/T,White,Beige,None reported,Yes,21400,10,False,72,False,Budget
Lamborghini,Aventador SVJ Base,2019,"6,929 mi.",Gasoline,759.0HP 6.5L 12 Cylinder Engine Gasoline Fuel,A/T,Blue,Black,None reported,Yes,649999,7,True,26,False,Premium
Ford,Mustang GT,2003,"83,000 mi.",Gasoline,260.0HP 4.6L 8 Cylinder Engine Gasoline Fuel,A/T,Gray,Black,None reported,Yes,10500,23,False,386,False,Budget
Audi,e-tron Premium,2021,"18,031 mi.",Gasoline,Electric,1-Speed Automatic,Navarra Blue Metallic,Black,None reported,Yes,39599,5,True,200,True,Mid-Range
Toyota,Sequoia Limited,2023,"8,200 mi.",Hybrid,437.0HP 3.4L V6 Cylinder Engine Gas/Electric Hybrid,10-Speed A/T,Brown,Black,None reported,Yes,78900,3,True,199,False,Premium
Land,Rover Range Rover Sport HST MHEV,2020,"19,000 mi.",Hybrid,395.0HP 3.0L Straight 6 Cylinder Engine Gasoline/Mild Electric Hybrid,Transmission w/Dual Shift Mode,Silver,Black,None reported,Yes,74900,6,True,130,True,Premium
Jeep,Grand Cherokee L Limited,2022,"12,875 mi.",Gasoline,3.6L V6 24V MPFI DOHC,8-Speed Automatic,Diamond Black,Global Black,None reported,Yes,42599,4,True,143,False,Premium
Maserati,GranTurismo Sport,2015,"32,000 mi.",Gasoline,454.0HP 4.7L 8 Cylinder Engine Gasoline Fuel,A/T,Beige,Brown,None reported,Yes,36000,11,True,34,False,Mid-Range
BMW,M5 Base,2013,"61,145 mi.",Gasoline,560.0HP 4.4L 8 Cylinder Engine Gasoline Fuel,7-Speed A/T,White,Beige,At least 1 accident or damage reported,Yes,37500,13,True,375,True,Mid-Range
Mercedes-Benz,C-Class 4MATIC Sedan,2022,"9,612 mi.",Gasoline,"2L I-4 gasoline direct injection, DOHC, variable valve control,","Automatic, 9-Spd 9G-Tronic",–,–,None reported,Yes,43900,4,True,315,True,Premium
Land,Rover Range Rover Sport First Edition,2023,"3,534 mi.",Hybrid,4.4 Liter,Automatic,Red,Black,None reported,Yes,143998,3,True,130,True,Premium
Ford,F-150 Lariat,2011,"152,000 mi.",Gasoline,365.0HP 3.5L V6 Cylinder Engine Gasoline Fuel,6-Speed A/T,Brown,Beige,None reported,Yes,14000,15,False,386,False,Budget
Audi,A4 2.0T Premium,2012,"129,567 mi.",Gasoline,211.0HP 2.0L 4 Cylinder Engine Gasoline Fuel,A/T,White,Black,None reported,Yes,7000,14,False,200,True,Budget
BMW,540 i xDrive,2019,"36,000 mi.",Gasoline,335.0HP 3.0L Straight 6 Cylinder Engine Gasoline Fuel,8-Speed A/T,Gray,Black,At least 1 accident or damage reported,Yes,41995,7,True,375,True,Mid-Range
BMW,X6 xDrive35i,2009,"92,008 mi.",Gasoline,300.0HP 3.0L Straight 6 Cylinder Engine Gasoline Fuel,6-Speed A/T,White,Black,None reported,Yes,12500,17,False,375,True,Budget
Ford,Mustang Base,1998,"63,900 mi.",Gasoline,150.0HP 3.8L V6 Cylinder Engine Gasoline Fuel,A/T,White,Gray,None reported,Yes,10300,28,False,386,False,Budget
Toyota,Sequoia Limited,2012,"150,900 mi.",Gasoline,381.0HP 5.7L 8 Cylinder Engine Gasoline Fuel,A/T,Black,Gray,None reported,Yes,17500,14,False,199,False,Budget
Dodge,Challenger R/T Scat Pack,2019,"43,000 mi.",–,–,6-Speed M/T,Green,Black,None reported,Yes,50000,7,True,90,False,Premium
Land,Rover Range Rover 3.0L Supercharged,2018,"38,020 mi.",Gasoline,5.0 Liter,Automatic,White,Espresso,None reported,Yes,63998,8,True,130,True,Premium
Audi,Q8 55 Premium Plus,2021,"14,750 mi.",Hybrid,335.0HP 3.0L V6 Cylinder Engine Gasoline/Mild Electric Hybrid,Transmission w/Dual Shift Mode,Silver,Black,None reported,Yes,61059,5,True,200,True,Premium
Subaru,WRX Base,2015,"52,500 mi.",Gasoline,268.0HP 2.0L 4 Cylinder Engine Gasoline Fuel,6-Speed M/T,Gray,Black,None reported,Yes,23000,11,False,64,False,Mid-Range
Chevrolet,Suburban LT,2017,"207,571 mi.",Gasoline,355.0HP 5.3L 8 Cylinder Engine Gasoline Fuel,6-Speed A/T,Black,Black,At least 1 accident or damage reported,Yes,21000,9,False,292,False,Budget
INFINITI,QX60 Pure,2020,"39,000 mi.",Gasoline,295.0HP 3.5L V6 Cylinder Engine Gasoline Fuel,A/T,Gray,Gray,None reported,Yes,29900,6,False,59,False,Mid-Range
Porsche,Cayman Base,2011,"66,000 mi.",Gasoline,265.0HP 2.9L Flat 6 Cylinder Engine Gasoline Fuel,A/T,Black,Brown,None reported,Yes,28000,15,False,201,True,Mid-Range
INFINITI,QX60 Base,2017,"93,500 mi.",Gasoline,295.0HP 3.5L V6 Cylinder Engine Gasoline Fuel,A/T,Black,Black,None reported,Yes,16000,9,False,59,False,Budget
BMW,M4 Base,2018,"7,200 mi.",Gasoline,425.0HP 3.0L Straight 6 Cylinder Engine Gasoline Fuel,7-Speed A/T,Black,Black,None reported,Yes,64000,8,True,375,True,Premium
Maserati,MC20 MC20,2022,"1,220 mi.",Gasoline,"Nettuno 3L V-6 port/direct injection, DOHC, variable valve contr","Automatic, 8-Spd Dual-Clutch",–,–,None reported,Yes,238900,4,True,34,False,Premium
Land,Rover Defender SE,2023,"8,421 mi.",Hybrid,395.0HP 3.0L Straight 6 Cylinder Engine Gasoline/Mild Electric Hybrid,A/T,Black,White,None reported,Yes,90000,3,True,130,True,Premium
BMW,M8 Base,2020,"25,520 mi.",Gasoline,4.4L V8 32V GDI DOHC Twin Turbo,8-Speed Automatic,Brands Hatch Gray Metallic,Black,None reported,Yes,84900,6,True,375,True,Premium
Tesla,Model Y Performance,2020,"30,554 mi.",Gasoline,Electric,1-Speed Automatic,Blue,Black,None reported,Yes,41999,6,True,87,False,Mid-Range
Volvo,C40 Recharge Pure Electric Twin Ultimate,2023,"17,000 mi.",Gasoline,402.0HP Electric Motor Electric Fuel System,A/T,Gray,Blue,None reported,Yes,54900,3,True,38,False,Premium
Mercedes-Benz,SL-Class SL 550,2011,"41,314 mi.",Gasoline,382.0HP 5.5L 8 Cylinder Engine Gasoline Fuel,Transmission w/Dual Shift Mode,Red,White,At least 1 accident or damage reported,Yes,30999,15,False,315,True,Mid-Range
Land,Rover Range Rover P525 HSE SWB,2020,"49,899 mi.",Gasoline,518.0HP 5.0L 8 Cylinder Engine Gasoline Fuel,Transmission w/Dual Shift Mode,White,Black,At least 1 accident or damage reported,Yes,64500,6,True,130,True,Premium
Ford,Escape XLT,2012,"186,268 mi.",E85 Flex Fuel,240.0HP 3.0L V6 Cylinder Engine Flex Fuel Capability,6-Speed A/T,Blue,Black,None reported,Yes,4500,14,False,386,False,Budget
Lexus,ES 350 Base,2016,"51,335 mi.",Gasoline,268.0HP 3.5L V6 Cylinder Engine Gasoline Fuel,6-Speed A/T,Silver,Black,At least 1 accident or damage reported,Yes,25995,10,False,163,True,Mid-Range
Porsche,718 Boxster GTS,2019,"10,400 mi.",Gasoline,365.0HP 2.5L 4 Cylinder Engine Gasoline Fuel,A/T,Gray,Black,None reported,Yes,99750,7,True,201,True,Premium
Mercedes-Benz,G-Class G 550,2020,"20,622 mi.",Gasoline,4.0 Liter Twin Turbo,Automatic,designo Diamond White Metallic,Black,None reported,Yes,142998,6,True,315,True,Premium
RAM,1500 Big Horn,2022,"19,376 mi.",Gasoline,5.7L V8 16V MPFI OHV,Automatic,Bright White Clearcoat,Black,None reported,Yes,45861,4,True,91,False,Premium
Audi,R8 5.2 V10 performance,2020,"12,245 mi.",Gasoline,5.2L V10 40V PDI DOHC,7-Speed Automatic with Auto-Shift,Daytona Gray Pearl Effect w/ Black Roof,Black / Express Red,None reported,Yes,187900,6,True,200,True,Premium
Mitsubishi,Lancer Evolution IX,2006,"77,000 mi.",Gasoline,286.0HP 2.0L 4 Cylinder Engine Gasoline Fuel,5-Speed M/T,Silver,Black,None reported,Yes,57000,20,True,20,False,Premium
Acura,TL Technology,2013,"40,000 mi.",Gasoline,280.0HP 3.5L V6 Cylinder Engine Gasoline Fuel,6-Speed A/T,Blue,Gray,None reported,Yes,24000,13,False,64,False,Mid-Range
Cadillac,CTS Luxury,2012,"113,000 mi.",Gasoline,270.0HP 3.0L V6 Cylinder Engine Gasoline Fuel,6-Speed A/T,White,Beige,None reported,Yes,10000,14,False,107,False,Budget
Chevrolet,Camaro 1SS,2022,"7,600 mi.",Gasoline,455.0HP 6.2L 8 Cylinder Engine Gasoline Fuel,6-Speed M/T,Gray,Black,At least 1 accident or damage reported,Yes,46000,4,True,292,False,Premium
Toyota,Camry Hybrid LE,2022,"20,400 mi.",Hybrid,208.0HP 2.5L 4 Cylinder Engine Gas/Electric Hybrid,CVT Transmission,White,Gray,None reported,Yes,29900,4,False,199,False,Mid-Range
Ford,Transit-350 XLT,2019,"115,000 mi.",Gasoline,310.0HP 3.5L V6 Cylinder Engine Gasoline Fuel,A/T,White,Gray,None reported,Yes,39000,7,True,386,False,Mid-Range
Lexus,RX 450h Base,2012,"239,000 mi.",Hybrid,295.0HP 3.5L V6 Cylinder Engine Gas/Electric Hybrid,A/T,Black,Black,None reported,Yes,7000,14,False,163,True,Budget
Jaguar,F-TYPE V6 S,2014,"62,194 mi.",Gasoline,3.0 Liter SC ULEV,Automatic,Black,Black,None reported,Yes,32998,12,True,47,True,Mid-Range
Jeep,Wrangler Sahara,2020,"22,138 mi.",Gasoline,3.6 Liter,Automatic,Black,Black,None reported,Yes,38598,6,True,143,False,Mid-Range
Porsche,718 Boxster S,2017,"48,900 mi.",Gasoline,350.0HP 2.5L 4 Cylinder Engine Gasoline Fuel,Transmission w/Dual Shift Mode,Blue,Black,None reported,Yes,62500,9,True,201,True,Premium
Audi,R8 5.2,2014,"21,800 mi.",Gasoline,525.0HP 5.2L 10 Cylinder Engine Gasoline Fuel,Transmission w/Dual Shift Mode,White,Black,None reported,Yes,117000,12,True,200,True,Premium
Lincoln,MKZ Base,2016,"68,200 mi.",Gasoline,300.0HP 3.7L V6 Cylinder Engine Gasoline Fuel,6-Speed A/T,Silver,Black,At least 1 accident or damage reported,Yes,16750,10,False,52,False,Budget
Chevrolet,S-10 LS Crew Cab,2001,"139,000 mi.",Gasoline,190.0HP 4.3L V6 Cylinder Engine Gasoline Fuel,A/T,Red,Gray,None reported,Yes,7000,25,False,292,False,Budget
Mercedes-Benz,G-Class G 550 4MATIC,2021,"76,100 mi.",Gasoline,416.0HP 4.0L 8 Cylinder Engine Gasoline Fuel,A/T,Black,Black,None reported,Yes,130000,5,True,315,True,Premium
Lexus,RX 350 RX 350 F SPORT Handling,2022,"14,330 mi.",Gasoline,3.5 Liter DOHC,Automatic,Black,Red,None reported,Yes,54998,4,True,163,True,Premium
BMW,750 i xDrive,2019,"41,906 mi.",Gasoline,445.0HP 4.4L 8 Cylinder Engine Gasoline Fuel,8-Speed A/T,Blue,White,At least 1 accident or damage reported,Yes,45999,7,True,375,True,Premium
Chevrolet,Camaro 2SS,2016,"164,000 mi.",Gasoline,455.0HP 6.2L 8 Cylinder Engine Gasoline Fuel,8-Speed A/T,Black,Red,None reported,Yes,21500,10,False,292,False,Budget
Ford,Fusion Hybrid SE,2013,"161,933 mi.",Hybrid,2.0L I4 16V MPFI DOHC Hybrid,Automatic CVT,Blue,Charcoal Black,None reported,Yes,7945,13,False,386,False,Budget
Hyundai,Santa Cruz 2.5T Limited,2022,"22,829 mi.",Gasoline,2.5L I4 16V PDI DOHC Turbo,Automatic,Hampton Gray,Black,None reported,Yes,34580,4,True,72,False,Mid-Range
Lexus,RX 350 F Sport,2023,"5,483 mi.",Gasoline,2.4L I4 16V PDI DOHC Turbo,8-Speed Automatic,Ultra White,Black,None reported,Yes,59950,3,True,163,True,Premium
Land,Rover Range Rover Evoque S,2020,"46,891 mi.",Gasoline,246.0HP 2.0L 4 Cylinder Engine Gasoline Fuel,9-Speed A/T,Gray,Black,At least 1 accident or damage reported,Yes,31000,6,False,130,True,Mid-Range
Chevrolet,Suburban LT,2019,"72,000 mi.",Gasoline,355.0HP 5.3L 8 Cylinder Engine Gasoline Fuel,A/T,Blue,Beige,At least 1 accident or damage reported,Yes,39000,7,True,292,False,Mid-Range
Porsche,718 Spyder Base,2020,"3,400 mi.",Gasoline,414.0HP 4.0L Flat 6 Cylinder Engine Gasoline Fuel,6-Speed M/T,White,Black,None reported,Yes,129900,6,True,201,True,Premium
Chevrolet,Camaro 1LT,2021,"18,000 mi.",Gasoline,335.0HP 3.6L V6 Cylinder Engine Gasoline Fuel,10-Speed A/T,White,Black,At least 1 accident or damage reported,Yes,30000,5,False,292,False,Mid-Range
Jeep,Gladiator Freedom,2021,"30,630 mi.",Gasoline,3.6 Liter,Automatic,Hydro Blue Pearlcoat,Black,None reported,Yes,39998,5,True,143,False,Mid-Range
Toyota,Tacoma Double Cab,2007,"24,985 mi.",Gasoline,236.0HP 4.0L V6 Cylinder Engine Gasoline Fuel,5-Speed A/T,Silver,Silver,None reported,Yes,33580,19,True,199,False,Mid-Range
GMC,Yukon Denali Ultimate,2023,"9,978 mi.",Gasoline,420.0HP 6.2L 8 Cylinder Engine Gasoline Fuel,10-Speed A/T,White,Gold,None reported,Yes,93999,3,True,91,False,Premium
Ford,Shelby GT350R Base,2018,"18,500 mi.",Gasoline,526.0HP 5.2L 8 Cylinder Engine Gasoline Fuel,M/T,Blue,Black,At least 1 accident or damage reported,Yes,77999,8,True,386,False,Premium
Cadillac,Escalade Premium Luxury Platinum,2021,"72,843 mi.",Gasoline,6.2L V8 16V GDI OHV,10-Speed Automatic,Sandstone Metallic,Dark Auburn,None reported,Yes,79990,5,True,107,False,Premium
Buick,LaCrosse Base,2017,"67,500 mi.",Gasoline,310.0HP 3.6L V6 Cylinder Engine Gasoline Fuel,8-Speed A/T,Black,Beige,None reported,Yes,20000,9,False,30,False,Budget
Tesla,Model X Long Range Plus,2020,"43,534 mi.",Gasoline,534.0HP Electric Motor Electric Fuel System,1-Speed A/T,Black,Black,None reported,Yes,65990,6,True,87,False,Premium
Mercedes-Benz,E-Class E 300 4MATIC,2017,"36,900 mi.",Gasoline,241.0HP 2.0L 4 Cylinder Engine Gasoline Fuel,9-Speed A/T,Gray,Beige,None reported,Yes,28500,9,False,315,True,Mid-Range
Chevrolet,Tahoe LT,2017,"61,720 mi.",E85 Flex Fuel,5.3 Liter,Automatic,Silver,Jet Black,At least 1 accident or damage reported,Yes,39998,9,True,292,False,Mid-Range
Kia,Telluride EX,2022,"35,938 mi.",Gasoline,3.8L V6 24V GDI DOHC,8-Speed Automatic,Glacial White Pearl,Black,None reported,Yes,43329,4,True,76,False,Premium
Toyota,Tundra Hybrid Limited,2023,"10,748 mi.",Hybrid,3.4L V6 24V PDI DOHC Twin Turbo Hybrid,Automatic,Midnight Black Metallic,Black,None reported,Yes,63100,3,True,199,False,Premium
Audi,S8 4.0T quattro,2023,"4,457 mi.",Gasoline,4.0L V8 32V GDI DOHC Twin Turbo,Automatic,Mythos Black Metallic,Black,None reported,Yes,107900,3,True,200,True,Premium
Nissan,Armada Platinum,2018,"108,206 mi.",Gasoline,5.6 Liter,Automatic,White,Charcoal,At least 1 accident or damage reported,Yes,26498,8,False,116,False,Mid-Range
Land,Rover Discovery HSE,2020,"32,705 mi.",Diesel,3.0 Liter,Automatic,Portofino Blue Metallic,Tan/Ebony/Ebony,None reported,Yes,46598,6,True,130,True,Premium
Kia,Telluride S,2020,"74,026 mi.",Gasoline,3.8L V6 24V GDI DOHC,8-Speed Automatic,Sangria Red,Black,None reported,Yes,32913,6,True,76,False,Mid-Range
Lexus,GS 350 F Sport,2020,"24,651 mi.",Gasoline,3.5L V6 24V PDI DOHC,6-Speed Automatic,Ultra White,Black,None reported,Yes,45950,6,True,163,True,Premium
BMW,X6 xDrive40i,2022,"13,000 mi.",Hybrid,335.0HP 3.0L Straight 6 Cylinder Engine Gasoline/Mild Electric Hybrid,Transmission w/Dual Shift Mode,Gray,Orange,None reported,Yes,69000,4,True,375,True,Premium
Land,Rover Range Rover P400 SE SWB,2023,"11,700 mi.",Hybrid,395.0HP 3.0L Straight 6 Cylinder Engine Gasoline/Mild Electric Hybrid,Transmission w/Dual Shift Mode,Gray,White,None reported,Yes,133500,3,True,130,True,Premium
Chevrolet,Silverado 3500 High Country,2015,"77,500 mi.",Diesel,397.0HP 6.6L 8 Cylinder Engine Diesel Fuel,6-Speed A/T,Black,Brown,None reported,Yes,54000,11,True,292,False,Premium
Maserati,Quattroporte Sport GT,2007,"82,000 mi.",Gasoline,394.0HP 4.2L 8 Cylinder Engine Gasoline Fuel,Transmission w/Dual Shift Mode,Black,Black,At least 1 accident or damage reported,Yes,7999,19,False,34,False,Budget
Dodge,Viper GTC,2017,"1,389 mi.",Gasoline,645.0HP 8.4L 10 Cylinder Engine Gasoline Fuel,M/T,Black,Black,None reported,Yes,489995,9,True,90,False,Premium
Ford,Expedition Limited,2021,"29,830 mi.",Gasoline,3.5L V6 24V PDI DOHC Twin Turbo,10-Speed Automatic,Magnetic Metallic,Ebony,None reported,Yes,55329,5,True,386,False,Premium
Mazda,Mazda6 i Grand Touring,2016,"83,100 mi.",–,–,A/T,White,White,None reported,Yes,17800,10,False,64,False,Budget
Kia,Optima LX,2019,"62,660 mi.",Gasoline,185.0HP 2.4L 4 Cylinder Engine Gasoline Fuel,A/T,White,Black,None reported,Yes,16500,7,False,76,False,Budget
Land,Rover Range Rover Sport SVR,2018,"56,006 mi.",Gasoline,575.0HP 5.0L 8 Cylinder Engine Gasoline Fuel,Transmission w/Dual Shift Mode,Silver,White,None reported,Yes,59000,8,True,130,True,Premium
Lexus,RX 450h F SPORT Handling,2021,"31,365 mi.",Hybrid,3.5 Liter DOHC,Variable,Beige,Red,None reported,Yes,52998,5,True,163,True,Premium
Lincoln,Town Car Base,2004,"27,600 mi.",Gasoline,239.0HP 4.6L 8 Cylinder Engine Gasoline Fuel,4-Speed A/T,Black,White,None reported,Yes,14900,22,False,52,False,Budget
Honda,Civic Si,2012,"47,245 mi.",Gasoline,201.0HP 2.4L 4 Cylinder Engine Gasoline Fuel,6-Speed M/T,White,Black,None reported,Yes,19600,14,False,63,False,Budget
Lexus,RX 450h Base,2017,"73,948 mi.",Hybrid,308.0HP 3.5L V6 Cylinder Engine Gas/Electric Hybrid,A/T,White,Beige,None reported,Yes,31990,9,True,163,True,Mid-Range
RAM,1500 Classic Warlock,2019,"36,757 mi.",E85 Flex Fuel,3.6L V6 24V MPFI DOHC Flexible Fuel,8-Speed Automatic,Diamond Black,Diesel Gray / Black,None reported,Yes,31953,7,True,91,False,Mid-Range
Tesla,Model Y Long Range,2023,"4,786 mi.",Gasoline,425.0HP Electric Motor Electric Fuel System,A/T,White,White,None reported,Yes,48000,3,True,87,False,Premium
Audi,RS 3 2.5T,2023,"1,900 mi.",Gasoline,401.0HP 2.5L 5 Cylinder Engine Gasoline Fuel,Transmission w/Dual Shift Mode,Gray,Black,None reported,Yes,78900,3,True,200,True,Premium
Hyundai,Genesis Coupe 3.8 R-Spec,2014,"52,060 mi.",Gasoline,348.0HP 3.8L V6 Cylinder Engine Gasoline Fuel,6-Speed M/T,Black,Black,At least 1 accident or damage reported,Yes,15000,12,False,72,False,Budget
Porsche,Boxster RS 60 Spyder,2008,"58,000 mi.",Gasoline,303.0HP 3.4L Flat 6 Cylinder Engine Gasoline Fuel,6-Speed M/T,Silver,Black,None reported,Yes,41500,18,True,201,True,Mid-Range
Ford,F-250 XLT,2010,"52,246 mi.",Diesel,6.4L V8 32V DDI OHV Twin Turbo Diesel,6-Speed Manual,Tan,Medium Stone,None reported,Yes,26095,16,False,386,False,Mid-Range
Kia,Sorento EX,2016,"64,290 mi.",Gasoline,2.0L I4 16V GDI DOHC Turbo,6-Speed Automatic,Snow White Pearl,Satin Black,None reported,Yes,16999,10,False,76,False,Budget
Nissan,370Z Touring,2009,"37,500 mi.",Gasoline,332.0HP 3.7L V6 Cylinder Engine Gasoline Fuel,6-Speed M/T,Silver,Orange,None reported,Yes,21500,17,False,116,False,Budget
Genesis,G70 2.0T,2023,"2,121 mi.",Gasoline,252.0HP 2.0L 4 Cylinder Engine Gasoline Fuel,8-Speed A/T,White,Red,None reported,Yes,40750,3,True,20,False,Mid-Range
Land,Rover Range Rover Sport Supercharged,2013,"57,000 mi.",Gasoline,510.0HP 5.0L 8 Cylinder Engine Gasoline Fuel,Transmission w/Dual Shift Mode,White,Beige,None reported,Yes,26000,13,False,130,True,Mid-Range
Mercedes-Benz,S-Class S 560 4MATIC,2020,"22,000 mi.",Gasoline,463.0HP 4.0L 8 Cylinder Engine Gasoline Fuel,A/T,White,Beige,None reported,Yes,69500,6,True,315,True,Premium
Ford,Bronco Wildtrak Advanced,2023,"2,000 mi.",Gasoline,315.0HP 2.7L V6 Cylinder Engine Gasoline Fuel,A/T,Black,Black,None reported,Yes,66500,3,True,386,False,Premium
RAM,1500 SLT,2018,"61,802 mi.",E85 Flex Fuel,305.0HP 3.6L V6 Cylinder Engine Flex Fuel Capability,8-Speed A/T,Black,Gray,None reported,Yes,32000,8,True,91,False,Mid-Range
Dodge,Challenger R/T,2010,"73,000 mi.",–,–,A/T,Black,Black,None reported,Yes,17500,16,False,90,False,Budget
Chevrolet,Sonic LT,2013,"110,000 mi.",–,–,A/T,Gray,Black,None reported,Yes,7500,13,False,292,False,Budget
Jeep,Grand Cherokee Laredo,2013,"106,700 mi.",E85 Flex Fuel,290.0HP 3.6L V6 Cylinder Engine Flex Fuel Capability,6-Speed A/T,Black,Black,None reported,Yes,13500,13,False,143,False,Budget
Audi,RS 5 4.2,2013,"75,965 mi.",Gasoline,450.0HP 4.2L 8 Cylinder Engine Gasoline Fuel,7-Speed A/T,White,Black,At least 1 accident or damage reported,Yes,35999,13,True,200,True,Mid-Range
Jeep,Grand Cherokee L Overland,2022,"31,804 mi.",Gasoline,3.6L V6 24V MPFI DOHC,Automatic,Silver Zynith,Global Black,At least 1 accident or damage reported,Yes,48995,4,True,143,False,Premium
Mazda,MX-5 Miata Base,1992,"125,800 mi.",–,–,5-Speed M/T,Red,Black,None reported,Yes,11500,34,False,64,False,Budget
Chrysler,Crossfire Limited,2005,"116,320 mi.",Gasoline,215.0HP 3.2L V6 Cylinder Engine Gasoline Fuel,5-Speed A/T,Gray,Red,At least 1 accident or damage reported,Yes,6000,21,False,28,False,Budget
Audi,S5 4.2 Premium Plus,2011,"156,875 mi.",Gasoline,354.0HP 4.2L 8 Cylinder Engine Gasoline Fuel,6-Speed M/T,Black,Red,At least 1 accident or damage reported,Yes,9900,15,False,200,True,Budget
Tesla,Model X Base,2023,197 mi.,Gasoline,670.0HP Electric Motor Electric Fuel System,A/T,Blue,Black,None reported,Yes,85000,3,True,87,False,Premium
Cadillac,CT4 Luxury,2020,"35,200 mi.",Gasoline,237.0HP 2.0L 4 Cylinder Engine Gasoline Fuel,8-Speed A/T,Blue,Black,None reported,Yes,28500,6,False,107,False,Mid-Range
Maserati,Ghibli S Q4,2014,"76,000 mi.",Gasoline,404.0HP 3.0L V6 Cylinder Engine Gasoline Fuel,A/T,Black,Black,None reported,Yes,19000,12,False,34,False,Budget
Jaguar,F-PACE 25t Premium,2019,"29,000 mi.",Gasoline,247.0HP 2.0L 4 Cylinder Engine Gasoline Fuel,A/T,White,Black,None reported,Yes,34500,7,True,47,True,Mid-Range
BMW,750 i xDrive,2019,"33,499 mi.",Gasoline,445.0HP 4.4L 8 Cylinder Engine Gasoline Fuel,A/T,Gray,Black,At least 1 accident or damage reported,Yes,44495,7,True,375,True,Premium
Acura,TLX V6 Advance,2019,"25,779 mi.",Gasoline,3.5L V6 24V GDI SOHC,9-Speed Automatic,Platinum White Pearl,Ebony,At least 1 accident or damage reported,Yes,30999,7,False,64,False,Mid-Range
GMC,Terrain SLT-1,2015,"76,296 mi.",Gasoline,182.0HP 2.4L 4 Cylinder Engine Gasoline Fuel,6-Speed A/T,Gray,Black,At least 1 accident or damage reported,Yes,9500,11,False,91,False,Budget
BMW,i3 Base w/Range Extender,2014,"29,553 mi.",Gasoline,170.0HP 0.65L Electric Motor Electric Fuel System,1-Speed A/T,Black,Gray,None reported,Yes,12800,12,False,375,True,Budget
Nissan,Versa 1.8 S,2011,"109,902 mi.",Gasoline,122.0HP 1.8L 4 Cylinder Engine Gasoline Fuel,A/T,Blue,Gray,None reported,Yes,4500,15,False,116,False,Budget
Mercedes-Benz,C-Class C 300 4MATIC,2019,"23,083 mi.",Gasoline,255.0HP 2.0L 4 Cylinder Engine Gasoline Fuel,9-Speed A/T,White,Beige,None reported,Yes,33500,7,True,315,True,Mid-Range
Toyota,Matrix XRS,2003,"143,600 mi.",Gasoline,180.0HP 1.8L 4 Cylinder Engine Gasoline Fuel,6-Speed M/T,Black,Black,None reported,Yes,4199,23,False,199,False,Budget
RAM,1500 Limited,2021,"22,000 mi.",Gasoline,395.0HP 5.7L 8 Cylinder Engine Gasoline Fuel,8-Speed A/T,Black,Black,None reported,Yes,54800,5,True,91,False,Premium
Mercedes-Benz,AMG E 53 Base 4MATIC,2022,"13,000 mi.",Hybrid,429.0HP 3.0L Straight 6 Cylinder Engine Gasoline/Mild Electric Hybrid,9-Speed A/T,Silver,Black,None reported,Yes,81500,4,True,315,True,Premium
Audi,A5 2.0T Premium,2018,"53,000 mi.",Gasoline,252.0HP 2.0L 4 Cylinder Engine Gasoline Fuel,A/T,White,Brown,At least 1 accident or damage reported,Yes,28000,8,False,200,True,Mid-Range
Lincoln,Navigator Reserve,2019,"44,741 mi.",Gasoline,450.0HP 3.5L V6 Cylinder Engine Gasoline Fuel,10-Speed A/T,Beige,Beige,None reported,Yes,52999,7,True,52,False,Premium
Audi,A6 3.2 quattro,2008,"202,000 mi.",Gasoline,255.0HP 3.2L V6 Cylinder Engine Gasoline Fuel,A/T,Blue,Gray,At least 1 accident or damage reported,Yes,5700,18,False,200,True,Budget
Chevrolet,Silverado 1500 LT Crew Cab,2006,"215,000 mi.",Gasoline,345.0HP 6.0L 8 Cylinder Engine Gasoline Fuel,A/T,Black,Black,At least 1 accident or damage reported,Yes,6995,20,False,292,False,Budget
Mercedes-Benz,S-Class S 560,2019,"77,138 mi.",Gasoline,4.0 Liter,Automatic,designo Diamond White,Black,None reported,Yes,49998,7,True,315,True,Premium
Volvo,XC90 T6 Momentum,2018,"90,641 mi.",Gasoline,2.0L I4 16V GDI DOHC,8-Speed Automatic,White,Amber,None reported,Yes,25999,8,False,38,False,Mid-Range
Toyota,Camry SE,2011,"177,702 mi.",Gasoline,179.0HP 2.5L 4 Cylinder Engine Gasoline Fuel,A/T,Gray,Gray,At least 1 accident or damage reported,Yes,7700,15,False,199,False,Budget
Mercedes-Benz,Metris Base,2018,"58,350 mi.",Gasoline,208.0HP 2.0L 4 Cylinder Engine Gasoline Fuel,7-Speed A/T,Black,Black,None reported,Yes,29497,8,False,315,True,Mid-Range
Chevrolet,Camaro 2LT,2010,"86,170 mi.",Gasoline,304.0HP 3.6L V6 Cylinder Engine Gasoline Fuel,6-Speed A/T,Black,Black,At least 1 accident or damage reported,Yes,17000,16,False,292,False,Budget
Mazda,MX-5 Miata Grand Touring,2012,"36,568 mi.",Gasoline,167.0HP 2.0L 4 Cylinder Engine Gasoline Fuel,6-Speed M/T,Blue,Beige,At least 1 accident or damage reported,Yes,20199,14,False,64,False,Budget
Ford,Escape SE,2015,"54,357 mi.",Gasoline,173.0HP 1.6L 4 Cylinder Engine Gasoline Fuel,6-Speed A/T,White,Gray,None reported,Yes,16250,11,False,386,False,Budget
Mercedes-Benz,S-Class S 63 AMG,2015,"20,394 mi.",Gasoline,5.5 Liter,Automatic,Black,Black,At least 1 accident or damage reported,Yes,59598,11,True,315,True,Premium
Kia,Niro EX,2023,"7,578 mi.",Hybrid,1.6L I4 16V GDI DOHC Hybrid,Automatic,Snow White Pearl,Charcoal,None reported,Yes,31113,3,True,76,False,Mid-Range
Porsche,Boxster Base,2010,"64,800 mi.",Gasoline,255.0HP 2.9L Flat 6 Cylinder Engine Gasoline Fuel,6-Speed M/T,Gray,Gray,At least 1 accident or damage reported,Yes,20900,16,False,201,True,Budget
Toyota,4Runner Trail,2016,"117,780 mi.",Gasoline,270.0HP 4.0L V6 Cylinder Engine Gasoline Fuel,5-Speed A/T,Gray,Black,None reported,Yes,27750,10,False,199,False,Mid-Range
Hyundai,Kona EV SEL,2019,"33,100 mi.",Gasoline,201.0HP Electric Motor Electric Fuel System,1-Speed A/T,Black,Black,None reported,Yes,18200,7,False,72,False,Budget
Land,Rover Range Rover Evoque SE,2016,"86,202 mi.",Gasoline,240.0HP 2.0L 4 Cylinder Engine Gasoline Fuel,9-Speed A/T,Black,Black,None reported,Yes,18750,10,False,130,True,Budget
Ford,E350 Super Duty XLT,2012,"163,000 mi.",E85 Flex Fuel,255.0HP 5.4L 8 Cylinder Engine Flex Fuel Capability,A/T,White,Gray,None reported,Yes,19550,14,False,386,False,Budget
Mercedes-Benz,SL-Class SL500 Roadster,2004,"35,400 mi.",Gasoline,302.0HP 5.0L 8 Cylinder Engine Gasoline Fuel,7-Speed A/T,Black,Gray,None reported,Yes,24900,22,False,315,True,Mid-Range
Jeep,Compass Trailhawk,2018,"31,000 mi.",Gasoline,180.0HP 2.4L 4 Cylinder Engine Gasoline Fuel,9-Speed A/T,Gray,Black,None reported,Yes,22000,8,False,143,False,Mid-Range
Mercedes-Benz,S-Class S 560 4MATIC,2018,"103,069 mi.",Gasoline,4.0 Liter,Automatic,Anthracite Blue Metallic,Silk Beige/Espresso Brown,None reported,Yes,40998,8,True,315,True,Mid-Range
Mercedes-Benz,G-Class G 550 4MATIC,2021,"22,480 mi.",Gasoline,416.0HP 4.0L 8 Cylinder Engine Gasoline Fuel,A/T,White,Brown,None reported,Yes,135800,5,True,315,True,Premium
Tesla,Model X P90D,2016,"91,000 mi.",Gasoline,691.0HP Electric Motor Electric Fuel System,A/T,Silver,White,None reported,Yes,39500,10,True,87,False,Mid-Range
Lexus,IS-F Base,2010,"41,500 mi.",Gasoline,416.0HP 5.0L 8 Cylinder Engine Gasoline Fuel,8-Speed A/T,Blue,Black,At least 1 accident or damage reported,Yes,44800,16,True,163,True,Premium
BMW,335 i,2010,"91,545 mi.",Gasoline,300.0HP 3.0L Straight 6 Cylinder Engine Gasoline Fuel,6-Speed A/T,Black,Black,None reported,Yes,13000,16,False,375,True,Budget
Audi,RS 7 4.0T,2022,"4,100 mi.",Hybrid,591.0HP 4.0L 8 Cylinder Engine Gasoline/Mild Electric Hybrid,8-Speed A/T,Blue,Black,None reported,Yes,162500,4,True,200,True,Premium
Buick,Lucerne CXL,2006,"110,000 mi.",Gasoline,275.0HP 4.6L 8 Cylinder Engine Gasoline Fuel,A/T,Gold,Beige,None reported,Yes,5000,20,False,30,False,Budget
Lincoln,MKX Reserve,2016,"88,000 mi.",Gasoline,335.0HP 2.7L V6 Cylinder Engine Gasoline Fuel,Transmission w/Dual Shift Mode,Black,Black,None reported,Yes,18500,10,False,52,False,Budget
Nissan,Armada Platinum,2018,"42,833 mi.",Gasoline,390.0HP 5.6L 8 Cylinder Engine Gasoline Fuel,Transmission w/Dual Shift Mode,Blue,Gray,None reported,Yes,37000,8,True,116,False,Mid-Range
Porsche,911 Carrera,2020,"23,278 mi.",Gasoline,3.0 Liter,Automatic,Blue,–,None reported,Yes,114998,6,True,201,True,Premium
Mercedes-Benz,E-Class 400E,1993,"106,983 mi.",–,–,4-Speed A/T,White,Gray,None reported,Yes,15300,33,False,315,True,Budget
BMW,435 Gran Coupe i,2015,"60,100 mi.",Gasoline,300.0HP 3.0L Straight 6 Cylinder Engine Gasoline Fuel,8-Speed A/T,Blue,Beige,None reported,Yes,24995,11,False,375,True,Mid-Range
Jeep,Wagoneer Series III,2022,"17,381 mi.",Gasoline,5.7L V8 16V MPFI OHV,8-Speed Automatic,Velvet Red Pearlcoat,Global Black,None reported,Yes,69685,4,True,143,False,Premium
Cadillac,ATS 2.5L,2013,"63,172 mi.",Gasoline,202.0HP 2.5L 4 Cylinder Engine Gasoline Fuel,A/T,Black,Black,At least 1 accident or damage reported,Yes,12995,13,False,107,False,Budget
Ford,Transit Connect XLT,2010,"72,000 mi.",Gasoline,136.0HP 2.0L 4 Cylinder Engine Gasoline Fuel,A/T,White,Gray,At least 1 accident or damage reported,Yes,10900,16,False,386,False,Budget
Kia,EV6 GT-Line,2022,"4,820 mi.",Gasoline,320.0HP Electric Motor Electric Fuel System,1-Speed A/T,Red,Black,None reported,Yes,47500,4,True,76,False,Premium
Audi,S5 3.0T Premium Plus,2014,"67,900 mi.",Gasoline,333.0HP 3.0L V6 Cylinder Engine Gasoline Fuel,6-Speed M/T,Silver,Black,None reported,Yes,25990,12,False,200,True,Mid-Range
Toyota,Tundra SR,2018,"51,000 mi.",Gasoline,381.0HP 5.7L 8 Cylinder Engine Gasoline Fuel,A/T,Black,Gray,None reported,Yes,38000,8,True,199,False,Mid-Range
Jeep,Wrangler Unlimited Freedom Edition,2013,"54,500 mi.",Gasoline,285.0HP 3.6L V6 Cylinder Engine Gasoline Fuel,A/T,Green,Black,None reported,Yes,35000,13,True,143,False,Mid-Range
Maserati,Quattroporte Base,2006,"61,840 mi.",Gasoline,394.0HP 4.2L 8 Cylinder Engine Gasoline Fuel,Transmission w/Dual Shift Mode,Gray,Beige,None reported,Yes,16500,20,False,34,False,Budget
Mercedes-Benz,CLS-Class CLS500,2006,"28,950 mi.",Gasoline,302.0HP 5.0L 8 Cylinder Engine Gasoline Fuel,7-Speed A/T,Blue,Beige,None reported,Yes,16750,20,False,315,True,Budget
GMC,Sierra 3500 SLE,2002,"300,000 mi.",Diesel,300.0HP 6.6L 8 Cylinder Engine Diesel Fuel,5-Speed A/T,Black,Gray,At least 1 accident or damage reported,Yes,5000,24,False,91,False,Budget
Nissan,Frontier SL,2011,"103,400 mi.",Gasoline,261.0HP 4.0L V6 Cylinder Engine Gasoline Fuel,5-Speed A/T,Gray,Gray,At least 1 accident or damage reported,Yes,17000,15,False,116,False,Budget
BMW,M5 Base,2023,816 mi.,Gasoline,4.4L V8 32V GDI DOHC Twin Turbo,8-Speed Automatic,Alpine White,Black,None reported,Yes,109900,3,True,375,True,Premium
Porsche,911 R,2016,719 mi.,Gasoline,4.0L H6 24V GDI DOHC,6-Speed Manual,White,Black / Brown,None reported,Yes,489000,10,True,201,True,Premium
Land,Rover Defender X-Dynamic SE,2023,"3,678 mi.",Hybrid,3.0 Liter,Automatic,Fuji White,Black,None reported,Yes,81998,3,True,130,True,Premium
Ford,F-150 XL,2016,"107,000 mi.",E85 Flex Fuel,385.0HP 5.0L 8 Cylinder Engine Flex Fuel Capability,6-Speed A/T,White,Gray,At least 1 accident or damage reported,Yes,22000,10,False,386,False,Mid-Range
BMW,M8 Competition,2022,"5,018 mi.",Gasoline,4.4 Liter Twin Turbo,Automatic,–,Sakhir Orange/Black,None reported,Yes,114998,4,True,375,True,Premium
Porsche,911 Carrera S,2010,"13,850 mi.",Gasoline,385.0HP 3.8L Flat 6 Cylinder Engine Gasoline Fuel,6-Speed M/T,Black,Black,None reported,Yes,71400,16,True,201,True,Premium
Volvo,XC70 3.2,2008,"46,700 mi.",Gasoline,235.0HP 3.2L Straight 6 Cylinder Engine Gasoline Fuel,6-Speed A/T,White,Beige,None reported,Yes,11400,18,False,38,False,Budget
Chrysler,300 Touring,2021,"21,478 mi.",Gasoline,3.6 Liter,Automatic,Silver Mist,Black,None reported,Yes,27798,5,False,28,False,Mid-Range
Honda,Insight EX,2020,"64,200 mi.",Hybrid,151.0HP 1.5L 4 Cylinder Engine Gas/Electric Hybrid,CVT Transmission,White,Black,At least 1 accident or damage reported,Yes,20499,6,False,63,False,Budget
Porsche,Cayman S,2006,"31,075 mi.",Gasoline,3.4L H6 24V MPFI DOHC,5-Speed Automatic,Black,Black / Stone Grey,None reported,Yes,36250,20,True,201,True,Mid-Range
Tesla,Model Y Performance,2022,"25,250 mi.",Gasoline,455.0HP Electric Motor Electric Fuel System,1-Speed A/T,White,White,None reported,Yes,47800,4,True,87,False,Premium
BMW,M5 Competition,2020,"35,400 mi.",Gasoline,617.0HP 4.4L 8 Cylinder Engine Gasoline Fuel,8-Speed A/T,Orange,Black,None reported,Yes,71950,6,True,375,True,Premium
Audi,S4 4.2 quattro,2004,"74,030 mi.",Gasoline,340.0HP 4.2L 8 Cylinder Engine Gasoline Fuel,6-Speed M/T,Silver,Gray,None reported,Yes,16000,22,False,200,True,Budget
Ford,F-250 Platinum,2021,"48,549 mi.",Diesel,6.7L V8 32V DDI OHV Turbo Diesel,Automatic,Antimatter Blue Metallic,Black,None reported,Yes,69998,5,True,386,False,Premium
Kia,Seltos S,2023,"5,182 mi.",Gasoline,146.0HP 2.0L 4 Cylinder Engine Gasoline Fuel,A/T,White,Black,None reported,Yes,32500,3,True,76,False,Mid-Range
RAM,ProMaster 2500 High Roof,2019,"31,681 mi.",Gasoline,280.0HP 3.6L V6 Cylinder Engine Gasoline Fuel,A/T,White,Black,At least 1 accident or damage reported,Yes,33500,7,True,91,False,Mid-Range
BMW,M760 M760i xDrive,2020,"23,430 mi.",Gasoline,6.6 Liter Twin Turbo,Automatic,White,Black,None reported,Yes,80998,6,True,375,True,Premium
Mercedes-Benz,E-Class E 400,2015,"30,300 mi.",Gasoline,329.0HP 3.0L V6 Cylinder Engine Gasoline Fuel,A/T,White,Black,At least 1 accident or damage reported,Yes,29000,11,False,315,True,Mid-Range
Cadillac,XTS Luxury,2016,"112,000 mi.",Gasoline,304.0HP 3.6L V6 Cylinder Engine Gasoline Fuel,A/T,Blue,Beige,At least 1 accident or damage reported,Yes,14599,10,False,107,False,Budget
INFINITI,Q50 Premium,2014,"127,356 mi.",Gasoline,328.0HP 3.7L V6 Cylinder Engine Gasoline Fuel,7-Speed A/T,Black,Black,At least 1 accident or damage reported,Yes,19990,12,False,59,False,Budget
Volkswagen,Touareg V6 Executive,2017,"50,600 mi.",Gasoline,280.0HP 3.6L V6 Cylinder Engine Gasoline Fuel,8-Speed A/T,Red,Brown,At least 1 accident or damage reported,Yes,28890,9,False,59,False,Mid-Range
Chevrolet,Suburban 1500 LTZ,2011,"194,000 mi.",E85 Flex Fuel,320.0HP 5.3L 8 Cylinder Engine Flex Fuel Capability,6-Speed A/T,Black,Black,None reported,Yes,9950,15,False,292,False,Budget
Toyota,Tundra SR5,2021,"33,455 mi.",Gasoline,381.0HP 5.7L 8 Cylinder Engine Gasoline Fuel,6-Speed A/T,Green,Black,None reported,Yes,44750,5,True,199,False,Premium
BMW,X1 sDrive28i,2022,"43,000 mi.",Gasoline,228.0HP 2.0L 4 Cylinder Engine Gasoline Fuel,8-Speed A/T,Gray,Black,None reported,Yes,35750,4,True,375,True,Mid-Range
Mercedes-Benz,GL-Class GL 550 4MATIC,2016,"46,102 mi.",Gasoline,429.0HP 4.7L 8 Cylinder Engine Gasoline Fuel,7-Speed A/T,Black,Beige,None reported,Yes,35300,10,True,315,True,Mid-Range
Cadillac,XTS Luxury,2019,"59,000 mi.",Gasoline,304.0HP 3.6L V6 Cylinder Engine Gasoline Fuel,6-Speed A/T,Black,Black,None reported,Yes,21000,7,False,107,False,Budget
Jaguar,XJ8 Base,2004,"134,000 mi.",Gasoline,294.0HP 4.2L 8 Cylinder Engine Gasoline Fuel,6-Speed A/T,Black,Beige,At least 1 accident or damage reported,Yes,9500,22,False,47,True,Budget
Chevrolet,Camaro ZL1,2020,"3,715 mi.",Gasoline,650.0HP 6.2L 8 Cylinder Engine Gasoline Fuel,A/T,Black,Black,None reported,Yes,150000,6,True,292,False,Premium
Mercedes-Benz,Sprinter 2500,2012,"100,245 mi.",Diesel,188.0HP 3.0L V6 Cylinder Engine Diesel Fuel,A/T,White,–,At least 1 accident or damage reported,Yes,24000,14,False,315,True,Mid-Range
Mercedes-Benz,C-Class C 300 4MATIC,2022,"8,583 mi.",Gasoline,2.0L I4 16V GDI DOHC Turbo,9-Speed Automatic,Cirrus Silver Metallic,AMG Black,None reported,Yes,42999,4,True,315,True,Premium
Dodge,Dakota SLT,2003,"141,800 mi.",Gasoline,230.0HP 4.7L 8 Cylinder Engine Gasoline Fuel,A/T,Red,Gray,At least 1 accident or damage reported,Yes,5700,23,False,90,False,Budget
Audi,A5 2.0T Premium Plus,2012,"77,000 mi.",Gasoline,211.0HP 2.0L 4 Cylinder Engine Gasoline Fuel,8-Speed A/T,White,Black,None reported,Yes,13800,14,False,200,True,Budget
Audi,A5 2.0T Premium,2018,"67,035 mi.",Gasoline,252.0HP 2.0L 4 Cylinder Engine Gasoline Fuel,Transmission w/Dual Shift Mode,Pink,Brown,At least 1 accident or damage reported,Yes,31500,8,True,200,True,Mid-Range
Audi,S5 3.0 Premium Plus,2012,"61,450 mi.",Gasoline,333.0HP 3.0L V6 Cylinder Engine Gasoline Fuel,7-Speed A/T,White,Gray,None reported,Yes,19500,14,False,200,True,Budget
Porsche,Panamera GTS,2015,"39,500 mi.",Gasoline,440.0HP 4.8L 8 Cylinder Engine Gasoline Fuel,Transmission w/Dual Shift Mode,Black,Black,None reported,Yes,52590,11,True,201,True,Premium
Mercedes-Benz,AMG GT C,2020,"6,600 mi.",Gasoline,550.0HP 4.0L 8 Cylinder Engine Gasoline Fuel,Transmission w/Dual Shift Mode,Black,Beige,None reported,Yes,128900,6,True,315,True,Premium
Chevrolet,Camaro 2SS,2023,"2,300 mi.",Gasoline,455.0HP 6.2L 8 Cylinder Engine Gasoline Fuel,6-Speed M/T,Red,Black,None reported,Yes,51500,3,True,292,False,Premium
Audi,Q7 Premium Plus,2023,"10,601 mi.",Hybrid,3.0 Liter TFSI,Automatic,Mythos Black,Black,None reported,Yes,61998,3,True,200,True,Premium
Maserati,GranTurismo MC,2018,"18,000 mi.",Gasoline,454.0HP 4.7L 8 Cylinder Engine Gasoline Fuel,Transmission w/Dual Shift Mode,Red,Black,None reported,Yes,67000,8,True,34,False,Premium
GMC,Sierra 2500 AT4,2022,"31,681 mi.",Gasoline,6.6L V8 16V GDI OHV,Automatic,Cayenne Red Tintcoat,Jet Black,At least 1 accident or damage reported,Yes,67963,4,True,91,False,Premium
Cadillac,XT6 Sport AWD,2020,"24,114 mi.",Gasoline,3.6L V6 24V GDI DOHC,9-Speed Automatic,Garnet Red Metallic,Jet Black,At least 1 accident or damage reported,Yes,49427,6,True,107,False,Premium
Jeep,Grand Cherokee L Laredo,2022,"22,109 mi.",Gasoline,3.6L V6 24V MPFI DOHC,Automatic,Bright White Clearcoat,Global Black,None reported,Yes,43389,4,True,143,False,Premium
Chevrolet,Avalanche 1500 LT,2012,"148,000 mi.",E85 Flex Fuel,320.0HP 5.3L 8 Cylinder Engine Flex Fuel Capability,A/T,Black,Black,None reported,Yes,18000,14,False,292,False,Budget
BMW,M5 Base,2018,"41,000 mi.",Gasoline,600.0HP 4.4L 8 Cylinder Engine Gasoline Fuel,Transmission w/Dual Shift Mode,White,White,None reported,Yes,60200,8,True,375,True,Premium
Nissan,Titan SE,2009,"127,600 mi.",E85 Flex Fuel,317.0HP 5.6L 8 Cylinder Engine Flex Fuel Capability,A/T,Brown,Gray,None reported,Yes,19500,17,False,116,False,Budget
Dodge,Ram 1500 SRT-10 Quad Cab,2005,"138,450 mi.",Gasoline,500.0HP 8.3L 10 Cylinder Engine Gasoline Fuel,4-Speed A/T,Red,Black,At least 1 accident or damage reported,Yes,19000,21,False,90,False,Budget
GMC,Sierra 1500 SLT,2013,"230,000 mi.",E85 Flex Fuel,315.0HP 5.3L 8 Cylinder Engine Flex Fuel Capability,A/T,White,Black,None reported,Yes,15500,13,False,91,False,Budget
Lexus,RX 350 F Sport,2017,"53,649 mi.",Gasoline,295.0HP 3.5L V6 Cylinder Engine Gasoline Fuel,A/T,Black,Red,None reported,Yes,33000,9,True,163,True,Mid-Range
Mercedes-Benz,GL-Class GL 450 4MATIC,2012,"174,000 mi.",Gasoline,335.0HP 4.6L 8 Cylinder Engine Gasoline Fuel,7-Speed A/T,Black,Black,At least 1 accident or damage reported,Yes,11999,14,False,315,True,Budget
INFINITI,QX80 Luxe,2022,"49,860 mi.",Gasoline,5.6L V8 32V GDI DOHC,Automatic,Black Obsidian,Graphite,At least 1 accident or damage reported,Yes,47645,4,True,59,False,Premium
Mercedes-Benz,AMG C 63 S,2021,"13,650 mi.",Gasoline,503.0HP 4.0L 8 Cylinder Engine Gasoline Fuel,9-Speed A/T,Blue,Black,None reported,Yes,75000,5,True,315,True,Premium
BMW,528 i xDrive,2016,"134,000 mi.",Gasoline,240.0HP 2.0L 4 Cylinder Engine Gasoline Fuel,A/T,Brown,Brown,At least 1 accident or damage reported,Yes,13500,10,False,375,True,Budget
Porsche,911 Carrera,2014,"78,000 mi.",Gasoline,350.0HP 3.4L Flat 6 Cylinder Engine Gasoline Fuel,Transmission w/Dual Shift Mode,Brown,Brown,None reported,Yes,68000,12,True,201,True,Premium
Porsche,Boxster S,2005,"65,750 mi.",Gasoline,280.0HP 3.2L Flat 6 Cylinder Engine Gasoline Fuel,A/T,Blue,Gray,None reported,Yes,21750,21,False,201,True,Mid-Range
BMW,X6 M Base,2021,"18,000 mi.",Gasoline,600.0HP 4.4L 8 Cylinder Engine Gasoline Fuel,8-Speed A/T,Black,Black,None reported,Yes,94000,5,True,375,True,Premium
Ford,Mustang Premium,2007,"121,630 mi.",Gasoline,210.0HP 4.0L V6 Cylinder Engine Gasoline Fuel,A/T,White,Black,None reported,Yes,9450,19,False,386,False,Budget
Rivian,R1S Launch Edition,2023,"4,500 mi.",Gasoline,835.0HP Electric Motor Electric Fuel System,1-Speed A/T,Silver,Gray,None reported,Yes,89999,3,True,17,False,Premium
Volvo,XC90 Recharge Plug-In Hybrid T8 Inscription 7 Passenger,2022,"9,408 mi.",Hybrid,2.0L I4 16V GDI DOHC Hybrid,8-Speed Automatic,Black,Gray,None reported,Yes,61999,4,True,38,False,Premium
BMW,528 i xDrive,2016,"120,000 mi.",Gasoline,240.0HP 2.0L 4 Cylinder Engine Gasoline Fuel,A/T,White,White,None reported,Yes,16000,10,False,375,True,Budget
Cadillac,Escalade ESV Platinum,2016,"168,600 mi.",Gasoline,420.0HP 6.2L 8 Cylinder Engine Gasoline Fuel,8-Speed A/T,White,Beige,None reported,Yes,29500,10,False,107,False,Mid-Range
Chevrolet,Corvette Base,2004,"43,705 mi.",Gasoline,350.0HP 5.7L 8 Cylinder Engine Gasoline Fuel,6-Speed M/T,Gray,Black,None reported,Yes,25900,22,False,292,False,Mid-Range
Audi,A5 2.0T Premium,2013,"111,000 mi.",Gasoline,211.0HP 2.0L 4 Cylinder Engine Gasoline Fuel,Transmission w/Dual Shift Mode,Blue,Beige,None reported,Yes,11500,13,False,200,True,Budget
Audi,TT 2.0T Premium,2012,"64,549 mi.",Gasoline,211.0HP 2.0L 4 Cylinder Engine Gasoline Fuel,Transmission w/Dual Shift Mode,Silver,Black,None reported,Yes,17000,14,False,200,True,Budget
Buick,LaCrosse CX,2007,"53,000 mi.",Gasoline,200.0HP 3.8L V6 Cylinder Engine Gasoline Fuel,4-Speed A/T,Red,Gray,None reported,Yes,6500,19,False,30,False,Budget
Chevrolet,Camaro 2SS,2017,"13,465 mi.",Gasoline,455.0HP 6.2L 8 Cylinder Engine Gasoline Fuel,8-Speed A/T,White,Black,None reported,Yes,44900,9,True,292,False,Premium
Tesla,Model Y Long Range,2023,"5,844 mi.",Gasoline,425.0HP Electric Motor Electric Fuel System,A/T,White,Black,None reported,Yes,52000,3,True,87,False,Premium
BMW,M3 Base,2015,"74,000 mi.",Gasoline,425.0HP 3.0L Straight 6 Cylinder Engine Gasoline Fuel,M/T,Gray,Black,None reported,Yes,40000,11,True,375,True,Mid-Range
Kia,Optima LX,2011,"100,331 mi.",Gasoline,200.0HP 2.4L 4 Cylinder Engine Gasoline Fuel,A/T,Red,–,At least 1 accident or damage reported,Yes,6900,15,False,76,False,Budget
Toyota,Supra 3.0 Premium,2022,"24,850 mi.",Gasoline,382.0HP 3.0L Straight 6 Cylinder Engine Gasoline Fuel,A/T,Black,Black,None reported,Yes,53568,4,True,199,False,Premium
Lincoln,Nautilus Reserve,2021,"17,467 mi.",Gasoline,2.0L I4 16V GDI DOHC Turbo,8-Speed Automatic,Pristine White,Slate,None reported,Yes,43860,5,True,52,False,Premium
Nissan,Pathfinder SL,2015,"115,000 mi.",Gasoline,260.0HP 3.5L V6 Cylinder Engine Gasoline Fuel,A/T,Gray,Black,None reported,Yes,11995,11,False,116,False,Budget
BMW,X5 xDrive50i,2015,"72,000 mi.",Gasoline,445.0HP 4.4L 8 Cylinder Engine Gasoline Fuel,Transmission w/Dual Shift Mode,Black,Brown,At least 1 accident or damage reported,Yes,26500,11,False,375,True,Mid-Range
Mazda,MazdaSpeed3 Grand Touring,2008,"162,000 mi.",Gasoline,263.0HP 2.3L 4 Cylinder Engine Gasoline Fuel,6-Speed M/T,Black,Black,At least 1 accident or damage reported,Yes,6500,18,False,64,False,Budget
GMC,Yukon XL SLT,2017,"47,589 mi.",Gasoline,355.0HP 5.3L 8 Cylinder Engine Gasoline Fuel,A/T,Black,Black,None reported,Yes,45500,9,True,91,False,Premium
Toyota,bZ4X Limited,2023,"6,548 mi.",Gasoline,Electric,Automatic,Wind Chill Pearl,Black,None reported,Yes,41999,3,True,199,False,Mid-Range
RAM,ProMaster 2500 High Roof,2018,"10,339 mi.",Gasoline,280.0HP 3.6L V6 Cylinder Engine Gasoline Fuel,6-Speed A/T,White,Gray,None reported,Yes,36990,8,True,91,False,Mid-Range
RAM,1500 Classic SLT,2021,"32,092 mi.",Gasoline,3.6L V6 24V MPFI DOHC,8-Speed Automatic,Patriot Blue Pearlcoat,Black,None reported,Yes,35113,5,True,91,False,Mid-Range
Lexus,GS 350 Base,2014,"85,275 mi.",Gasoline,3.5 Liter,Automatic,Nebula Gray Pearl,Black,At least 1 accident or damage reported,Yes,23998,12,False,163,True,Mid-Range
Hyundai,Tucson Limited,2016,"138,000 mi.",Gasoline,175.0HP 1.6L 4 Cylinder Engine Gasoline Fuel,7-Speed A/T,Brown,Beige,None reported,Yes,10990,10,False,72,False,Budget
Chevrolet,SSR Base,2003,"87,500 mi.",Gasoline,300.0HP 5.3L 8 Cylinder Engine Gasoline Fuel,A/T,Red,Black,None reported,Yes,16999,23,False,292,False,Budget
Maserati,GranTurismo Base,2013,"34,920 mi.",Gasoline,440.0HP 4.7L 8 Cylinder Engine Gasoline Fuel,6-Speed A/T,Gray,Brown,None reported,Yes,38900,13,True,34,False,Mid-Range
Tesla,Model X Performance,2020,"27,224 mi.",Gasoline,Electric,1-Speed Automatic,Black,Black,None reported,Yes,65999,6,True,87,False,Premium
BMW,M2 Base,2018,"25,000 mi.",Gasoline,365.0HP 3.0L Straight 6 Cylinder Engine Gasoline Fuel,7-Speed A/T,Black,Black,None reported,Yes,52000,8,True,375,True,Premium
Tesla,Model Y Long Range,2021,"14,642 mi.",Gasoline,425.0HP Electric Motor Electric Fuel System,A/T,Red,Black,None reported,Yes,48500,5,True,87,False,Premium
Subaru,Outback 2.5i Limited,2015,"162,000 mi.",Gasoline,175.0HP 2.5L 4 Cylinder Engine Gasoline Fuel,CVT Transmission,Gray,Black,None reported,Yes,13999,11,False,64,False,Budget
Buick,Roadmaster Estate,1996,"119,500 mi.",Gasoline,260.0HP 5.7L 8 Cylinder Engine Gasoline Fuel,4-Speed A/T,White,Beige,At least 1 accident or damage reported,Yes,16999,30,False,30,False,Budget
Land,Rover Range Rover 5.0L Supercharged,2017,"101,800 mi.",Gasoline,510.0HP 5.0L 8 Cylinder Engine Gasoline Fuel,A/T,Silver,Black,None reported,Yes,36500,9,True,130,True,Mid-Range
Ford,Expedition Max XLT,2021,"84,351 mi.",Gasoline,3.5L V6 24V PDI DOHC Twin Turbo,10-Speed Automatic,Blue,Ebony,None reported,Yes,42691,5,True,386,False,Premium
Nissan,Leaf SL,2012,"26,930 mi.",Gasoline,107.0HP Electric Motor Electric Fuel System,1-Speed A/T,White,Beige,None reported,Yes,6700,14,False,116,False,Budget
Toyota,Tacoma TRD Pro,2019,"40,698 mi.",Gasoline,3.5L V6 24V PDI DOHC,6-Speed,Super White,Black,None reported,Yes,42886,7,True,199,False,Premium
Mercedes-Benz,AMG GT 63 S 4-Door,2020,"40,000 mi.",Gasoline,630.0HP 4.0L 8 Cylinder Engine Gasoline Fuel,9-Speed A/T,Black,Red,None reported,Yes,112500,6,True,315,True,Premium
BMW,230 i,2019,"30,000 mi.",Gasoline,248.0HP 2.0L 4 Cylinder Engine Gasoline Fuel,8-Speed A/T,Blue,Beige,At least 1 accident or damage reported,Yes,29000,7,False,375,True,Mid-Range
Lexus,ES 350 Base,2007,"78,980 mi.",Gasoline,272.0HP 3.5L V6 Cylinder Engine Gasoline Fuel,6-Speed A/T,Silver,Beige,At least 1 accident or damage reported,Yes,10600,19,False,163,True,Budget
Porsche,911 Carrera S Cabriolet,2007,"28,844 mi.",Gasoline,3.8L H6 24V MPFI DOHC,6-Speed Manual,White,Beige,None reported,Yes,69995,19,True,201,True,Premium
Porsche,Taycan Turbo,2020,"21,028 mi.",Gasoline,Dual AC Electric Motors,Single-Speed Fixed Gear,BLACK,BEIGE,None reported,Yes,96900,6,True,201,True,Premium
Maserati,Levante Modena,2023,"5,409 mi.",Gasoline,3.0L V6 24V GDI DOHC Twin Turbo,8-Speed Automatic,Blu,Black,None reported,Yes,88950,3,True,34,False,Premium
Dodge,Challenger SRT Hellcat,2020,"12,700 mi.",Gasoline,717.0HP 6.2L 8 Cylinder Engine Gasoline Fuel,8-Speed A/T,Black,Black,At least 1 accident or damage reported,Yes,69900,6,True,90,False,Premium
Mazda,Mazda6 Touring,2021,"19,000 mi.",Gasoline,187.0HP 2.5L 4 Cylinder Engine Gasoline Fuel,A/T,Blue,Black,None reported,Yes,25900,5,False,64,False,Mid-Range
Audi,S4 3.0T Premium,2019,"12,000 mi.",Gasoline,349.0HP 3.0L V6 Cylinder Engine Gasoline Fuel,A/T,Black,Black,None reported,Yes,48000,7,True,200,True,Premium
Ford,Mustang GT Premium,2016,"25,717 mi.",Gasoline,435.0HP 5.0L 8 Cylinder Engine Gasoline Fuel,6-Speed M/T,Black,Black,None reported,Yes,33900,10,True,386,False,Mid-Range
Tesla,Model Y Long Range,2022,"12,055 mi.",Gasoline,425.0HP Electric Motor Electric Fuel System,A/T,Blue,Black,None reported,Yes,44400,4,True,87,False,Premium
Audi,TTS 2.0T Premium Plus,2011,"69,700 mi.",Gasoline,265.0HP 2.0L 4 Cylinder Engine Gasoline Fuel,6-Speed A/T,Orange,–,At least 1 accident or damage reported,Yes,23000,15,False,200,True,Mid-Range
BMW,M2 Competition,2020,"25,013 mi.",Gasoline,405.0HP 3.0L Straight 6 Cylinder Engine Gasoline Fuel,7-Speed A/T,Black,Black,None reported,Yes,55000,6,True,375,True,Premium
Audi,Q4 e-tron Sportback Premium,2023,"1,156 mi.",Gasoline,295.0HP Electric Motor Electric Fuel System,A/T,Blue,Black,None reported,Yes,54900,3,True,200,True,Premium
BMW,740 i,2016,"57,939 mi.",Gasoline,320.0HP 3.0L Straight 6 Cylinder Engine Gasoline Fuel,8-Speed A/T,Gray,Black,None reported,Yes,27500,10,False,375,True,Mid-Range
Mercedes-Benz,AMG GLE 43 Coupe 4MATIC,2018,"52,694 mi.",Gasoline,385.0HP 3.0L V6 Cylinder Engine Gasoline Fuel,Transmission w/Dual Shift Mode,Gray,Black,None reported,Yes,49999,8,True,315,True,Premium
Mercedes-Benz,S-Class S 550 4MATIC,2015,"54,000 mi.",Gasoline,449.0HP 4.7L 8 Cylinder Engine Gasoline Fuel,7-Speed A/T,White,Beige,None reported,Yes,37000,11,True,315,True,Mid-Range
Honda,S2000 Base,2002,"110,500 mi.",Gasoline,240.0HP 2.0L 4 Cylinder Engine Gasoline Fuel,6-Speed M/T,Yellow,Red,None reported,Yes,27000,24,False,63,False,Mid-Range
Chevrolet,Corvette Base,2000,"97,500 mi.",Gasoline,345.0HP 5.7L 8 Cylinder Engine Gasoline Fuel,6-Speed M/T,Yellow,Black,None reported,Yes,10000,26,False,292,False,Budget
Chevrolet,Colorado Z71,2020,"20,909 mi.",Gasoline,3.6L V6 24V GDI DOHC,Automatic,Red,Jet Black,None reported,Yes,35387,6,True,292,False,Mid-Range
Mercedes-Benz,S-Class S 63 AMG,2013,"77,648 mi.",Gasoline,536.0HP 5.5L 8 Cylinder Engine Gasoline Fuel,7-Speed A/T,Silver,Black,None reported,Yes,40000,13,True,315,True,Mid-Range
Bentley,Continental GTC Base,2013,"79,422 mi.",Gasoline,616.0HP 6.0L 12 Cylinder Engine Gasoline Fuel,8-Speed A/T,Black,Black,None reported,Yes,64000,13,True,33,False,Premium
GMC,Sierra 2500 SLE H/D Extended Cab,2002,"53,850 mi.",Gasoline,340.0HP 8.1L 8 Cylinder Engine Gasoline Fuel,A/T,Silver,Gray,At least 1 accident or damage reported,Yes,16900,24,False,91,False,Budget
Audi,SQ5 3.0T Premium,2020,"21,832 mi.",Gasoline,349.0HP 3.0L V6 Cylinder Engine Gasoline Fuel,8-Speed A/T,Blue,Black,None reported,Yes,42000,6,True,200,True,Mid-Range
Toyota,Corolla iM Base,2017,"41,932 mi.",Gasoline,137.0HP 1.8L 4 Cylinder Engine Gasoline Fuel,6-Speed M/T,Black,Black,None reported,Yes,18700,9,False,199,False,Budget
GMC,Yukon XL SLT,2017,"110,000 mi.",Gasoline,355.0HP 5.3L 8 Cylinder Engine Gasoline Fuel,A/T,Blue,Black,At least 1 accident or damage reported,Yes,34999,9,True,91,False,Mid-Range
Toyota,Tundra 1794,2020,"67,400 mi.",Gasoline,381.0HP 5.7L 8 Cylinder Engine Gasoline Fuel,A/T,Black,Brown,None reported,Yes,47500,6,True,199,False,Premium
Subaru,WRX Premium,2017,"62,662 mi.",Gasoline,268.0HP 2.0L 4 Cylinder Engine Gasoline Fuel,M/T,Red,Black,At least 1 accident or damage reported,Yes,24000,9,False,64,False,Mid-Range
Subaru,WRX Base,2015,"102,000 mi.",Gasoline,268.0HP 2.0L 4 Cylinder Engine Gasoline Fuel,M/T,White,Black,At least 1 accident or damage reported,Yes,18000,11,False,64,False,Budget
INFINITI,Q50 Premium,2014,"79,785 mi.",Gasoline,328.0HP 3.7L V6 Cylinder Engine Gasoline Fuel,7-Speed A/T,Red,White,At least 1 accident or damage reported,Yes,16488,12,False,59,False,Budget
Chevrolet,Suburban Premier,2017,"166,549 mi.",Gasoline,355.0HP 5.3L 8 Cylinder Engine Gasoline Fuel,6-Speed A/T,White,Beige,At least 1 accident or damage reported,Yes,24950,9,False,292,False,Mid-Range
Toyota,Sequoia Limited,2006,"190,656 mi.",Gasoline,273.0HP 4.7L 8 Cylinder Engine Gasoline Fuel,A/T,Black,Gray,At least 1 accident or damage reported,Yes,8900,20,False,199,False,Budget
Dodge,Challenger R/T Scat Pack,2016,"7,928 mi.",–,–,6-Speed M/T,Red,Red,None reported,Yes,37500,10,True,90,False,Mid-Range
Porsche,Cayenne GTS,2009,"135,606 mi.",Gasoline,405.0HP 4.8L 8 Cylinder Engine Gasoline Fuel,Transmission w/Dual Shift Mode,Black,Black,None reported,Yes,15000,17,False,201,True,Budget
Kia,Telluride S,2023,"14,700 mi.",Gasoline,291.0HP 3.8L V6 Cylinder Engine Gasoline Fuel,8-Speed A/T,Blue,Black,None reported,Yes,39900,3,True,76,False,Mid-Range
Mercedes-Benz,AMG E 63 S 4MATIC,2019,"12,985 mi.",Gasoline,603.0HP 4.0L 8 Cylinder Engine Gasoline Fuel,9-Speed A/T,Gray,Black,At least 1 accident or damage reported,Yes,96000,7,True,315,True,Premium
BMW,Z4 sDrive35is,2014,"4,200 mi.",Gasoline,335.0HP 3.0L Straight 6 Cylinder Engine Gasoline Fuel,Transmission w/Dual Shift Mode,White,Red,None reported,Yes,64995,12,True,375,True,Premium
Subaru,Impreza 2.0i Sport,2017,"44,000 mi.",Gasoline,152.0HP 2.0L 4 Cylinder Engine Gasoline Fuel,5-Speed M/T,Red,Black,None reported,Yes,23500,9,False,64,False,Mid-Range
Dodge,Dart SE,2015,"66,000 mi.",Gasoline,160.0HP 2.0L 4 Cylinder Engine Gasoline Fuel,6-Speed M/T,Black,Black,None reported,Yes,12000,11,False,90,False,Budget
Land,Rover Range Rover P525 Westminster,2021,"17,945 mi.",Gasoline,5.0L V8 32V GDI DOHC Supercharged,8-Speed Automatic,Santorini Black Metallic,Ebony,None reported,Yes,89900,5,True,130,True,Premium
Nissan,370Z Base,2013,"106,700 mi.",Gasoline,332.0HP 3.7L V6 Cylinder Engine Gasoline Fuel,6-Speed M/T,Red,Black,None reported,Yes,17500,13,False,116,False,Budget
Cadillac,Escalade ESV Luxury,2020,"120,000 mi.",Gasoline,420.0HP 6.2L 8 Cylinder Engine Gasoline Fuel,10-Speed A/T,Black,Black,None reported,Yes,55000,6,True,107,False,Premium
Mercedes-Benz,E-Class E 350,2012,"59,600 mi.",Gasoline,302.0HP 3.5L V6 Cylinder Engine Gasoline Fuel,Transmission w/Dual Shift Mode,White,Beige,None reported,Yes,19900,14,False,315,True,Budget
Kia,Optima Hybrid EX,2012,"117,220 mi.",Hybrid,206.0HP 2.4L 4 Cylinder Engine Gas/Electric Hybrid,A/T,Black,Black,None reported,Yes,8900,14,False,76,False,Budget
Chevrolet,Silverado 3500 LTZ,2022,"85,200 mi.",Diesel,445.0HP 6.6L 8 Cylinder Engine Diesel Fuel,10-Speed A/T,Silver,Gray,None reported,Yes,67500,4,True,292,False,Premium
Volkswagen,Golf GTI 2.0T SE 4-Door,2018,"63,450 mi.",Gasoline,220.0HP 2.0L 4 Cylinder Engine Gasoline Fuel,6-Speed M/T,White,Black,None reported,Yes,24325,8,False,59,False,Mid-Range
Dodge,Ram 1500 SRT-10,2004,"73,000 mi.",Gasoline,500.0HP 8.3L 10 Cylinder Engine Gasoline Fuel,6-Speed M/T,Black,Gray,None reported,Yes,22500,22,False,90,False,Mid-Range
Scion,tC Anniversary Edition,2014,"115,000 mi.",Gasoline,179.0HP 2.5L 4 Cylinder Engine Gasoline Fuel,6-Speed M/T,Silver,Silver,None reported,Yes,11495,12,False,6,False,Budget
Land,Rover Range Rover 5.0L Supercharged Autobiography,2016,"56,000 mi.",Gasoline,510.0HP 5.0L 8 Cylinder Engine Gasoline Fuel,8-Speed A/T,Black,Brown,None reported,Yes,49900,10,True,130,True,Premium
Lexus,LS 500 Base,2018,"67,296 mi.",Gasoline,"3.5L V-6 port/direct injection, DOHC, VVT-iE/VVT-i variable valv","Automatic, 10-Spd",–,–,None reported,Yes,40900,8,True,163,True,Mid-Range
Chevrolet,Suburban 1500 LT,2015,"179,200 mi.",Gasoline,355.0HP 5.3L 8 Cylinder Engine Gasoline Fuel,6-Speed A/T,Black,–,At least 1 accident or damage reported,Yes,16000,11,False,292,False,Budget
Maserati,GranTurismo Base,2015,"28,000 mi.",Gasoline,444.0HP 4.7L 8 Cylinder Engine Gasoline Fuel,6-Speed A/T,White,Red,None reported,Yes,44999,11,True,34,False,Premium
Porsche,911 Carrera Turbo,2003,"155,000 mi.",Gasoline,415.0HP 3.6L Flat 6 Cylinder Engine Gasoline Fuel,6-Speed M/T,Black,Black,None reported,Yes,55000,23,True,201,True,Premium
Hyundai,Sonata Hybrid Base,2012,"154,000 mi.",Hybrid,206.0HP 2.4L 4 Cylinder Engine Gas/Electric Hybrid,A/T,Green,Gray,At least 1 accident or damage reported,Yes,8500,14,False,72,False,Budget
Cadillac,CTS Luxury,2012,"62,500 mi.",Gasoline,270.0HP 3.0L V6 Cylinder Engine Gasoline Fuel,6-Speed A/T,Red,Beige,At least 1 accident or damage reported,Yes,18955,14,False,107,False,Budget
BMW,323 Ci,2000,"177,700 mi.",Gasoline,170.0HP 2.5L Straight 6 Cylinder Engine Gasoline Fuel,5-Speed A/T,Silver,Black,None reported,Yes,2500,26,False,375,True,Budget
Tesla,Model 3 Standard Range Plus,2019,"83,700 mi.",Gasoline,Electric Motor Electric Fuel System,A/T,Black,Black,At least 1 accident or damage reported,Yes,26000,7,False,87,False,Mid-Range
Chevrolet,1500 Cheyenne Extended Cab,1995,"120,000 mi.",–,–,4-Speed A/T,White,Brown,At least 1 accident or damage reported,Yes,6500,31,False,292,False,Budget
Nissan,370Z Touring,2012,"65,000 mi.",Gasoline,332.0HP 3.7L V6 Cylinder Engine Gasoline Fuel,6-Speed M/T,Gray,Black,None reported,Yes,21500,14,False,116,False,Budget
Mercedes-Benz,GLS 450 Base 4MATIC,2018,"62,808 mi.",Gasoline,3.0 Liter DOHC Twin Turbo,Automatic,Black,–,At least 1 accident or damage reported,Yes,38598,8,True,315,True,Mid-Range
Ford,Mustang GT Premium,2021,"3,000 mi.",Gasoline,460.0HP 5.0L 8 Cylinder Engine Gasoline Fuel,6-Speed M/T,Red,Black,None reported,Yes,49500,5,True,386,False,Premium
Audi,Q5 2.0T Premium,2012,"119,000 mi.",Gasoline,211.0HP 2.0L 4 Cylinder Engine Gasoline Fuel,A/T,Gray,–,None reported,Yes,12000,14,False,200,True,Budget
RAM,2500 Big Horn,2013,"198,868 mi.",Diesel,350.0HP 6.7L Straight 6 Cylinder Engine Diesel Fuel,6-Speed A/T,Brown,Beige,None reported,Yes,25000,13,False,91,False,Mid-Range
Dodge,Ram 1500 ST,2011,"188,000 mi.",Gasoline,210.0HP 3.7L V6 Cylinder Engine Gasoline Fuel,A/T,Silver,Black,At least 1 accident or damage reported,Yes,8500,15,False,90,False,Budget
Mercedes-Benz,C-Class C 300 4MATIC Sport,2013,"157,405 mi.",Gasoline,248.0HP 3.5L V6 Cylinder Engine Gasoline Fuel,A/T,Black,Black,None reported,Yes,10750,13,False,315,True,Budget
Dodge,Challenger SRT Hellcat,2016,"8,228 mi.",Gasoline,707.0HP 6.2L 8 Cylinder Engine Gasoline Fuel,8-Speed A/T,Blue,Black,None reported,Yes,62500,10,True,90,False,Premium
Land,Rover Range Rover 3.0L Supercharged HSE,2018,"73,101 mi.",Gasoline,380.0HP 3.0L V6 Cylinder Engine Gasoline Fuel,A/T,Blue,Beige,None reported,Yes,42950,8,True,130,True,Premium
BMW,M4 Base,2018,"10,950 mi.",Gasoline,425.0HP 3.0L Straight 6 Cylinder Engine Gasoline Fuel,6-Speed M/T,White,White,None reported,Yes,60995,8,True,375,True,Premium
Mercedes-Benz,S-Class S 560 4MATIC,2018,"63,160 mi.",Gasoline,463.0HP 4.0L 8 Cylinder Engine Gasoline Fuel,A/T,Black,–,At least 1 accident or damage reported,Yes,47000,8,True,315,True,Premium
Land,Rover Range Rover 5.0L V8 Supercharged,2019,"31,866 mi.",Gasoline,"5L V-8 gasoline direct injection, DOHC, variable valve control,","Automatic, 8-Spd",–,–,None reported,Yes,68900,7,True,130,True,Premium
Chevrolet,Express 3500 Base,2009,"75,000 mi.",Gasoline,319.0HP 6.0L 8 Cylinder Engine Gasoline Fuel,A/T,White,Gray,None reported,Yes,18900,17,False,292,False,Budget
Toyota,4Runner TRD Pro,2016,"98,000 mi.",Gasoline,270.0HP 4.0L V6 Cylinder Engine Gasoline Fuel,A/T,Black,Black,At least 1 accident or damage reported,Yes,36000,10,True,199,False,Mid-Range
Mazda,MX-5 Miata Grand Touring,2012,"33,576 mi.",Gasoline,167.0HP 2.0L 4 Cylinder Engine Gasoline Fuel,6-Speed M/T,Red,Beige,None reported,Yes,18900,14,False,64,False,Budget
Volkswagen,Touareg VR6 Lux,2012,"123,200 mi.",Gasoline,280.0HP 3.6L V6 Cylinder Engine Gasoline Fuel,A/T,Gray,Beige,At least 1 accident or damage reported,Yes,12449,14,False,59,False,Budget
Jaguar,XJ Base,2013,"112,000 mi.",Gasoline,340.0HP 3.0L V6 Cylinder Engine Gasoline Fuel,A/T,Blue,White,None reported,Yes,8800,13,False,47,True,Budget
Chevrolet,Camaro 2SS,2010,"68,000 mi.",Gasoline,426.0HP 6.2L 8 Cylinder Engine Gasoline Fuel,6-Speed A/T,Gray,Gray,At least 1 accident or damage reported,Yes,19500,16,False,292,False,Budget
INFINITI,G37 x,2012,"120,000 mi.",Gasoline,328.0HP 3.7L V6 Cylinder Engine Gasoline Fuel,Transmission w/Dual Shift Mode,Red,Black,At least 1 accident or damage reported,Yes,14500,14,False,59,False,Budget
BMW,X6 xDrive50i,2019,"45,000 mi.",Gasoline,445.0HP 4.4L 8 Cylinder Engine Gasoline Fuel,8-Speed A/T,Silver,Black,At least 1 accident or damage reported,Yes,46999,7,True,375,True,Premium
Chevrolet,Camaro LT1,2022,"6,700 mi.",Gasoline,455.0HP 6.2L 8 Cylinder Engine Gasoline Fuel,10-Speed A/T,Gray,Black,None reported,Yes,39500,4,True,292,False,Mid-Range
Porsche,Taycan Base,2021,"6,785 mi.",Gasoline,Electric,2-Speed Automatic,Gentian Blue Metallic,Black,None reported,Yes,108900,5,True,201,True,Premium
Mercedes-Benz,S-Class S 63 AMG,2015,"40,900 mi.",Gasoline,577.0HP 5.5L 8 Cylinder Engine Gasoline Fuel,7-Speed A/T,White,–,None reported,Yes,59750,11,True,315,True,Premium
Cadillac,Escalade ESV Premium Luxury,2018,"74,150 mi.",Gasoline,420.0HP 6.2L 8 Cylinder Engine Gasoline Fuel,10-Speed A/T,Gold,Brown,None reported,Yes,45000,8,True,107,False,Premium
Toyota,Camry Hybrid XLE,2014,"94,448 mi.",Hybrid,200.0HP 2.5L 4 Cylinder Engine Gas/Electric Hybrid,A/T,Silver,Gray,None reported,Yes,15999,12,False,199,False,Budget
Audi,A6 3.0T Prestige,2015,"108,000 mi.",Gasoline,310.0HP 3.0L V6 Cylinder Engine Gasoline Fuel,Transmission w/Dual Shift Mode,Black,Brown,None reported,Yes,19998,11,False,200,True,Budget
BMW,X5 M Base,2012,"118,000 mi.",Gasoline,555.0HP 4.4L 8 Cylinder Engine Gasoline Fuel,Transmission w/Dual Shift Mode,White,Orange,At least 1 accident or damage reported,Yes,17000,14,False,375,True,Budget
Jaguar,F-PACE SVR,2020,"38,800 mi.",Gasoline,550.0HP 5.0L 8 Cylinder Engine Gasoline Fuel,Transmission w/Dual Shift Mode,Black,Black,None reported,Yes,57500,6,True,47,True,Premium
BMW,740 i,2017,"55,000 mi.",Gasoline,320.0HP 3.0L Straight 6 Cylinder Engine Gasoline Fuel,Transmission w/Dual Shift Mode,White,Black,None reported,Yes,40000,9,True,375,True,Mid-Range
BMW,M340 i xDrive,2021,"34,967 mi.",Hybrid,382.0HP 3.0L Straight 6 Cylinder Engine Gasoline/Mild Electric Hybrid,8-Speed A/T,Blue,Beige,At least 1 accident or damage reported,Yes,49999,5,True,375,True,Premium
Jeep,Wrangler Unlimited Sport,2016,"85,325 mi.",Gasoline,285.0HP 3.6L V6 Cylinder Engine Gasoline Fuel,5-Speed A/T,Black,Black,None reported,Yes,30000,10,False,143,False,Mid-Range
RAM,2500 Tradesman,2018,"63,750 mi.",Gasoline,410.0HP 6.4L 8 Cylinder Engine Gasoline Fuel,6-Speed A/T,Gray,Gray,None reported,Yes,36000,8,True,91,False,Mid-Range
Ford,Mustang V6,2016,"87,248 mi.",Gasoline,300.0HP 3.7L V6 Cylinder Engine Gasoline Fuel,6-Speed A/T,Black,Black,None reported,Yes,19999,10,False,386,False,Budget
BMW,328 i,1997,"206,000 mi.",Gasoline,190.0HP 2.8L Straight 6 Cylinder Engine Gasoline Fuel,5-Speed M/T,Red,Black,At least 1 accident or damage reported,Yes,15900,29,False,375,True,Budget
Mercedes-Benz,GL-Class GL 450,2011,"112,854 mi.",Gasoline,335.0HP 4.7L 8 Cylinder Engine Gasoline Fuel,7-Speed A/T,White,Black,None reported,Yes,11999,15,False,315,True,Budget
Rivian,R1S Adventure Package,2023,"1,150 mi.",Gasoline,835.0HP Electric Motor Electric Fuel System,A/T,Green,Black,None reported,Yes,96850,3,True,17,False,Premium
Tesla,Model Y Long Range,2023,"10,000 mi.",Gasoline,425.0HP Electric Motor Electric Fuel System,A/T,Blue,Black,None reported,Yes,48000,3,True,87,False,Premium
Mercedes-Benz,E-Class E 350,2022,"14,100 mi.",Gasoline,255.0HP 2.0L 4 Cylinder Engine Gasoline Fuel,9-Speed A/T,Gray,Black,None reported,Yes,53000,4,True,315,True,Premium
BMW,X7 xDrive40i,2023,"14,360 mi.",Hybrid,375.0HP 3.0L Straight 6 Cylinder Engine Gasoline/Mild Electric Hybrid,8-Speed A/T,Black,Black,None reported,Yes,85495,3,True,375,True,Premium
Chevrolet,Trailblazer RS,2023,"10,000 mi.",Gasoline,155.0HP 1.3L 3 Cylinder Engine Gasoline Fuel,9-Speed A/T,Blue,Black,None reported,Yes,32000,3,True,292,False,Mid-Range
Chevrolet,Suburban 1500 LTZ,2015,"217,500 mi.",Gasoline,355.0HP 5.3L 8 Cylinder Engine Gasoline Fuel,A/T,Black,Black,None reported,Yes,20000,11,False,292,False,Budget
Chevrolet,Suburban Premier,2021,"73,846 mi.",Gasoline,5.3L V8 16V GDI OHV,10-Speed Automatic,Midnight Blue Metallic,Jet Black,None reported,Yes,60995,5,True,292,False,Premium
Jeep,Gladiator Overland,2020,"40,000 mi.",Gasoline,285.0HP 3.6L V6 Cylinder Engine Gasoline Fuel,Transmission w/Dual Shift Mode,Gray,Black,None reported,Yes,45000,6,True,143,False,Premium
GMC,Yukon XL AT4,2023,"9,980 mi.",Gasoline,355.0HP 5.3L 8 Cylinder Engine Gasoline Fuel,10-Speed A/T,Black,Black,None reported,Yes,82000,3,True,91,False,Premium
Mazda,Mazda6 Grand Touring Reserve,2019,"41,997 mi.",Gasoline,227.0HP 2.5L 4 Cylinder Engine Gasoline Fuel,6-Speed A/T,Black,Black,None reported,Yes,24995,7,False,64,False,Mid-Range
Alfa,Romeo Giulia Ti,2021,"2,000 mi.",Gasoline,280.0HP 2.0L 4 Cylinder Engine Gasoline Fuel,8-Speed A/T,Blue,Brown,None reported,Yes,39000,5,True,19,False,Mid-Range
Mercedes-Benz,CLA-Class CLA 250,2016,"42,750 mi.",Gasoline,208.0HP 2.0L 4 Cylinder Engine Gasoline Fuel,Transmission w/Dual Shift Mode,Black,Black,At least 1 accident or damage reported,Yes,22999,10,False,315,True,Mid-Range
BMW,330 330i xDrive,2019,"19,473 mi.",Gasoline,Intercooled Turbo Premium Unleaded I-4 2.0 L/122,Automatic,Alpine White,Canberra Beige,None reported,Yes,31698,7,True,375,True,Mid-Range
Volkswagen,Beetle 2.0T S,2019,"35,340 mi.",Gasoline,174.0HP 2.0L 4 Cylinder Engine Gasoline Fuel,A/T,Black,Gray,None reported,Yes,23000,7,False,59,False,Mid-Range
Mercedes-Benz,CLK-Class CLK 350,2008,"93,000 mi.",Gasoline,268.0HP 3.5L V6 Cylinder Engine Gasoline Fuel,7-Speed A/T,White,Beige,At least 1 accident or damage reported,Yes,12000,18,False,315,True,Budget
Audi,RS 7 4.0T Prestige,2014,"66,150 mi.",Gasoline,560.0HP 4.0L 8 Cylinder Engine Gasoline Fuel,8-Speed A/T,White,Black,At least 1 accident or damage reported,Yes,47995,12,True,200,True,Premium
Volvo,XC60 Recharge Plug-In Hybrid T8 Inscription,2022,"19,352 mi.",Plug-In Hybrid,455.0HP 2.0L 4 Cylinder Engine Plug-In Electric/Gas,8-Speed A/T,Blue,Beige,None reported,Yes,54599,4,True,38,False,Premium
Land,Rover Range Rover Supercharged LWB,2020,"81,000 mi.",Gasoline,518.0HP 5.0L 8 Cylinder Engine Gasoline Fuel,A/T,Black,Black,None reported,Yes,64800,6,True,130,True,Premium
Toyota,Sequoia Limited,2011,"183,000 mi.",Gasoline,381.0HP 5.7L 8 Cylinder Engine Gasoline Fuel,6-Speed A/T,Gold,Beige,None reported,Yes,16000,15,False,199,False,Budget
Jeep,Wrangler X,2004,"44,000 mi.",Gasoline,190.0HP 4.0L Straight 6 Cylinder Engine Gasoline Fuel,M/T,Green,Green,At least 1 accident or damage reported,Yes,24999,22,False,143,False,Mid-Range
Audi,S5 3.0T Premium,2021,"18,100 mi.",Gasoline,349.0HP 3.0L V6 Cylinder Engine Gasoline Fuel,8-Speed A/T,Gray,Gray,None reported,Yes,51800,5,True,200,True,Premium
Land,Rover Range Rover Sport Supercharged,2011,"40,000 mi.",Gasoline,510.0HP 5.0L 8 Cylinder Engine Gasoline Fuel,Transmission w/Dual Shift Mode,Blue,Brown,At least 1 accident or damage reported,Yes,20000,15,False,130,True,Budget
Mercedes-Benz,Sprinter 2500,2011,"120,000 mi.",Diesel,188.0HP 3.0L V6 Cylinder Engine Diesel Fuel,5-Speed A/T,Black,Gray,None reported,Yes,31999,15,True,315,True,Mid-Range
Toyota,Sequoia Platinum,2023,325 mi.,Hybrid,437.0HP 3.4L V6 Cylinder Engine Gas/Electric Hybrid,10-Speed A/T,Blue,Gray,None reported,Yes,84997,3,True,199,False,Premium
Maserati,Quattroporte S GranLusso,2017,"55,000 mi.",Gasoline,405.0HP 3.0L V6 Cylinder Engine Gasoline Fuel,A/T,Blue,Black,None reported,Yes,39100,9,True,34,False,Mid-Range
Toyota,Land Cruiser Base,1996,"233,000 mi.",–,–,A/T,Blue,Gray,None reported,Yes,7500,30,False,199,False,Budget
Lamborghini,Aventador SVJ Base,2021,"6,987 mi.",Gasoline,6.5L V12 48V MPFI DOHC,7-Speed,–,Nero Ade,None reported,Yes,749950,5,True,26,False,Premium
Ford,Mustang Bullitt,2019,"48,500 mi.",Gasoline,480.0HP 5.0L 8 Cylinder Engine Gasoline Fuel,6-Speed M/T,Black,Black,At least 1 accident or damage reported,Yes,44999,7,True,386,False,Premium
RAM,2500 Tradesman,2018,"52,000 mi.",Diesel,350.0HP 6.7L Straight 6 Cylinder Engine Diesel Fuel,6-Speed A/T,Gray,Black,None reported,Yes,50000,8,True,91,False,Premium
Toyota,FJ Cruiser Base,2007,"179,000 mi.",Gasoline,239.0HP 4.0L V6 Cylinder Engine Gasoline Fuel,A/T,Silver,Black,At least 1 accident or damage reported,Yes,17900,19,False,199,False,Budget
Dodge,Charger Scat Pack,2019,"42,626 mi.",Gasoline,485.0HP 6.4L 8 Cylinder Engine Gasoline Fuel,8-Speed A/T,Silver,Red,None reported,Yes,42000,7,True,90,False,Mid-Range
Lexus,GX 460 Base,2018,"65,900 mi.",Gasoline,301.0HP 4.6L 8 Cylinder Engine Gasoline Fuel,Transmission w/Dual Shift Mode,Gray,Black,At least 1 accident or damage reported,Yes,34700,8,True,163,True,Mid-Range
Genesis,GV80 2.5T,2022,"7,523 mi.",Gasoline,2.5L I4 16V PDI DOHC Turbo,8-Speed Automatic,Black,Black,None reported,Yes,54543,4,True,20,False,Premium
Jaguar,F-PACE 30t R-Sport,2019,"34,365 mi.",Gasoline,2.0 Liter,Automatic,Yulong,Ebony,None reported,Yes,59598,7,True,47,True,Premium
Kia,Sportage S,2021,"16,949 mi.",Gasoline,2.4L I4 16V GDI DOHC,6-Speed Automatic,Hyper Red,Black,None reported,Yes,24995,5,False,76,False,Mid-Range
Mercedes-Benz,S-Class S 580 4MATIC,2022,"7,968 mi.",Hybrid,496.0HP 4.0L 8 Cylinder Engine Gasoline/Mild Electric Hybrid,9-Speed A/T,White,White,None reported,Yes,104999,4,True,315,True,Premium
Porsche,Panamera Base,2018,"61,000 mi.",Gasoline,330.0HP 3.0L V6 Cylinder Engine Gasoline Fuel,Transmission w/Dual Shift Mode,Gray,Gray,None reported,Yes,57500,8,True,201,True,Premium
INFINITI,QX80 Base,2018,"100,564 mi.",Gasoline,5.6L V8 32V GDI DOHC,7-Speed Automatic,Black,Graphite,None reported,Yes,23105,8,False,59,False,Mid-Range
Ford,Maverick Lariat,2022,"13,700 mi.",Hybrid,191.0HP 2.5L 4 Cylinder Engine Gas/Electric Hybrid,CVT Transmission,Blue,Brown,None reported,Yes,39500,4,True,386,False,Mid-Range
Kia,Telluride SX,2021,"38,612 mi.",Gasoline,3.8L V6 24V GDI DOHC,8-Speed Automatic,Ebony Black,Black,None reported,Yes,42242,5,True,76,False,Mid-Range
Chevrolet,Colorado Z85,2005,"155,000 mi.",Gasoline,220.0HP 3.5L 5 Cylinder Engine Gasoline Fuel,A/T,Blue,Gray,At least 1 accident or damage reported,Yes,7995,21,False,292,False,Budget
Mercedes-Benz,E-Class E 550,2017,"56,000 mi.",Gasoline,402.0HP 4.7L 8 Cylinder Engine Gasoline Fuel,Transmission w/Dual Shift Mode,Gray,White,None reported,Yes,35750,9,True,315,True,Mid-Range
Land,Rover Range Rover Sport SVR,2022,"15,107 mi.",Gasoline,5.0L V8 32V GDI DOHC Supercharged,8-Speed Automatic,Santorini Black Metallic,Ebony,None reported,Yes,114900,4,True,130,True,Premium
Toyota,Corolla Hybrid LE,2022,"44,459 mi.",Hybrid,121.0HP 1.8L 4 Cylinder Engine Gas/Electric Hybrid,A/T,Silver,Gray,None reported,Yes,22945,4,False,199,False,Mid-Range
Mercedes-Benz,E-Class E 300 4MATIC,2017,"31,000 mi.",Gasoline,241.0HP 2.0L 4 Cylinder Engine Gasoline Fuel,A/T,Blue,White,At least 1 accident or damage reported,Yes,38000,9,True,315,True,Mid-Range
Mercedes-Benz,SLK-Class SLK 350,2012,"44,000 mi.",Gasoline,302.0HP 3.5L V6 Cylinder Engine Gasoline Fuel,Transmission w/Dual Shift Mode,Gray,White,At least 1 accident or damage reported,Yes,22222,14,False,315,True,Mid-Range
Mercedes-Benz,E-Class E 400 4MATIC,2018,"22,558 mi.",Gasoline,3.0L V6 24V GDI DOHC Twin Turbo,9-Speed Automatic,Black,Black,None reported,Yes,47645,8,True,315,True,Premium
Jeep,Wrangler X,2003,"116,157 mi.",Gasoline,210.0HP 4.0L Straight 6 Cylinder Engine Gasoline Fuel,4-Speed A/T,Beige,Beige,None reported,Yes,14250,23,False,143,False,Budget
Lincoln,Navigator Premiere,2018,"23,500 mi.",Gasoline,450.0HP 3.5L V6 Cylinder Engine Gasoline Fuel,10-Speed A/T,Black,Black,At least 1 accident or damage reported,Yes,50000,8,True,52,False,Premium
Chevrolet,Corvette Base,2008,"28,150 mi.",Gasoline,430.0HP 6.2L 8 Cylinder Engine Gasoline Fuel,Transmission w/Dual Shift Mode,Red,Beige,None reported,Yes,31000,18,False,292,False,Mid-Range
GMC,Yukon XL Denali,2016,"137,500 mi.",Gasoline,420.0HP 6.2L 8 Cylinder Engine Gasoline Fuel,A/T,Black,Black,At least 1 accident or damage reported,Yes,29500,10,False,91,False,Mid-Range
Mercedes-Benz,Metris Base,2021,"2,284 mi.",Gasoline,2.0L I4 16V GDI DOHC Turbo,9-Speed Automatic,Black,Tan,None reported,Yes,157500,5,True,315,True,Premium
Land,Rover Range Rover P530 SE LWB 7 Seat,2023,350 mi.,Gasoline,523.0HP 4.4L 8 Cylinder Engine Gasoline Fuel,Transmission w/Dual Shift Mode,Black,Beige,None reported,Yes,195000,3,True,130,True,Premium
Ford,Explorer XLT,2017,"169,000 mi.",E85 Flex Fuel,290.0HP 3.5L V6 Cylinder Engine Flex Fuel Capability,A/T,White,Beige,None reported,Yes,13000,9,False,386,False,Budget
Ferrari,488 GTB Base,2018,"17,761 mi.",Gasoline,3.9L V8 32V GDI DOHC Twin Turbo,7-Speed Automatic with Auto-Shift,Rosso Corsa,Nero,None reported,Yes,243900,8,True,12,False,Premium
Chevrolet,Camaro 2SS,2010,"8,949 mi.",Gasoline,426.0HP 6.2L 8 Cylinder Engine Gasoline Fuel,M/T,Yellow,Black,None reported,Yes,30000,16,False,292,False,Mid-Range
BMW,750 i xDrive,2020,"25,108 mi.",Gasoline,523.0HP 4.4L 8 Cylinder Engine Gasoline Fuel,8-Speed A/T,Black,Black,None reported,Yes,66000,6,True,375,True,Premium
Land,Rover Range Rover 3.0L Supercharged HSE,2016,"103,000 mi.",Gasoline,380.0HP 3.0L V6 Cylinder Engine Gasoline Fuel,Transmission w/Dual Shift Mode,Black,Black,None reported,Yes,33999,10,True,130,True,Mid-Range
Porsche,911 Carrera 4 Cabriolet,2003,"87,600 mi.",Gasoline,315.0HP 3.6L Flat 6 Cylinder Engine Gasoline Fuel,Transmission w/Dual Shift Mode,Black,Black,At least 1 accident or damage reported,Yes,32000,23,True,201,True,Mid-Range
Maserati,MC20 Base,2022,"1,087 mi.",Gasoline,3.0L V6 24V PDI DOHC Twin Turbo,8-Speed Automatic with Auto-Shift,Matte White,Black,None reported,Yes,279000,4,True,34,False,Premium
Mercedes-Benz,CLA-Class CLA 250,2015,"76,753 mi.",Gasoline,208.0HP 2.0L 4 Cylinder Engine Gasoline Fuel,A/T,Red,Black,At least 1 accident or damage reported,Yes,15999,11,False,315,True,Budget
Mercedes-Benz,Metris Base,2019,"10,500 mi.",Gasoline,208.0HP 2.0L 4 Cylinder Engine Gasoline Fuel,A/T,Black,Brown,None reported,Yes,79500,7,True,315,True,Premium
Mercedes-Benz,E-Class E 350 4MATIC,2011,"199,000 mi.",Gasoline,268.0HP 3.5L V6 Cylinder Engine Gasoline Fuel,7-Speed A/T,Silver,Black,None reported,Yes,9250,15,False,315,True,Budget
Lexus,LS 460 L,2007,"127,980 mi.",Gasoline,380.0HP 4.6L 8 Cylinder Engine Gasoline Fuel,8-Speed A/T,Blue,Beige,None reported,Yes,9999,19,False,163,True,Budget
BMW,X6 xDrive40i,2023,"16,307 mi.",Hybrid,335.0HP 3.0L Straight 6 Cylinder Engine Gasoline/Mild Electric Hybrid,A/T,Red,White,None reported,Yes,71400,3,True,375,True,Premium
Audi,S5 3.0T Prestige,2021,"13,566 mi.",Gasoline,3.0L,1-Speed Automatic,Daytona Gray Pearl Effect,Magma Red,None reported,Yes,57900,5,True,200,True,Premium
Audi,Q7 Premium Plus,2022,"22,588 mi.",Hybrid,3.0 Liter TFSI,Automatic,Navarra Blue,Saiga Beige,None reported,Yes,52598,4,True,200,True,Premium
Jaguar,XE 25t,2019,"41,452 mi.",Gasoline,247.0HP 2.0L 4 Cylinder Engine Gasoline Fuel,Transmission w/Dual Shift Mode,White,Black,At least 1 accident or damage reported,Yes,22500,7,False,47,True,Mid-Range
Genesis,G80 3.3T Sport,2019,"57,500 mi.",Gasoline,365.0HP 3.3L V6 Cylinder Engine Gasoline Fuel,A/T,Red,Black,None reported,Yes,32990,7,True,20,False,Mid-Range
BMW,M2 Competition,2020,500 mi.,Gasoline,405.0HP 3.0L Straight 6 Cylinder Engine Gasoline Fuel,7-Speed A/T,Black,Black,None reported,Yes,70000,6,True,375,True,Premium
Subaru,Impreza WRX Premium,2014,"55,000 mi.",Gasoline,265.0HP 2.5L 4 Cylinder Engine Gasoline Fuel,5-Speed M/T,White,Black,None reported,Yes,30000,12,False,64,False,Mid-Range
GMC,Sierra 2500 Base,2021,"8,210 mi.",Gasoline,401.0HP 6.6L 8 Cylinder Engine Gasoline Fuel,A/T,White,Black,None reported,Yes,55000,5,True,91,False,Premium
Lincoln,Nautilus Reserve,2021,"18,160 mi.",Gasoline,2.7L V6 24V GDI DOHC Twin Turbo,8-Speed Automatic,Silver Radiance,Slate,None reported,Yes,46850,5,True,52,False,Premium
Jaguar,XF XFR-S,2013,"4,279 mi.",Gasoline,550.0HP 5.0L 8 Cylinder Engine Gasoline Fuel,8-Speed A/T,White,Black,None reported,Yes,70000,13,True,47,True,Premium
Mercedes-Benz,Sprinter Normal Roof,2013,"39,748 mi.",Diesel,188.0HP 3.0L V6 Cylinder Engine Diesel Fuel,A/T,Silver,Black,At least 1 accident or damage reported,Yes,54995,13,True,315,True,Premium
Toyota,Land Cruiser Base,1998,"160,000 mi.",Gasoline,230.0HP 4.7L 8 Cylinder Engine Gasoline Fuel,4-Speed A/T,White,Beige,At least 1 accident or damage reported,Yes,12490,28,False,199,False,Budget
Toyota,Tacoma PreRunner,2013,"65,000 mi.",Gasoline,159.0HP 2.7L 4 Cylinder Engine Gasoline Fuel,A/T,Silver,Gray,None reported,Yes,20500,13,False,199,False,Budget
BMW,Z4 sDrive28i,2016,"59,000 mi.",Gasoline,240.0HP 2.0L 4 Cylinder Engine Gasoline Fuel,8-Speed A/T,Black,Beige,None reported,Yes,25000,10,False,375,True,Mid-Range
BMW,530e Base,2022,"22,700 mi.",Plug-In Hybrid,288.0HP 2.0L 4 Cylinder Engine Plug-In Electric/Gas,A/T,White,Black,None reported,Yes,47000,4,True,375,True,Premium
Mercedes-Benz,GLA 250 Base 4MATIC,2018,"56,578 mi.",E85 Flex Fuel,208.0HP 2.0L 4 Cylinder Engine Flex Fuel Capability,7-Speed A/T,White,Black,None reported,Yes,20900,8,False,315,True,Budget
Hyundai,Genesis 4.6,2010,"153,332 mi.",Gasoline,378.0HP 4.6L 8 Cylinder Engine Gasoline Fuel,Transmission w/Dual Shift Mode,Silver,Black,At least 1 accident or damage reported,Yes,10000,16,False,72,False,Budget
Cadillac,ATS 3.6L Luxury,2013,"89,700 mi.",Gasoline,321.0HP 3.6L V6 Cylinder Engine Gasoline Fuel,6-Speed A/T,Black,Red,None reported,Yes,17999,13,False,107,False,Budget
Lincoln,Town Car Signature,2002,"118,600 mi.",Gasoline,220.0HP 4.6L 8 Cylinder Engine Gasoline Fuel,A/T,Black,Gray,At least 1 accident or damage reported,Yes,5230,24,False,52,False,Budget
GMC,Sierra 1500 SLT,2021,"23,400 mi.",Gasoline,420.0HP 6.2L 8 Cylinder Engine Gasoline Fuel,A/T,Black,Black,None reported,Yes,52000,5,True,91,False,Premium
Mercedes-Benz,Sprinter High Roof,2015,"110,000 mi.",Diesel,188.0HP 3.0L V6 Cylinder Engine Diesel Fuel,A/T,White,Gray,None reported,Yes,29000,11,False,315,True,Mid-Range
Jaguar,XJ Vanden Plas,2008,"87,888 mi.",Gasoline,300.0HP 4.2L 8 Cylinder Engine Gasoline Fuel,6-Speed A/T,Black,Black,None reported,Yes,11990,18,False,47,True,Budget
Lexus,RC 350 Base,2015,"73,800 mi.",Gasoline,3.5L V6 24V PDI DOHC,6-Speed Automatic,Black,Black,None reported,Yes,26999,11,False,163,True,Mid-Range
Audi,S3 2.0T Premium Plus,2015,"78,124 mi.",Gasoline,292.0HP 2.0L 4 Cylinder Engine Gasoline Fuel,6-Speed A/T,Blue,Black,None reported,Yes,21500,11,False,200,True,Budget
Subaru,WRX Limited,2015,"91,000 mi.",Gasoline,268.0HP 2.0L 4 Cylinder Engine Gasoline Fuel,6-Speed M/T,Red,Black,At least 1 accident or damage reported,Yes,19000,11,False,64,False,Budget
Dodge,Ram 2500 SLT Quad Cab,2003,"114,000 mi.",Gasoline,345.0HP 5.7L 8 Cylinder Engine Gasoline Fuel,5-Speed A/T,White,Beige,At least 1 accident or damage reported,Yes,10700,23,False,90,False,Budget
Subaru,WRX Limited,2015,"76,000 mi.",Gasoline,268.0HP 2.0L 4 Cylinder Engine Gasoline Fuel,6-Speed M/T,Blue,Black,None reported,Yes,21000,11,False,64,False,Budget
Audi,RS 4 4.2 quattro L,2008,"146,500 mi.",Gasoline,420.0HP 4.2L 8 Cylinder Engine Gasoline Fuel,6-Speed M/T,Red,Black,At least 1 accident or damage reported,Yes,30000,18,False,200,True,Mid-Range
Porsche,911 Carrera,2007,"26,021 mi.",Gasoline,325.0HP 3.6L Flat 6 Cylinder Engine Gasoline Fuel,6-Speed M/T,Silver,Gray,None reported,Yes,53999,19,True,201,True,Premium
Audi,A4 2.0T Premium Plus,2015,"73,000 mi.",E85 Flex Fuel,220.0HP 2.0L 4 Cylinder Engine Flex Fuel Capability,A/T,Black,Black,At least 1 accident or damage reported,Yes,17200,11,False,200,True,Budget
Audi,A4 3.2 Premium Plus quattro,2009,"153,000 mi.",Gasoline,265.0HP 3.2L V6 Cylinder Engine Gasoline Fuel,6-Speed A/T,Gray,Beige,None reported,Yes,8700,17,False,200,True,Budget
Ford,Excursion Limited,2003,"67,550 mi.",Diesel,325.0HP 6.0L 8 Cylinder Engine Diesel Fuel,5-Speed A/T,Gold,Beige,None reported,Yes,30000,23,False,386,False,Mid-Range
Ford,Excursion Limited,2004,"170,000 mi.",Gasoline,310.0HP 6.8L 10 Cylinder Engine Gasoline Fuel,A/T,Gold,Gold,None reported,Yes,8500,22,False,386,False,Budget
Land,Rover Range Rover Sport 5.0L Supercharged Dynamic,2017,"53,000 mi.",Gasoline,510.0HP 5.0L 8 Cylinder Engine Gasoline Fuel,Transmission w/Dual Shift Mode,Black,Beige,None reported,Yes,47500,9,True,130,True,Premium
Audi,Q8 3.0T Prestige,2019,"54,900 mi.",Hybrid,335.0HP 3.0L V6 Cylinder Engine Gasoline/Mild Electric Hybrid,A/T,Gold,Black,At least 1 accident or damage reported,Yes,48500,7,True,200,True,Premium
BMW,X5 xDrive35i,2016,"89,000 mi.",Gasoline,300.0HP 3.0L Straight 6 Cylinder Engine Gasoline Fuel,8-Speed A/T,Black,Black,None reported,Yes,24000,10,False,375,True,Mid-Range
Ford,Bronco Base,2022,"6,200 mi.",Gasoline,275.0HP 2.3L 4 Cylinder Engine Gasoline Fuel,7-Speed M/T,Black,Black,None reported,Yes,49000,4,True,386,False,Premium
Ford,F-150 XLT,2021,"51,808 mi.",Gasoline,5.0L V8 32V PDI DOHC,10-Speed Automatic,Silver,Black,None reported,Yes,42388,5,True,386,False,Mid-Range
Hyundai,Genesis Coupe 3.8 Track,2013,"89,000 mi.",Gasoline,344.0HP 3.8L V6 Cylinder Engine Gasoline Fuel,6-Speed M/T,White,Black,At least 1 accident or damage reported,Yes,12500,13,False,72,False,Budget
Toyota,Camry LE,1999,"86,111 mi.",Gasoline,133.0HP 2.2L 4 Cylinder Engine Gasoline Fuel,A/T,Gold,Beige,At least 1 accident or damage reported,Yes,3500,27,False,199,False,Budget
Mercedes-Benz,E-Class E 400 4MATIC,2018,"45,203 mi.",Gasoline,3.0L V6 24V GDI DOHC Twin Turbo,9-Speed Automatic,White,Saddle Brown,None reported,Yes,39853,8,True,315,True,Mid-Range
Audi,S5 3.0T Prestige,2022,"14,739 mi.",Gasoline,3.0L,1-Speed Automatic,Daytona Gray Pearl Effect,Black,None reported,Yes,61900,4,True,200,True,Premium
Buick,Enclave Premium,2017,"139,105 mi.",Gasoline,3.6L V6 24V GDI DOHC,6-Speed Automatic,Iridium Metallic,Light Titanium,At least 1 accident or damage reported,Yes,17550,9,False,30,False,Budget
Lamborghini,Gallardo LP560-4,2010,"45,014 mi.",Gasoline,560.0HP 5.2L 10 Cylinder Engine Gasoline Fuel,6-Speed A/T,Gray,Black,None reported,Yes,109499,16,True,26,False,Premium
Ford,Mustang GT Premium,2011,"101,000 mi.",Gasoline,412.0HP 5.0L 8 Cylinder Engine Gasoline Fuel,6-Speed M/T,Red,Black,None reported,Yes,18500,15,False,386,False,Budget
GMC,Yukon XL SLT,2016,"93,000 mi.",Gasoline,355.0HP 5.3L 8 Cylinder Engine Gasoline Fuel,A/T,Black,Black,At least 1 accident or damage reported,Yes,30000,10,False,91,False,Mid-Range
Ford,Mustang V6 Premium,2013,"62,500 mi.",Gasoline,305.0HP 3.7L V6 Cylinder Engine Gasoline Fuel,6-Speed M/T,Black,Black,None reported,Yes,16000,13,False,386,False,Budget
Lexus,IS-F Base,2008,"75,000 mi.",Gasoline,416.0HP 5.0L 8 Cylinder Engine Gasoline Fuel,8-Speed A/T,Blue,Black,At least 1 accident or damage reported,Yes,29000,18,False,163,True,Mid-Range
BMW,435 i,2015,"34,455 mi.",Gasoline,300.0HP 3.0L Straight 6 Cylinder Engine Gasoline Fuel,8-Speed A/T,Gray,Beige,None reported,Yes,28000,11,False,375,True,Mid-Range
Land,Rover Range Rover Supercharged,2010,"130,000 mi.",Gasoline,510.0HP 5.0L 8 Cylinder Engine Gasoline Fuel,A/T,White,Black,None reported,Yes,15500,16,False,130,True,Budget
Mercedes-Benz,CLA-Class CLA 250,2014,"76,170 mi.",Gasoline,208.0HP 2.0L 4 Cylinder Engine Gasoline Fuel,Transmission w/Dual Shift Mode,Gray,Black,At least 1 accident or damage reported,Yes,16500,12,False,315,True,Budget
GMC,Yukon SLT,2010,"194,500 mi.",E85 Flex Fuel,320.0HP 5.3L 8 Cylinder Engine Flex Fuel Capability,6-Speed A/T,White,Beige,At least 1 accident or damage reported,Yes,9500,16,False,91,False,Budget
BMW,535 i,2008,"135,000 mi.",Gasoline,300.0HP 3.0L Straight 6 Cylinder Engine Gasoline Fuel,A/T,Silver,Black,None reported,Yes,5699,18,False,375,True,Budget
Dodge,Charger GT,2021,"33,000 mi.",Gasoline,300.0HP 3.6L V6 Cylinder Engine Gasoline Fuel,Transmission w/Dual Shift Mode,White,Gray,At least 1 accident or damage reported,Yes,26999,5,False,90,False,Mid-Range
Hyundai,Genesis 3.8,2010,"98,700 mi.",Gasoline,290.0HP 3.8L V6 Cylinder Engine Gasoline Fuel,Transmission w/Dual Shift Mode,Beige,Beige,None reported,Yes,10340,16,False,72,False,Budget
Honda,Civic Type R Touring,2018,"72,900 mi.",Gasoline,306.0HP 2.0L 4 Cylinder Engine Gasoline Fuel,6-Speed M/T,Black,Black,At least 1 accident or damage reported,Yes,35500,8,True,63,False,Mid-Range
Dodge,Durango R/T,2016,"135,000 mi.",Gasoline,360.0HP 5.7L 8 Cylinder Engine Gasoline Fuel,A/T,Black,Black,None reported,Yes,20000,10,False,90,False,Budget
Chevrolet,Silverado 1500 Limited High Country,2022,"2,550 mi.",Gasoline,355.0HP 5.3L 8 Cylinder Engine Gasoline Fuel,10-Speed A/T,Red,Black,None reported,Yes,60000,4,True,292,False,Premium
Jeep,Grand Cherokee Altitude,2020,"35,289 mi.",Gasoline,3.6L V6 24V MPFI DOHC,8-Speed Automatic,Granite Crystal Clearcoat Metallic,Black,None reported,Yes,35470,6,True,143,False,Mid-Range
RAM,1500 Laramie,2022,"14,636 mi.",Gasoline,5.7L V8 16V MPFI OHV,8-Speed Automatic,Diamond Black,Black,None reported,Yes,46599,4,True,91,False,Premium
Chrysler,Crossfire Limited,2005,"24,847 mi.",Gasoline,3.2L V6 18V MPFI SOHC,5-Speed Automatic,White,Dark Gray,None reported,Yes,13046,21,False,28,False,Budget
Nissan,Rogue SL,2019,"29,558 mi.",Gasoline,2.5L I4 16V MPFI DOHC,Automatic CVT,Magnetic Black,Charcoal,None reported,Yes,25884,7,False,116,False,Mid-Range
Audi,A6 55 Premium Plus,2023,"6,581 mi.",Gasoline,"3L V-6 gasoline direct injection, DOHC, variable valve control,","Automatic, 7-Spd S tronic Dual-Clutch",Chronos Gray Metallic,Black,None reported,Yes,59900,3,True,200,True,Premium
Mercedes-Benz,AMG GT 53 Base,2020,"22,000 mi.",Hybrid,429.0HP 3.0L Straight 6 Cylinder Engine Gasoline/Mild Electric Hybrid,9-Speed A/T,Gray,Black,None reported,Yes,83999,6,True,315,True,Premium
Acura,ILX Technology Plus Package,2017,"68,200 mi.",Gasoline,201.0HP 2.4L 4 Cylinder Engine Gasoline Fuel,Transmission w/Dual Shift Mode,Black,–,At least 1 accident or damage reported,Yes,15750,9,False,64,False,Budget
Land,Rover Range Rover P530 SE SWB,2023,"2,800 mi.",Gasoline,523.0HP 4.4L 8 Cylinder Engine Gasoline Fuel,8-Speed A/T,White,Red,None reported,Yes,175000,3,True,130,True,Premium
Ford,Expedition Platinum,2019,"51,300 mi.",Gasoline,3.5L V6 24V GDI DOHC Twin Turbo,10-Speed Automatic,White,Platinum,None reported,Yes,48295,7,True,386,False,Premium
BMW,M3 Base,2008,"133,500 mi.",Gasoline,414.0HP 4.0L 8 Cylinder Engine Gasoline Fuel,6-Speed M/T,Gray,Black,None reported,Yes,18500,18,False,375,True,Budget
INFINITI,M37 x,2012,"49,000 mi.",Gasoline,330.0HP 3.7L V6 Cylinder Engine Gasoline Fuel,7-Speed A/T,Gray,Black,None reported,Yes,19900,14,False,59,False,Budget
BMW,650 i,2008,"125,470 mi.",Gasoline,360.0HP 4.8L 8 Cylinder Engine Gasoline Fuel,A/T,Black,Beige,None reported,Yes,8000,18,False,375,True,Budget
Mazda,RX-8 Grand Touring,2008,"81,219 mi.",Gasoline,232.0HP 1.3L Rotary engine Gasoline Fuel,6-Speed M/T,Red,Black,None reported,Yes,8500,18,False,64,False,Budget
Porsche,Boxster Base,1999,"72,000 mi.",Gasoline,201.0HP 2.5L Flat 6 Cylinder Engine Gasoline Fuel,5-Speed M/T,Blue,Gray,None reported,Yes,12250,27,False,201,True,Budget
Acura,ILX Premium & A-SPEC Packages,2019,"19,500 mi.",Gasoline,201.0HP 2.4L 4 Cylinder Engine Gasoline Fuel,8-Speed A/T,Gray,Black,None reported,Yes,25000,7,False,64,False,Mid-Range
Porsche,911 Carrera S,2017,"20,561 mi.",Gasoline,420.0HP 3.0L Flat 6 Cylinder Engine Gasoline Fuel,7-Speed M/T,Red,Black,None reported,Yes,105000,9,True,201,True,Premium
Lexus,LX 570 Base,2016,"33,655 mi.",Gasoline,383.0HP 5.7L 8 Cylinder Engine Gasoline Fuel,8-Speed A/T,White,Brown,None reported,Yes,62900,10,True,163,True,Premium
Toyota,Highlander Limited Platinum,2015,"135,140 mi.",Gasoline,270.0HP 3.5L V6 Cylinder Engine Gasoline Fuel,A/T,White,Beige,None reported,Yes,23500,11,False,199,False,Mid-Range
Maserati,Ghibli Base,2015,"73,000 mi.",Gasoline,345.0HP 3.0L V6 Cylinder Engine Gasoline Fuel,8-Speed A/T,Black,Brown,None reported,Yes,17999,11,False,34,False,Budget
Land,Rover Range Rover 3.0L Supercharged HSE,2017,"55,000 mi.",Gasoline,380.0HP 3.0L V6 Cylinder Engine Gasoline Fuel,A/T,White,Beige,At least 1 accident or damage reported,Yes,58000,9,True,130,True,Premium
Chevrolet,Cruze LTZ,2013,"87,000 mi.",Gasoline,138.0HP 1.4L 4 Cylinder Engine Gasoline Fuel,A/T,Blue,Black,At least 1 accident or damage reported,Yes,10000,13,False,292,False,Budget
BMW,325 xi,2006,"137,825 mi.",Gasoline,215.0HP 3.0L Straight 6 Cylinder Engine Gasoline Fuel,6-Speed A/T,Silver,Black,None reported,Yes,4000,20,False,375,True,Budget
Acura,MDX Technology,2008,"184,421 mi.",Gasoline,300.0HP 3.7L V6 Cylinder Engine Gasoline Fuel,A/T,Gray,Black,None reported,Yes,5000,18,False,64,False,Budget
Lincoln,MKC Base,2015,"95,000 mi.",Gasoline,240.0HP 2.0L 4 Cylinder Engine Gasoline Fuel,6-Speed A/T,White,Black,At least 1 accident or damage reported,Yes,14900,11,False,52,False,Budget
Kia,Sportage Nightfall,2022,"26,468 mi.",Gasoline,2.4L I4 16V GDI DOHC,6-Speed Automatic,Pacific Blue,Black,At least 1 accident or damage reported,Yes,27875,4,False,76,False,Mid-Range
Bentley,Arnage R,2003,"55,050 mi.",Gasoline,400.0HP 6.75L 8 Cylinder Engine Gasoline Fuel,4-Speed A/T,Gray,Gray,None reported,Yes,34995,23,True,33,False,Mid-Range
Kia,Sorento LX,2021,"54,200 mi.",Gasoline,191.0HP 2.5L 4 Cylinder Engine Gasoline Fuel,A/T,White,Black,None reported,Yes,23800,5,False,76,False,Mid-Range
Lexus,SC 430 Base,2002,"109,762 mi.",Gasoline,300.0HP 4.3L 8 Cylinder Engine Gasoline Fuel,5-Speed A/T,Blue,Brown,None reported,Yes,15000,24,False,163,True,Budget
Land,Rover Range Rover Evoque Base,2012,"92,080 mi.",Gasoline,240.0HP 2.0L 4 Cylinder Engine Gasoline Fuel,6-Speed A/T,Gray,Black,None reported,Yes,14500,14,False,130,True,Budget
Acura,TLX Type S w/Performance Tire,2023,"1,798 mi.",Gasoline,355.0HP 3.0L V6 Cylinder Engine Gasoline Fuel,10-Speed A/T,Black,Black,None reported,Yes,53000,3,True,64,False,Premium
GMC,Sierra 1500 SLE Crew Cab,2006,"167,500 mi.",Gasoline,295.0HP 5.3L 8 Cylinder Engine Gasoline Fuel,A/T,Silver,Black,None reported,Yes,14500,20,False,91,False,Budget
GMC,Sierra 1500 Denali Ultimate,2023,"2,500 mi.",Gasoline,420.0HP 6.2L 8 Cylinder Engine Gasoline Fuel,10-Speed A/T,White,Brown,None reported,Yes,84000,3,True,91,False,Premium
Mercedes-Benz,E-Class E 400,2016,"77,000 mi.",Gasoline,329.0HP 3.0L V6 Cylinder Engine Gasoline Fuel,7-Speed A/T,White,Beige,At least 1 accident or damage reported,Yes,24000,10,False,315,True,Mid-Range
MINI,Hardtop Cooper,2019,"19,850 mi.",Gasoline,134.0HP 1.5L 3 Cylinder Engine Gasoline Fuel,6-Speed A/T,Black,Black,None reported,Yes,24000,7,False,33,False,Mid-Range
Ford,Bronco Outer Banks Advanced,2023,"3,400 mi.",Gasoline,275.0HP 2.3L 4 Cylinder Engine Gasoline Fuel,10-Speed A/T,Gray,Gray,None reported,Yes,57000,3,True,386,False,Premium
Ford,Bronco,2021,"3,596 mi.",Gasoline,2.7L V6 24V PDI DOHC Twin Turbo,10-Speed Automatic,Blue,Black Onyx,None reported,Yes,56900,5,True,386,False,Premium
Ford,F-350 Lariat Super Duty Crew Cab,2009,"130,200 mi.",Diesel,350.0HP 6.4L 8 Cylinder Engine Diesel Fuel,5-Speed A/T,White,Beige,None reported,Yes,28900,17,False,386,False,Mid-Range
Land,Rover Discovery Sport SE,2017,"48,200 mi.",Gasoline,240.0HP 2.0L 4 Cylinder Engine Gasoline Fuel,9-Speed A/T,White,Gray,None reported,Yes,24998,9,False,130,True,Mid-Range
GMC,Yukon XL SLT,2016,"183,544 mi.",Gasoline,355.0HP 5.3L 8 Cylinder Engine Gasoline Fuel,6-Speed A/T,Black,Black,At least 1 accident or damage reported,Yes,22000,10,False,91,False,Mid-Range
Ford,Focus RS Base,2016,"14,900 mi.",Gasoline,350.0HP 2.3L 4 Cylinder Engine Gasoline Fuel,6-Speed M/T,Blue,Black,None reported,Yes,39000,10,True,386,False,Mid-Range
Ford,Bronco Badlands Advanced,2022,"4,200 mi.",Gasoline,315.0HP 2.7L V6 Cylinder Engine Gasoline Fuel,10-Speed A/T,Blue,Black,None reported,Yes,65994,4,True,386,False,Premium
Hyundai,Genesis 5,2012,"15,698 mi.",Gasoline,429.0HP 5.0L 8 Cylinder Engine Gasoline Fuel,Transmission w/Dual Shift Mode,Black,Black,None reported,Yes,19000,14,False,72,False,Budget
Jeep,Wrangler Unlimited Rubicon,2022,"1,750 mi.",Gasoline,285.0HP 3.6L V6 Cylinder Engine Gasoline Fuel,8-Speed A/T,Gray,Brown,None reported,Yes,65500,4,True,143,False,Premium
BMW,X4 xDrive30i,2022,"34,800 mi.",Gasoline,248.0HP 2.0L 4 Cylinder Engine Gasoline Fuel,A/T,Blue,Brown,None reported,Yes,46000,4,True,375,True,Premium
Jaguar,F-PACE S,2020,"35,580 mi.",Gasoline,3.0 Liter,Automatic,Eiger Grey Metallic,Ebony/Light Oyster Stitch,None reported,Yes,46998,6,True,47,True,Premium
Acura,RSX Type S,2006,"71,400 mi.",Gasoline,201.0HP 2.0L 4 Cylinder Engine Gasoline Fuel,6-Speed M/T,Black,Gray,None reported,Yes,14990,20,False,64,False,Budget
Mazda,MX-5 Miata Base,2003,"9,260 mi.",Gasoline,142.0HP 1.8L 4 Cylinder Engine Gasoline Fuel,5-Speed M/T,White,Beige,None reported,Yes,22000,23,False,64,False,Mid-Range
GMC,Yukon XL SLT,2023,"28,500 mi.",Gasoline,355.0HP 5.3L 8 Cylinder Engine Gasoline Fuel,A/T,Black,Black,None reported,Yes,67800,3,True,91,False,Premium
Mercedes-Benz,E-Class E 350 4MATIC,2008,"91,900 mi.",Gasoline,268.0HP 3.5L V6 Cylinder Engine Gasoline Fuel,5-Speed A/T,Black,Black,None reported,Yes,8900,18,False,315,True,Budget
INFINITI,G35 Base,2004,"130,000 mi.",Gasoline,260.0HP 3.5L V6 Cylinder Engine Gasoline Fuel,5-Speed A/T,Beige,Beige,None reported,Yes,7500,22,False,59,False,Budget
Cadillac,XTS Premium,2013,"56,860 mi.",Gasoline,3.6L V6 24V GDI DOHC,6-Speed Automatic,White Diamond Tri-Coat,Shale,At least 1 accident or damage reported,Yes,21995,13,False,107,False,Mid-Range
MINI,Hardtop Cooper S,2017,"44,300 mi.",Gasoline,189.0HP 2.0L 4 Cylinder Engine Gasoline Fuel,6-Speed M/T,Silver,Black,None reported,Yes,20784,9,False,33,False,Budget
BMW,X5 xDrive35i,2014,"120,000 mi.",Gasoline,300.0HP 3.0L Straight 6 Cylinder Engine Gasoline Fuel,Transmission w/Dual Shift Mode,Black,Black,None reported,Yes,20000,12,False,375,True,Budget
Mercedes-Benz,SL-Class SL 550,2013,"72,500 mi.",Gasoline,429.0HP 4.6L 8 Cylinder Engine Gasoline Fuel,7-Speed A/T,Black,Beige,None reported,Yes,31450,13,True,315,True,Mid-Range
RAM,1500 Tradesman/Express,2017,"72,000 mi.",Gasoline,395.0HP 5.7L 8 Cylinder Engine Gasoline Fuel,8-Speed A/T,Blue,Beige,At least 1 accident or damage reported,Yes,24200,9,False,91,False,Mid-Range
BMW,135 i,2011,"132,000 mi.",Gasoline,300.0HP 3.0L Straight 6 Cylinder Engine Gasoline Fuel,7-Speed A/T,Black,Beige,None reported,Yes,11000,15,False,375,True,Budget
Rolls-Royce,Phantom,2018,"7,585 mi.",Gasoline,6.8L V12 48V GDI DOHC Twin Turbo,8-Speed Automatic,–,–,None reported,Yes,599000,8,True,11,False,Premium
Hyundai,IONIQ 5 SE,2022,"18,500 mi.",Gasoline,320.0HP Electric Motor Electric Fuel System,A/T,White,Black,None reported,Yes,42000,4,True,72,False,Mid-Range
Lexus,LS 430 Base,2002,"42,000 mi.",Gasoline,290.0HP 4.3L 8 Cylinder Engine Gasoline Fuel,A/T,Silver,Gray,At least 1 accident or damage reported,Yes,15999,24,False,163,True,Budget
Jaguar,F-PACE S,2023,"4,624 mi.",Gasoline,2.0 Liter,Automatic,Santorin Black,Black,None reported,Yes,56998,3,True,47,True,Premium
BMW,M5 Base,2006,"106,000 mi.",Gasoline,500.0HP 5.0L 10 Cylinder Engine Gasoline Fuel,Transmission w/Dual Shift Mode,Black,Black,None reported,Yes,19500,20,False,375,True,Budget
Hyundai,Santa Fe SE,2022,"13,610 mi.",Gasoline,2.5L I4 16V PDI DOHC,8-Speed Automatic,Stormy Sea,Black,None reported,Yes,27450,4,False,72,False,Mid-Range
Lamborghini,Urus Base,2019,"16,876 mi.",Gasoline,4.0L V8 32V GDI DOHC Twin Turbo,8-Speed Automatic,Gray,Brown,None reported,Yes,209900,7,True,26,False,Premium
Ford,Expedition Timberline,2023,"8,911 mi.",Gasoline,3.5L V6 24V PDI DOHC Twin Turbo,10-Speed Automatic,Dark Matter Metallic,Black Onyx,At least 1 accident or damage reported,Yes,77430,3,True,386,False,Premium
Chevrolet,Silverado 1500 LT Trail Boss,2021,"48,641 mi.",Gasoline,5.3L V8 16V GDI OHV,10-Speed Automatic,Silver Ice Metallic,Jet Black,None reported,Yes,43666,5,True,292,False,Premium
GMC,Sierra 1500 SLT,2021,"11,250 mi.",Gasoline,420.0HP 6.2L 8 Cylinder Engine Gasoline Fuel,A/T,White,Black,None reported,Yes,70250,5,True,91,False,Premium
Ford,Mustang Premium,2007,"126,000 mi.",Gasoline,210.0HP 4.0L V6 Cylinder Engine Gasoline Fuel,A/T,Red,Black,None reported,Yes,9000,19,False,386,False,Budget
BMW,M5 Base,2008,"77,750 mi.",Gasoline,500.0HP 5.0L 10 Cylinder Engine Gasoline Fuel,7-Speed A/T,Silver,Silver,None reported,Yes,21000,18,False,375,True,Budget
Toyota,Tacoma SR,2020,"27,363 mi.",Gasoline,278.0HP 3.5L V6 Cylinder Engine Gasoline Fuel,6-Speed A/T,Gray,Gray,None reported,Yes,35000,6,True,199,False,Mid-Range
Porsche,Cayenne Base,2019,"30,951 mi.",Gasoline,3.0L V6 24V GDI DOHC Turbo,8-Speed Automatic,White,Black,None reported,Yes,80140,7,True,201,True,Premium
Ford,F-150 Lightning XLT,2023,208 mi.,Gasoline,563.0HP Electric Motor Electric Fuel System,A/T,Gray,Gold,None reported,Yes,89000,3,True,386,False,Premium
Dodge,Durango GT,2021,"20,386 mi.",Gasoline,3.6L V6 24V MPFI DOHC,8-Speed Automatic,Billet Clearcoat Metallic,Black,None reported,Yes,32999,5,True,90,False,Mid-Range
BMW,330e iPerformance,2018,"45,253 mi.",Plug-In Hybrid,247.0HP 2.0L 4 Cylinder Engine Plug-In Electric/Gas,Transmission w/Dual Shift Mode,Black,Black,None reported,Yes,24995,8,False,375,True,Mid-Range
GMC,Terrain Denali,2016,"144,000 mi.",Gasoline,301.0HP 3.6L V6 Cylinder Engine Gasoline Fuel,6-Speed A/T,White,Black,None reported,Yes,18400,10,False,91,False,Budget
Ford,Excursion Limited,2004,"76,163 mi.",Diesel,325.0HP 6.0L 8 Cylinder Engine Diesel Fuel,5-Speed A/T,Gold,Gold,None reported,Yes,20500,22,False,386,False,Budget
Hyundai,Genesis 3.8,2015,"61,300 mi.",Gasoline,311.0HP 3.8L V6 Cylinder Engine Gasoline Fuel,8-Speed A/T,Silver,Gray,None reported,Yes,20150,11,False,72,False,Budget
Mitsubishi,Mirage ES,2017,"35,698 mi.",Gasoline,78.0HP 1.2L 3 Cylinder Engine Gasoline Fuel,A/T,Blue,Black,None reported,Yes,8750,9,False,20,False,Budget
Mercedes-Benz,E-Class E 350 4MATIC,2010,"27,000 mi.",Gasoline,268.0HP 3.5L V6 Cylinder Engine Gasoline Fuel,7-Speed A/T,Black,Black,None reported,Yes,22500,16,False,315,True,Mid-Range
Mazda,Mazda3 i Sport,2015,"162,000 mi.",Gasoline,155.0HP 2.0L 4 Cylinder Engine Gasoline Fuel,Transmission w/Dual Shift Mode,Red,Black,None reported,Yes,11500,11,False,64,False,Budget
BMW,M3 Base,2008,"77,800 mi.",Gasoline,414.0HP 4.0L 8 Cylinder Engine Gasoline Fuel,M/T,Red,Black,None reported,Yes,28500,18,False,375,True,Mid-Range
Mercedes-Benz,E-Class E 350,2014,"55,000 mi.",Gasoline,302.0HP 3.5L V6 Cylinder Engine Gasoline Fuel,A/T,Black,Black,None reported,Yes,19250,12,False,315,True,Budget
Ford,Bronco Outer Banks Advanced,2022,"12,000 mi.",Gasoline,315.0HP 2.7L V6 Cylinder Engine Gasoline Fuel,10-Speed A/T,Gray,Brown,At least 1 accident or damage reported,Yes,65999,4,True,386,False,Premium
Tesla,Model X 75D,2017,"70,579 mi.",Gasoline,518.0HP Electric Motor Electric Fuel System,A/T,Black,White,None reported,Yes,42250,9,True,87,False,Mid-Range
Jeep,Wrangler Unlimited Sport,2010,"107,000 mi.",Gasoline,205.0HP 3.8L V6 Cylinder Engine Gasoline Fuel,A/T,White,Gray,At least 1 accident or damage reported,Yes,17500,16,False,143,False,Budget
Honda,Pilot Elite,2021,"42,653 mi.",Gasoline,3.5L V6 24V GDI SOHC,9-Speed Automatic,Gray,Black,None reported,Yes,38998,5,True,63,False,Mid-Range
Acura,TL 3.2,2008,"193,783 mi.",Gasoline,258.0HP 3.2L V6 Cylinder Engine Gasoline Fuel,A/T,Black,Black,At least 1 accident or damage reported,Yes,10000,18,False,64,False,Budget
Lexus,IS 350 Base,2014,"123,000 mi.",Gasoline,306.0HP 3.5L V6 Cylinder Engine Gasoline Fuel,6-Speed A/T,Red,Black,At least 1 accident or damage reported,Yes,18000,12,False,163,True,Budget
Chevrolet,Equinox LT,2011,"130,000 mi.",Gasoline,264.0HP 3.0L V6 Cylinder Engine Gasoline Fuel,6-Speed A/T,Brown,Black,At least 1 accident or damage reported,Yes,7000,15,False,292,False,Budget
Mitsubishi,Lancer DE,2009,"143,346 mi.",Gasoline,152.0HP 2.0L 4 Cylinder Engine Gasoline Fuel,5-Speed M/T,Black,Black,At least 1 accident or damage reported,Yes,3000,17,False,20,False,Budget
Land,Rover LR2 Base,2015,"112,465 mi.",Gasoline,240.0HP 2.0L 4 Cylinder Engine Gasoline Fuel,6-Speed A/T,White,Beige,None reported,Yes,11995,11,False,130,True,Budget
Nissan,Leaf SV PLUS,2023,"5,121 mi.",Gasoline,Electric,1-Speed Automatic,Brilliant Silver Metallic,Black,None reported,Yes,28196,3,False,116,False,Mid-Range
Audi,A5 2.0T Premium,2012,"137,273 mi.",Gasoline,211.0HP 2.0L 4 Cylinder Engine Gasoline Fuel,A/T,White,Beige,None reported,Yes,11000,14,False,200,True,Budget
Rivian,R1S Launch Edition,2023,299 mi.,Gasoline,835.0HP Electric Motor Electric Fuel System,1-Speed A/T,Blue,Gray,None reported,Yes,92500,3,True,17,False,Premium
Lexus,RX 450h Base,2018,"70,780 mi.",Hybrid,308.0HP 3.5L V6 Cylinder Engine Gas/Electric Hybrid,CVT Transmission,Silver,Gray,None reported,Yes,35700,8,True,163,True,Mid-Range
Chevrolet,Tahoe LT,2018,"55,000 mi.",Gasoline,355.0HP 5.3L 8 Cylinder Engine Gasoline Fuel,6-Speed A/T,Black,Black,None reported,Yes,37900,8,True,292,False,Mid-Range
Mercedes-Benz,G-Class G 550 4MATIC,2017,"23,151 mi.",Gasoline,416.0HP 4.0L 8 Cylinder Engine Gasoline Fuel,7-Speed A/T,Gray,Black,None reported,Yes,84500,9,True,315,True,Premium
Cadillac,XTS Luxury,2013,"152,000 mi.",Gasoline,304.0HP 3.6L V6 Cylinder Engine Gasoline Fuel,A/T,Black,Gray,At least 1 accident or damage reported,Yes,8500,13,False,107,False,Budget
INFINITI,Q50 3.0t Red Sport 400,2020,"23,344 mi.",Gasoline,3.0L V6 24V GDI DOHC Twin Turbo,7-Speed Automatic,Liquid Platinum,White,None reported,Yes,36999,6,True,59,False,Mid-Range
Subaru,Outback 3.6R Limited,2016,"87,092 mi.",Gasoline,256.0HP 3.6L Flat 6 Cylinder Engine Gasoline Fuel,A/T,Blue,Black,At least 1 accident or damage reported,Yes,19500,10,False,64,False,Budget
Toyota,Avalon XLS,2004,"90,625 mi.",Gasoline,210.0HP 3.0L V6 Cylinder Engine Gasoline Fuel,A/T,Gray,Gray,None reported,Yes,5500,22,False,199,False,Budget
Chevrolet,Traverse RS,2021,"44,373 mi.",Gasoline,310.0HP 3.6L V6 Cylinder Engine Gasoline Fuel,9-Speed A/T,Silver,Black,None reported,Yes,36000,5,True,292,False,Mid-Range
BMW,330 i,2021,"26,000 mi.",Gasoline,255.0HP 2.0L 4 Cylinder Engine Gasoline Fuel,Transmission w/Dual Shift Mode,Black,Black,None reported,Yes,37000,5,True,375,True,Mid-Range
Karma,Revero Base,2018,"20,760 mi.",Gasoline,403.0HP 2.0L Electric Motor Electric Fuel System,A/T,White,Black,None reported,Yes,55500,8,True,2,False,Premium
Lexus,GX 460 Base,2021,"39,102 mi.",Gasoline,4.6 Liter,Automatic,Silver,Rioja Red,None reported,Yes,51798,5,True,163,True,Premium
Alfa,Romeo Stelvio Ti Sport,2019,"39,615 mi.",Gasoline,"2L I-4 gasoline direct injection, MultiAir2 variable valve contr","Automatic, 8-Spd",Vulcano Black Metallic,Red/Black,None reported,Yes,28900,7,False,19,False,Mid-Range
GMC,Sierra 2500 Base,2019,"58,000 mi.",E85 Flex Fuel,360.0HP 6.0L 8 Cylinder Engine Flex Fuel Capability,A/T,Silver,Beige,None reported,Yes,36500,7,True,91,False,Mid-Range
Lexus,IS 250 Base,2013,"148,000 mi.",Gasoline,204.0HP 2.5L V6 Cylinder Engine Gasoline Fuel,6-Speed A/T,Gray,Black,At least 1 accident or damage reported,Yes,10000,13,False,163,True,Budget
Porsche,Panamera 2,2011,"104,000 mi.",Gasoline,300.0HP 3.6L V6 Cylinder Engine Gasoline Fuel,7-Speed A/T,White,Black,None reported,Yes,20900,15,False,201,True,Budget
BMW,535 i xDrive,2013,"46,150 mi.",Gasoline,306.0HP 3.0L Straight 6 Cylinder Engine Gasoline Fuel,Transmission w/Dual Shift Mode,Silver,Black,At least 1 accident or damage reported,Yes,17000,13,False,375,True,Budget
Chevrolet,Silverado 2500 High Country,2022,"18,860 mi.",Diesel,445.0HP 6.6L 8 Cylinder Engine Diesel Fuel,10-Speed A/T,Blue,Gray,None reported,Yes,74500,4,True,292,False,Premium
Mercedes-Benz,AMG C 63 Base,2017,"28,399 mi.",Gasoline,469.0HP 4.0L 8 Cylinder Engine Gasoline Fuel,7-Speed A/T,Gray,Black,None reported,Yes,55600,9,True,315,True,Premium
Jeep,Wrangler Sahara,1998,"136,500 mi.",Gasoline,181.0HP 4.0L Straight 6 Cylinder Engine Gasoline Fuel,5-Speed M/T,Black,Black,None reported,Yes,6999,28,False,143,False,Budget
Porsche,Boxster S,2005,"95,170 mi.",Gasoline,280.0HP 3.2L Flat 6 Cylinder Engine Gasoline Fuel,6-Speed M/T,Blue,Gray,None reported,Yes,24900,21,False,201,True,Mid-Range
BMW,M3 Base,2006,"95,450 mi.",Gasoline,333.0HP 3.2L Straight 6 Cylinder Engine Gasoline Fuel,6-Speed M/T,Gray,Gray,At least 1 accident or damage reported,Yes,42000,20,True,375,True,Mid-Range
Chevrolet,Camaro LT1,2022,"7,652 mi.",Gasoline,6.2 Liter,Automatic,Blue,Jet Black,None reported,Yes,39998,4,True,292,False,Mid-Range
BMW,535 i xDrive,2011,"169,000 mi.",Gasoline,300.0HP 3.0L Straight 6 Cylinder Engine Gasoline Fuel,Transmission w/Dual Shift Mode,Black,White,At least 1 accident or damage reported,Yes,10999,15,False,375,True,Budget
RAM,1500 Laramie,2022,"16,744 mi.",Gasoline,5.7L V8 16V MPFI OHV,8-Speed Automatic,Delmonico Red Pearlcoat,Black,None reported,Yes,46999,4,True,91,False,Premium
Mercedes-Benz,Metris Base,2020,"1,025 mi.",Gasoline,2.0L I4 16V GDI DOHC Turbo,7-Speed Automatic,Black,Beige,None reported,Yes,299000,6,True,315,True,Premium
Chevrolet,Express 1500 Cargo,2004,"152,000 mi.",Gasoline,195.0HP 4.3L V6 Cylinder Engine Gasoline Fuel,A/T,White,Gray,At least 1 accident or damage reported,Yes,7999,22,False,292,False,Budget
BMW,X7 xDrive40i,2020,"46,000 mi.",Gasoline,335.0HP 3.0L Straight 6 Cylinder Engine Gasoline Fuel,Transmission w/Dual Shift Mode,Black,Black,None reported,Yes,54999,6,True,375,True,Premium
BMW,X7 xDrive40i,2022,"8,000 mi.",Hybrid,335.0HP 3.0L Straight 6 Cylinder Engine Gasoline/Mild Electric Hybrid,A/T,Blue,Brown,None reported,Yes,85000,4,True,375,True,Premium
Ferrari,F12berlinetta Base,2016,"14,770 mi.",Gasoline,6.3L V12 48V GDI DOHC,7-Speed Automatic with Auto-Shift,Gray,–,None reported,Yes,254900,10,True,12,False,Premium
Chevrolet,Silverado 2500 LT,2016,"84,421 mi.",E85 Flex Fuel,360.0HP 6.0L 8 Cylinder Engine Flex Fuel Capability,6-Speed A/T,White,Black,None reported,Yes,36800,10,True,292,False,Mid-Range
Mercedes-Benz,Maybach S 580 4MATIC,2022,"4,760 mi.",Gasoline,4.0L V8 32V GDI DOHC Twin Turbo,9-Speed Automatic,Diamond White,Black,None reported,Yes,229000,4,True,315,True,Premium
GMC,Sierra 1500 Denali,2021,"44,691 mi.",Gasoline,6.2L V8 16V GDI OHV,10-Speed Automatic,White Frost Tri-Coat,Walnut,At least 1 accident or damage reported,Yes,56900,5,True,91,False,Premium
Mitsubishi,Outlander SEL,2022,"11,700 mi.",Gasoline,181.0HP 2.5L 4 Cylinder Engine Gasoline Fuel,A/T,White,Black,None reported,Yes,33000,4,True,20,False,Mid-Range
Ford,Shelby GT350 Base,2019,"2,800 mi.",Gasoline,526.0HP 5.2L 8 Cylinder Engine Gasoline Fuel,6-Speed M/T,Black,Black,None reported,Yes,91000,7,True,386,False,Premium
MINI,Cooper Base,2010,"58,000 mi.",Gasoline,118.0HP 1.6L 4 Cylinder Engine Gasoline Fuel,6-Speed A/T,Gold,Black,None reported,Yes,8000,16,False,33,False,Budget
Toyota,Prius Touring,2009,"142,500 mi.",Hybrid,76.0HP 1.5L 4 Cylinder Engine Gas/Electric Hybrid,A/T,Blue,Beige,None reported,Yes,6999,17,False,199,False,Budget
Cadillac,Escalade ESV Base,2007,"191,900 mi.",Gasoline,403.0HP 6.2L 8 Cylinder Engine Gasoline Fuel,A/T,Black,Black,At least 1 accident or damage reported,Yes,9750,19,False,107,False,Budget
Audi,A6 2.0T Premium Plus,2016,"63,398 mi.",Gasoline,252.0HP 2.0L 4 Cylinder Engine Gasoline Fuel,A/T,White,Gray,At least 1 accident or damage reported,Yes,19500,10,False,200,True,Budget
Chevrolet,Suburban 1500 LT,2008,"162,750 mi.",Gasoline,320.0HP 5.3L 8 Cylinder Engine Gasoline Fuel,Transmission Overdrive Switch,White,Black,At least 1 accident or damage reported,Yes,7200,18,False,292,False,Budget
Jaguar,XK R,2012,"38,383 mi.",Gasoline,510.0HP 5.0L 8 Cylinder Engine Gasoline Fuel,6-Speed A/T,White,Black,None reported,Yes,36949,14,True,47,True,Mid-Range
Porsche,911 Carrera GTS,2022,"1,837 mi.",Gasoline,3.0L H6 24V GDI DOHC Twin Turbo,8-Speed Automatic with Auto-Shift,Aventurine Green Metallic,Agave Green,None reported,Yes,179900,4,True,201,True,Premium
Ford,F-250 XLT,2022,"36,294 mi.",Diesel,6.7L V8 32V DDI OHV Turbo Diesel,Automatic,Oxford White,Medium Earth Gray,None reported,Yes,77535,4,True,386,False,Premium
Audi,A4 2.0T Premium,2011,"90,818 mi.",Gasoline,211.0HP 2.0L 4 Cylinder Engine Gasoline Fuel,A/T,White,Black,At least 1 accident or damage reported,Yes,8300,15,False,200,True,Budget
Cadillac,ATS 2.0L Turbo,2018,"32,000 mi.",Gasoline,272.0HP 2.0L 4 Cylinder Engine Gasoline Fuel,A/T,Gray,Black,None reported,Yes,22999,8,False,107,False,Mid-Range
Ford,Transit-350 Base,2019,"94,650 mi.",Gasoline,275.0HP 3.7L V6 Cylinder Engine Gasoline Fuel,6-Speed A/T,White,–,None reported,Yes,37000,7,True,386,False,Mid-Range
Mercedes-Benz,G-Class G 63 AMG,2014,"49,899 mi.",Gasoline,536.0HP 5.5L 8 Cylinder Engine Gasoline Fuel,A/T,White,Black,None reported,Yes,72999,12,True,315,True,Premium
Jeep,Wrangler Sahara,2011,"55,000 mi.",Gasoline,202.0HP 3.8L V6 Cylinder Engine Gasoline Fuel,4-Speed A/T,Red,Black,At least 1 accident or damage reported,Yes,35000,15,True,143,False,Mid-Range
BMW,M4 Base,2015,"23,700 mi.",Gasoline,425.0HP 3.0L Straight 6 Cylinder Engine Gasoline Fuel,Transmission w/Dual Shift Mode,Black,Black,None reported,Yes,42800,11,True,375,True,Premium
Tesla,Model S P100D,2018,"46,000 mi.",Gasoline,518.0HP Electric Motor Electric Fuel System,A/T,White,Black,None reported,Yes,59500,8,True,87,False,Premium
Maserati,Ghibli S GranLusso,2020,"12,118 mi.",Gasoline,424.0HP 3.0L V6 Cylinder Engine Gasoline Fuel,8-Speed A/T,Blue,Brown,None reported,Yes,52900,6,True,34,False,Premium
Pontiac,Firebird Trans Am,2001,"64,000 mi.",Gasoline,310.0HP 5.7L 8 Cylinder Engine Gasoline Fuel,6-Speed M/T,Blue,Beige,None reported,Yes,21000,25,False,15,False,Budget
Ford,Expedition XLT,2022,"22,169 mi.",Gasoline,3.5L V6 24V PDI DOHC Twin Turbo,10-Speed Automatic,Black,Sandstone,None reported,Yes,57352,4,True,386,False,Premium
Ferrari,812 Superfast Base,2020,"1,575 mi.",Gasoline,788.0HP 6.5L 12 Cylinder Engine Gasoline Fuel,Transmission w/Dual Shift Mode,Red,Black,None reported,Yes,469900,6,True,12,False,Premium
Tesla,Model X Long Range Plus,2021,"46,897 mi.",Gasoline,557.0HP Electric Motor Electric Fuel System,A/T,Blue,Black,None reported,Yes,69000,5,True,87,False,Premium
Land,Rover Range Rover P400 SE SWB,2022,"3,369 mi.",Hybrid,395.0HP 3.0L Straight 6 Cylinder Engine Gasoline/Mild Electric Hybrid,A/T,White,Black,None reported,Yes,139500,4,True,130,True,Premium
BMW,535 i xDrive,2011,"135,000 mi.",Gasoline,300.0HP 3.0L Straight 6 Cylinder Engine Gasoline Fuel,8-Speed A/T,Blue,Beige,None reported,Yes,9999,15,False,375,True,Budget
BMW,428 i xDrive,2015,"125,000 mi.",Gasoline,240.0HP 2.0L 4 Cylinder Engine Gasoline Fuel,A/T,White,Black,None reported,Yes,15000,11,False,375,True,Budget
Cadillac,Escalade ESV Platinum,2017,"134,000 mi.",Gasoline,420.0HP 6.2L 8 Cylinder Engine Gasoline Fuel,8-Speed A/T,Gold,Brown,None reported,Yes,32999,9,True,107,False,Mid-Range
BMW,X5 xDrive35i,2014,"143,250 mi.",Gasoline,300.0HP 3.0L Straight 6 Cylinder Engine Gasoline Fuel,8-Speed A/T,Black,White,None reported,Yes,12999,12,False,375,True,Budget
Lexus,GX 460 Premium,2017,"82,975 mi.",Gasoline,301.0HP 4.6L 8 Cylinder Engine Gasoline Fuel,A/T,White,Beige,None reported,Yes,31000,9,False,163,True,Mid-Range
MINI,Countryman Cooper S ALL4,2016,"91,700 mi.",Gasoline,181.0HP 1.6L 4 Cylinder Engine Gasoline Fuel,6-Speed M/T,White,Black,None reported,Yes,13999,10,False,33,False,Budget
Ford,F-150 XLT,2018,"72,393 mi.",Gasoline,325.0HP 2.7L V6 Cylinder Engine Gasoline Fuel,10-Speed A/T,Black,Black,None reported,Yes,35000,8,True,386,False,Mid-Range
INFINITI,QX60 Base,2016,"71,000 mi.",Gasoline,265.0HP 3.5L V6 Cylinder Engine Gasoline Fuel,A/T,Black,Black,None reported,Yes,21500,10,False,59,False,Budget
Lexus,RX 350 Base,2012,"160,900 mi.",Gasoline,270.0HP 3.5L V6 Cylinder Engine Gasoline Fuel,6-Speed A/T,Silver,Gray,None reported,Yes,15000,14,False,163,True,Budget
Dodge,Charger Scat Pack,2020,"40,208 mi.",Gasoline,485.0HP 6.4L 8 Cylinder Engine Gasoline Fuel,8-Speed A/T,Red,Black,At least 1 accident or damage reported,Yes,38000,6,True,90,False,Mid-Range
Lexus,IS 350 Base,2017,"77,300 mi.",Gasoline,306.0HP 3.5L V6 Cylinder Engine Gasoline Fuel,6-Speed A/T,White,Black,None reported,Yes,30000,9,False,163,True,Mid-Range
Nissan,NV200 SV,2017,"16,700 mi.",Gasoline,131.0HP 2.0L 4 Cylinder Engine Gasoline Fuel,A/T,White,Black,None reported,Yes,26500,9,False,116,False,Mid-Range
Subaru,Impreza 2.0i Premium,2013,"112,000 mi.",Gasoline,148.0HP 2.0L 4 Cylinder Engine Gasoline Fuel,CVT Transmission,Black,Beige,None reported,Yes,9999,13,False,64,False,Budget
BMW,M3 Base,2016,"55,250 mi.",Gasoline,425.0HP 3.0L Straight 6 Cylinder Engine Gasoline Fuel,6-Speed M/T,Blue,White,None reported,Yes,49999,10,True,375,True,Premium
INFINITI,QX80 Luxe,2020,"69,000 mi.",Gasoline,400.0HP 5.6L 8 Cylinder Engine Gasoline Fuel,A/T,Gray,Black,None reported,Yes,31450,6,True,59,False,Mid-Range
Rolls-Royce,Phantom,2023,"1,560 mi.",–,–,–,Tempest,Cobalt Blue,None reported,Yes,599995,3,True,11,False,Premium
Ford,Mustang GT Premium,2016,"40,570 mi.",Gasoline,435.0HP 5.0L 8 Cylinder Engine Gasoline Fuel,6-Speed M/T,Gray,Black,At least 1 accident or damage reported,Yes,30490,10,False,386,False,Mid-Range
Toyota,RAV4 TRD Off Road,2020,"46,500 mi.",Gasoline,203.0HP 2.5L 4 Cylinder Engine Gasoline Fuel,8-Speed A/T,White,Black,None reported,Yes,35200,6,True,199,False,Mid-Range
Honda,S2000 Base,2000,"26,900 mi.",Gasoline,240.0HP 2.0L 4 Cylinder Engine Gasoline Fuel,M/T,Silver,Red,None reported,Yes,35000,26,True,63,False,Mid-Range
Jeep,Gladiator Sport,2021,"5,779 mi.",Gasoline,3.6L V6 24V MPFI DOHC,8-Speed Automatic,Firecracker Red Clearcoat,Black,None reported,Yes,41329,5,True,143,False,Mid-Range
Ford,Bronco Big Bend Advanced,2023,"12,000 mi.",Gasoline,275.0HP 2.3L 4 Cylinder Engine Gasoline Fuel,10-Speed A/T,Black,–,None reported,Yes,54000,3,True,386,False,Premium
Ford,Expedition Timberline,2022,"30,301 mi.",Gasoline,3.5L V6 24V PDI DOHC Twin Turbo,10-Speed Automatic,Dark Matter Metallic,Deep Cypress,None reported,Yes,68420,4,True,386,False,Premium
Toyota,Sequoia TRD Pro,2023,600 mi.,Hybrid,437.0HP 3.4L V6 Cylinder Engine Gas/Electric Hybrid,10-Speed A/T,Orange,Black,None reported,Yes,91995,3,True,199,False,Premium
Plymouth,Prowler Base,2001,"22,300 mi.",Gasoline,253.0HP 3.5L V6 Cylinder Engine Gasoline Fuel,4-Speed A/T,Blue,Gray,None reported,Yes,28500,25,False,1,False,Mid-Range
Alfa,Romeo Giulia Ti,2023,"9,275 mi.",Gasoline,2.0L I4 16V GDI SOHC Turbo,8-Speed Automatic,Alfa White,Black,None reported,Yes,43900,3,True,19,False,Premium
Chevrolet,Suburban 1500 LS,2004,"171,750 mi.",E85 Flex Fuel,295.0HP 5.3L 8 Cylinder Engine Flex Fuel Capability,4-Speed A/T,White,Beige,At least 1 accident or damage reported,Yes,12998,22,False,292,False,Budget
Mitsubishi,Lancer Evolution GSR,2013,"76,500 mi.",Gasoline,291.0HP 2.0L 4 Cylinder Engine Gasoline Fuel,5-Speed M/T,Black,Black,None reported,Yes,28000,13,False,20,False,Mid-Range
Mercedes-Benz,AMG GLE 43 Coupe 4MATIC,2018,"49,000 mi.",Gasoline,385.0HP 3.0L V6 Cylinder Engine Gasoline Fuel,9-Speed A/T,Blue,Brown,At least 1 accident or damage reported,Yes,42995,8,True,315,True,Premium
Audi,R8 5.2 quattro Spyder,2011,"75,000 mi.",Gasoline,525.0HP 5.2L 10 Cylinder Engine Gasoline Fuel,Transmission w/Dual Shift Mode,White,Brown,At least 1 accident or damage reported,Yes,74000,15,True,200,True,Premium
Ford,Escape XLT,2007,"133,300 mi.",Gasoline,153.0HP 2.3L 4 Cylinder Engine Gasoline Fuel,4-Speed A/T,Silver,Silver,None reported,Yes,3000,19,False,386,False,Budget
BMW,X5 3.0si,2007,"99,700 mi.",Gasoline,260.0HP 3.0L Straight 6 Cylinder Engine Gasoline Fuel,6-Speed A/T,Black,Black,None reported,Yes,8500,19,False,375,True,Budget
Chevrolet,Camaro 2LT,2011,"126,700 mi.",Gasoline,312.0HP 3.6L V6 Cylinder Engine Gasoline Fuel,Transmission w/Dual Shift Mode,White,Beige,At least 1 accident or damage reported,Yes,14000,15,False,292,False,Budget
BMW,340 i,2016,"28,000 mi.",Gasoline,320.0HP 3.0L Straight 6 Cylinder Engine Gasoline Fuel,6-Speed M/T,Black,Red,None reported,Yes,36995,10,True,375,True,Mid-Range
Mercedes-Benz,SL-Class SL 550,2012,"21,300 mi.",Gasoline,382.0HP 5.5L 8 Cylinder Engine Gasoline Fuel,7-Speed A/T,Silver,Red,At least 1 accident or damage reported,Yes,38500,14,True,315,True,Mid-Range
Cadillac,Escalade Platinum,2019,"92,000 mi.",Gasoline,420.0HP 6.2L 8 Cylinder Engine Gasoline Fuel,A/T,Black,Black,None reported,Yes,51900,7,True,107,False,Premium
Chevrolet,Silverado 3500 LTZ,2018,"92,149 mi.",Diesel,6.6L V8 32V DDI OHV Turbo Diesel,6-Speed Automatic,Black,Jet Black,None reported,Yes,52889,8,True,292,False,Premium
Lexus,RC F Base,2015,"25,756 mi.",Gasoline,467.0HP 5.0L 8 Cylinder Engine Gasoline Fuel,8-Speed A/T,Black,Black,None reported,Yes,49995,11,True,163,True,Premium
Kia,Forte GT-Line,2021,"24,534 mi.",Gasoline,147.0HP 2.0L 4 Cylinder Engine Gasoline Fuel,CVT Transmission,White,Black,None reported,Yes,21900,5,False,76,False,Mid-Range
Land,Rover Range Rover Sport Supercharged Dynamic,2018,"58,100 mi.",Gasoline,518.0HP 5.0L 8 Cylinder Engine Gasoline Fuel,8-Speed A/T,Red,Black,None reported,Yes,53499,8,True,130,True,Premium
Nissan,Titan S,2017,"20,220 mi.",Gasoline,390.0HP 5.6L 8 Cylinder Engine Gasoline Fuel,7-Speed A/T,White,Gray,None reported,Yes,32324,9,True,116,False,Mid-Range
Honda,Accord EX-L 2.0T,2019,"40,069 mi.",Gasoline,252.0HP 2.0L 4 Cylinder Engine Gasoline Fuel,A/T,White,Black,At least 1 accident or damage reported,Yes,27500,7,False,63,False,Mid-Range
Subaru,WRX Base,2017,"60,930 mi.",Gasoline,268.0HP 2.0L 4 Cylinder Engine Gasoline Fuel,6-Speed M/T,Blue,Black,None reported,Yes,23750,9,False,64,False,Mid-Range
Audi,A4 2.0T Titanium Premium,2019,"7,300 mi.",Gasoline,188.0HP 2.0L 4 Cylinder Engine Gasoline Fuel,7-Speed A/T,White,Gray,None reported,Yes,27900,7,False,200,True,Mid-Range
Ford,Mustang EcoBoost Premium,2018,"34,000 mi.",–,–,A/T,Blue,Gray,At least 1 accident or damage reported,Yes,25000,8,False,386,False,Mid-Range
Chevrolet,Avalanche 1500 LS,2012,"56,000 mi.",E85 Flex Fuel,320.0HP 5.3L 8 Cylinder Engine Flex Fuel Capability,A/T,Red,Black,At least 1 accident or damage reported,Yes,18000,14,False,292,False,Budget
Mercedes-Benz,CLA-Class CLA 250,2014,"136,000 mi.",Gasoline,208.0HP 2.0L 4 Cylinder Engine Gasoline Fuel,Transmission w/Dual Shift Mode,Gray,Black,At least 1 accident or damage reported,Yes,12000,12,False,315,True,Budget
BMW,228 Gran Coupe i xDrive,2020,"31,100 mi.",Gasoline,228.0HP 2.0L 4 Cylinder Engine Gasoline Fuel,8-Speed A/T,Blue,White,None reported,Yes,26999,6,False,375,True,Mid-Range
Maserati,GranTurismo Base,2012,"12,100 mi.",Gasoline,440.0HP 4.7L 8 Cylinder Engine Gasoline Fuel,Transmission w/Dual Shift Mode,Blue,Beige,None reported,Yes,37900,14,True,34,False,Mid-Range
Ford,Expedition Platinum,2021,"51,902 mi.",Gasoline,3.5L V6 24V PDI DOHC Twin Turbo,10-Speed Automatic,Red,Ceramic,None reported,Yes,57480,5,True,386,False,Premium
Audi,S4 Base,2007,"93,000 mi.",Gasoline,340.0HP 4.2L 8 Cylinder Engine Gasoline Fuel,6-Speed M/T,Black,Black,At least 1 accident or damage reported,Yes,10995,19,False,200,True,Budget
Land,Rover Range Rover Sport Supercharged HSE,2016,"99,915 mi.",Gasoline,340.0HP 3.0L V6 Cylinder Engine Gasoline Fuel,A/T,Blue,White,At least 1 accident or damage reported,Yes,26500,10,False,130,True,Mid-Range
Ford,Mustang Mach-E GT,2022,"7,661 mi.",Gasoline,Electric,1-Speed Automatic,Star White,Black Onyx,None reported,Yes,49599,4,True,386,False,Premium
Chevrolet,Tahoe LTZ,2007,"177,000 mi.",E85 Flex Fuel,320.0HP 5.3L 8 Cylinder Engine Flex Fuel Capability,4-Speed A/T,Gold,Beige,At least 1 accident or damage reported,Yes,10750,19,False,292,False,Budget
Nissan,Xterra S,2008,"100,900 mi.",Gasoline,261.0HP 4.0L V6 Cylinder Engine Gasoline Fuel,A/T,Black,Gray,None reported,Yes,6999,18,False,116,False,Budget
INFINITI,Q60 3.0T Premium,2017,"107,380 mi.",Gasoline,300.0HP 3.0L V6 Cylinder Engine Gasoline Fuel,7-Speed A/T,Black,Gray,At least 1 accident or damage reported,Yes,17500,9,False,59,False,Budget
Ford,F-150 Raptor,2021,"32,957 mi.",Gasoline,3.5L V6 24V PDI DOHC Twin Turbo,10-Speed Automatic,Oxford White,Black,None reported,Yes,77900,5,True,386,False,Premium
Acura,TLX Base,2016,"45,000 mi.",Gasoline,206.0HP 2.4L 4 Cylinder Engine Gasoline Fuel,A/T,Gray,Blue,None reported,Yes,16500,10,False,64,False,Budget
Nissan,Frontier SV,2013,"67,000 mi.",Gasoline,261.0HP 4.0L V6 Cylinder Engine Gasoline Fuel,5-Speed A/T,Blue,Gray,None reported,Yes,15500,13,False,116,False,Budget
Chevrolet,Camaro 1SS,2021,"12,600 mi.",Gasoline,455.0HP 6.2L 8 Cylinder Engine Gasoline Fuel,6-Speed M/T,Gray,Black,None reported,Yes,47000,5,True,292,False,Premium
Porsche,Panamera 4,2018,"24,882 mi.",Gasoline,330.0HP 3.0L V6 Cylinder Engine Gasoline Fuel,Transmission w/Dual Shift Mode,White,Black,None reported,Yes,59800,8,True,201,True,Premium
Acura,TLX PMC Edition,2020,"6,900 mi.",Gasoline,290.0HP 3.5L V6 Cylinder Engine Gasoline Fuel,9-Speed A/T,Red,Black,None reported,Yes,43500,6,True,64,False,Premium
Kia,Sorento EX V6,2019,"66,075 mi.",Gasoline,3.3L V6 24V GDI DOHC,8-Speed Automatic,Titanium Silver,Satin Black,None reported,Yes,23754,7,False,76,False,Mid-Range
Hyundai,Palisade SEL,2021,"68,050 mi.",Gasoline,291.0HP 3.8L V6 Cylinder Engine Gasoline Fuel,8-Speed A/T,Black,Black,None reported,Yes,29600,5,False,72,False,Mid-Range
Ford,F-250 Lariat,2017,"128,000 mi.",Diesel,440.0HP 6.7L 8 Cylinder Engine Diesel Fuel,6-Speed A/T,Gray,Black,None reported,Yes,50000,9,True,386,False,Premium
BMW,430 i,2021,"9,472 mi.",Gasoline,255.0HP 2.0L 4 Cylinder Engine Gasoline Fuel,A/T,White,Blue,None reported,Yes,51000,5,True,375,True,Premium
Mitsubishi,Lancer GTS,2009,"185,963 mi.",Gasoline,168.0HP 2.4L 4 Cylinder Engine Gasoline Fuel,CVT Transmission,Orange,Gray,At least 1 accident or damage reported,Yes,5100,17,False,20,False,Budget
Nissan,NV200 S,2019,"52,000 mi.",Gasoline,131.0HP 2.0L 4 Cylinder Engine Gasoline Fuel,CVT Transmission,Black,Gray,At least 1 accident or damage reported,Yes,19500,7,False,116,False,Budget
Buick,Enclave Leather,2015,"68,653 mi.",Gasoline,288.0HP 3.6L V6 Cylinder Engine Gasoline Fuel,6-Speed A/T,Blue,Black,At least 1 accident or damage reported,Yes,18950,11,False,30,False,Budget
Lexus,RX 330 Base,2004,"151,896 mi.",Gasoline,230.0HP 3.3L V6 Cylinder Engine Gasoline Fuel,A/T,Silver,Gray,None reported,Yes,7900,22,False,163,True,Budget
Lexus,RX 450h F Sport,2019,"43,671 mi.",Hybrid,3.5L V6 24V PDI DOHC Hybrid,Automatic CVT,Caviar,Rioja Red,None reported,Yes,44950,7,True,163,True,Premium
Ford,F-250 Lariat,2017,"72,128 mi.",E85 Flex Fuel,6.2L V8 16V MPFI SOHC Flexible Fuel,6-Speed Automatic,White,Camel,None reported,Yes,45985,9,True,386,False,Premium
Kia,Forte Koup EX,2013,"134,207 mi.",Gasoline,156.0HP 2.0L 4 Cylinder Engine Gasoline Fuel,A/T,Black,–,At least 1 accident or damage reported,Yes,5500,13,False,76,False,Budget
GMC,Terrain SLE,2020,"26,470 mi.",Gasoline,1.5L I4 16V GDI DOHC Turbo,9-Speed Automatic,Summit White,Jet Black,None reported,Yes,29900,6,False,91,False,Mid-Range
Porsche,Macan Base,2018,"82,300 mi.",Gasoline,252.0HP 2.0L 4 Cylinder Engine Gasoline Fuel,7-Speed A/T,Black,Black,None reported,Yes,35000,8,True,201,True,Mid-Range
Lexus,RC 350 Base,2015,"124,000 mi.",Gasoline,306.0HP 3.5L V6 Cylinder Engine Gasoline Fuel,Transmission w/Dual Shift Mode,Blue,Blue,None reported,Yes,24000,11,False,163,True,Mid-Range
Audi,S4 3.0T Premium Plus,2020,"23,823 mi.",Gasoline,3.0L V6 24V GDI DOHC Turbo,8-Speed Automatic,Tango Red Metallic,Black,None reported,Yes,49995,6,True,200,True,Premium
GMC,Yukon SLT,2002,"222,600 mi.",Gasoline,275.0HP 4.8L 8 Cylinder Engine Gasoline Fuel,4-Speed A/T,Gray,Beige,None reported,Yes,4999,24,False,91,False,Budget
Lamborghini,Urus Base,2021,"9,500 mi.",Gasoline,641.0HP 4.0L 8 Cylinder Engine Gasoline Fuel,A/T,White,Black,None reported,Yes,279900,5,True,26,False,Premium
INFINITI,QX60 Base,2014,"154,247 mi.",Gasoline,265.0HP 3.5L V6 Cylinder Engine Gasoline Fuel,A/T,Black,Black,At least 1 accident or damage reported,Yes,12500,12,False,59,False,Budget
Chevrolet,Silverado 2500 LTZ H/D Extended Cab,2008,"128,000 mi.",Gasoline,353.0HP 6.0L 8 Cylinder Engine Gasoline Fuel,6-Speed A/T,Beige,Black,None reported,Yes,23500,18,False,292,False,Mid-Range
Maserati,GranTurismo Base,2008,"70,000 mi.",Gasoline,405.0HP 4.2L 8 Cylinder Engine Gasoline Fuel,A/T,Blue,Brown,At least 1 accident or damage reported,Yes,13000,18,False,34,False,Budget
Acura,Integra GS-R,1995,"123,000 mi.",–,–,5-Speed M/T,White,Blue,None reported,Yes,10999,31,False,64,False,Budget
BMW,X6 M Base,2016,"52,375 mi.",Gasoline,567.0HP 4.4L 8 Cylinder Engine Gasoline Fuel,8-Speed A/T,White,Brown,At least 1 accident or damage reported,Yes,48600,10,True,375,True,Premium
Chrysler,300 S,2016,"100,574 mi.",Gasoline,300.0HP 3.6L V6 Cylinder Engine Gasoline Fuel,8-Speed A/T,Black,Black,At least 1 accident or damage reported,Yes,17500,10,False,28,False,Budget
Chrysler,300 Base,2014,"85,000 mi.",Gasoline,292.0HP 3.6L V6 Cylinder Engine Gasoline Fuel,8-Speed A/T,White,–,At least 1 accident or damage reported,Yes,11250,12,False,28,False,Budget
Acura,RDX w/A-Spec Package,2023,"3,959 mi.",Gasoline,2.0 Liter DOHC Turbo,Automatic,White,Black,None reported,Yes,48998,3,True,64,False,Premium
Chevrolet,Corvette Stingray w/1LT,2021,"10,400 mi.",Gasoline,490.0HP 6.2L 8 Cylinder Engine Gasoline Fuel,8-Speed A/T,Silver,Black,None reported,Yes,72900,5,True,292,False,Premium
Chevrolet,Camaro 1SS,2019,"19,200 mi.",Gasoline,455.0HP 6.2L 8 Cylinder Engine Gasoline Fuel,6-Speed M/T,Orange,Black,None reported,Yes,41500,7,True,292,False,Mid-Range
Mercedes-Benz,E-Class E 350 4MATIC,2013,"81,000 mi.",Gasoline,302.0HP 3.5L V6 Cylinder Engine Gasoline Fuel,A/T,Gray,Beige,At least 1 accident or damage reported,Yes,13000,13,False,315,True,Budget
Ford,F-150 Raptor,2022,"17,451 mi.",Gasoline,3.5L V6 24V PDI DOHC Twin Turbo,10-Speed Automatic,Oxford White,Rhapsody Blue,None reported,Yes,77900,4,True,386,False,Premium
Nissan,Versa 1.8 S,2011,"165,000 mi.",Gasoline,122.0HP 1.8L 4 Cylinder Engine Gasoline Fuel,A/T,Black,–,None reported,Yes,4000,15,False,116,False,Budget
BMW,M3 CS,2024,124 mi.,Gasoline,543.0HP 3.0L Straight 6 Cylinder Engine Gasoline Fuel,Transmission w/Dual Shift Mode,Green,Black,None reported,Yes,145000,2,True,375,True,Premium
Hyundai,Accent GLS,2013,"117,500 mi.",Gasoline,138.0HP 1.6L 4 Cylinder Engine Gasoline Fuel,6-Speed A/T,Silver,Gray,At least 1 accident or damage reported,Yes,6500,13,False,72,False,Budget
Mercedes-Benz,S-Class S 450 4MATIC,2018,"72,500 mi.",Gasoline,362.0HP 3.0L V6 Cylinder Engine Gasoline Fuel,A/T,Black,Black,None reported,Yes,60000,8,True,315,True,Premium
Porsche,911 GT3,2023,265 mi.,Gasoline,4.0L H6 24V GDI DOHC,6-Speed Manual,Black,Gray,None reported,Yes,279950,3,True,201,True,Premium
Mercedes-Benz,AMG GT 63 S 4-Door,2020,"21,214 mi.",Gasoline,4.0L V8 32V GDI DOHC Twin Turbo,9-Speed Automatic,Obsidian Black Metallic,Black,None reported,Yes,117900,6,True,315,True,Premium
Audi,Q5 3.0 TDI Premium Plus,2014,"55,564 mi.",Diesel,240.0HP 3.0L V6 Cylinder Engine Diesel Fuel,8-Speed A/T,Black,Black,At least 1 accident or damage reported,Yes,22500,12,False,200,True,Mid-Range
Cadillac,LYRIQ Luxury,2023,"1,090 mi.",Gasoline,500.0HP Electric Motor Electric Fuel System,A/T,Gray,Silver,None reported,Yes,68750,3,True,107,False,Premium
Volvo,XC60 T5 R-Design,2019,"43,500 mi.",Gasoline,250.0HP 2.0L 4 Cylinder Engine Gasoline Fuel,Transmission w/Dual Shift Mode,Gray,Black,None reported,Yes,30000,7,False,38,False,Mid-Range
Mercedes-Benz,AMG GT 53 Base,2019,"35,000 mi.",Hybrid,429.0HP 3.0L Straight 6 Cylinder Engine Gasoline/Mild Electric Hybrid,Transmission w/Dual Shift Mode,Black,Black,None reported,Yes,83000,7,True,315,True,Premium
GMC,Yukon SLT,2017,"92,031 mi.",Gasoline,355.0HP 5.3L 8 Cylinder Engine Gasoline Fuel,A/T,White,Beige,At least 1 accident or damage reported,Yes,30000,9,False,91,False,Mid-Range
Lexus,GS 350 Base,2016,"128,032 mi.",Gasoline,311.0HP 3.5L V6 Cylinder Engine Gasoline Fuel,Transmission w/Dual Shift Mode,Silver,Black,None reported,Yes,18000,10,False,163,True,Budget
Jaguar,XF 25t Premium,2018,"18,800 mi.",Gasoline,247.0HP 2.0L 4 Cylinder Engine Gasoline Fuel,8-Speed A/T,White,White,None reported,Yes,26000,8,False,47,True,Mid-Range
BMW,M8 Gran Coupe Competition,2023,"2,900 mi.",Gasoline,617.0HP 4.4L 8 Cylinder Engine Gasoline Fuel,8-Speed A/T,Green,Gray,None reported,Yes,117500,3,True,375,True,Premium
Honda,Ridgeline Black Edition,2017,"91,600 mi.",Gasoline,280.0HP 3.5L V6 Cylinder Engine Gasoline Fuel,6-Speed A/T,Black,Black,None reported,Yes,26000,9,False,63,False,Mid-Range
Toyota,4Runner SR5,2019,"91,843 mi.",Gasoline,270.0HP 4.0L V6 Cylinder Engine Gasoline Fuel,5-Speed A/T,Blue,Black,At least 1 accident or damage reported,Yes,30500,7,False,199,False,Mid-Range
Ford,Bronco Sport Outer Banks,2021,"28,105 mi.",Gasoline,1.5L I3 12V PDI DOHC Turbo,8-Speed Automatic,Kodiak Brown Metallic,Ebony,None reported,Yes,32455,5,True,386,False,Mid-Range
Dodge,Charger R/T 392,2017,"73,350 mi.",Gasoline,485.0HP 6.4L 8 Cylinder Engine Gasoline Fuel,8-Speed A/T,Gray,Red,None reported,Yes,37000,9,True,90,False,Mid-Range
Mercedes-Benz,GLC 300 GLC 300,2022,"11,875 mi.",Gasoline,2.0 Liter Turbo,Automatic,Black,Black,None reported,Yes,41598,4,True,315,True,Mid-Range
Tesla,Model S P100D,2018,"47,000 mi.",Gasoline,518.0HP Electric Motor Electric Fuel System,A/T,Black,Black,None reported,Yes,49900,8,True,87,False,Premium
INFINITI,Q50 3.0t Signature Edition,2017,"67,000 mi.",Gasoline,300.0HP 3.0L V6 Cylinder Engine Gasoline Fuel,Transmission w/Dual Shift Mode,Black,Black,None reported,Yes,23000,9,False,59,False,Mid-Range
BMW,340 i,2016,"117,660 mi.",Gasoline,320.0HP 3.0L Straight 6 Cylinder Engine Gasoline Fuel,8-Speed A/T,White,Black,At least 1 accident or damage reported,Yes,19500,10,False,375,True,Budget
Pontiac,Firebird Trans Am,2001,"71,448 mi.",Gasoline,200.0HP 3.8L V6 Cylinder Engine Gasoline Fuel,4-Speed A/T,Gray,Black,None reported,Yes,10500,25,False,15,False,Budget
Nissan,NV Passenger NV3500 HD SV V8,2015,"86,000 mi.",Gasoline,317.0HP 5.6L 8 Cylinder Engine Gasoline Fuel,A/T,Silver,Gray,None reported,Yes,29500,11,False,116,False,Mid-Range
Lexus,ES 350 Base,2020,"15,324 mi.",Gasoline,3.5L V6 24V PDI DOHC,8-Speed Automatic,Black,Black,At least 1 accident or damage reported,Yes,33364,6,True,163,True,Mid-Range
BMW,135 is,2013,"29,400 mi.",Gasoline,320.0HP 3.0L Straight 6 Cylinder Engine Gasoline Fuel,6-Speed M/T,White,Beige,None reported,Yes,29000,13,False,375,True,Mid-Range
Lexus,IS 300 Base,2017,"68,871 mi.",Gasoline,255.0HP 3.5L V6 Cylinder Engine Gasoline Fuel,6-Speed A/T,Silver,Red,None reported,Yes,28450,9,False,163,True,Mid-Range
Porsche,Cayenne S,2012,"126,000 mi.",Gasoline,400.0HP 4.8L 8 Cylinder Engine Gasoline Fuel,Transmission w/Dual Shift Mode,Silver,Gray,None reported,Yes,17999,14,False,201,True,Budget
Pontiac,Solstice GXP,2007,"25,718 mi.",Gasoline,260.0HP 2.0L 4 Cylinder Engine Gasoline Fuel,M/T,Yellow,Black,None reported,Yes,17900,19,False,15,False,Budget
Porsche,Panamera Turbo,2015,"67,210 mi.",Gasoline,520.0HP 4.8L 8 Cylinder Engine Gasoline Fuel,Transmission w/Dual Shift Mode,Blue,Beige,At least 1 accident or damage reported,Yes,51950,11,True,201,True,Premium
BMW,X6 xDrive35i,2018,"27,214 mi.",Gasoline,300.0HP 3.0L Straight 6 Cylinder Engine Gasoline Fuel,Transmission w/Dual Shift Mode,Black,Black,At least 1 accident or damage reported,Yes,40950,8,True,375,True,Mid-Range
Ford,F-150 Limited,2019,"42,728 mi.",Gasoline,450.0HP 3.5L V6 Cylinder Engine Gasoline Fuel,Transmission w/Dual Shift Mode,Black,Brown,None reported,Yes,45950,7,True,386,False,Premium
MINI,Cooper S Base,2010,"97,395 mi.",Gasoline,172.0HP 1.6L 4 Cylinder Engine Gasoline Fuel,6-Speed M/T,Yellow,Black,None reported,Yes,6699,16,False,33,False,Budget
Mazda,Mazda3 i SV,2015,"91,700 mi.",Gasoline,155.0HP 2.0L 4 Cylinder Engine Gasoline Fuel,A/T,Red,Black,None reported,Yes,12000,11,False,64,False,Budget
Mitsubishi,Lancer Evolution MR,2011,"94,500 mi.",Gasoline,291.0HP 2.0L 4 Cylinder Engine Gasoline Fuel,Transmission w/Dual Shift Mode,White,Black,None reported,Yes,27000,15,False,20,False,Mid-Range
Chevrolet,Tahoe LTZ,2014,"196,300 mi.",E85 Flex Fuel,320.0HP 5.3L 8 Cylinder Engine Flex Fuel Capability,6-Speed A/T,Black,Black,None reported,Yes,10995,12,False,292,False,Budget
Cadillac,CTS 3.6L Luxury,2015,"54,259 mi.",Gasoline,3.6L V6 24V GDI DOHC,8-Speed Automatic,Majestic Plum Metallic,Light Platinum / Jet Black,None reported,Yes,19425,11,False,107,False,Budget
Acura,RDX w/Advance Package,2021,"36,267 mi.",Gasoline,2.0 Liter Turbo,Automatic,White,Parchment,None reported,Yes,39798,5,True,64,False,Mid-Range
Land,Rover Range Rover Sport Supercharged HSE,2015,"175,000 mi.",Gasoline,340.0HP 3.0L V6 Cylinder Engine Gasoline Fuel,A/T,Black,Black,None reported,Yes,19500,11,False,130,True,Budget
Chevrolet,Suburban 1500 LTZ,2015,"159,000 mi.",Gasoline,355.0HP 5.3L 8 Cylinder Engine Gasoline Fuel,6-Speed A/T,White,Beige,At least 1 accident or damage reported,Yes,26900,11,False,292,False,Mid-Range
Chevrolet,Camaro 2SS,2016,"74,000 mi.",Gasoline,455.0HP 6.2L 8 Cylinder Engine Gasoline Fuel,8-Speed A/T,Black,Black,None reported,Yes,32000,10,True,292,False,Mid-Range
Chevrolet,Silverado 1500 Hybrid 1HY,2011,"82,963 mi.",Hybrid,332.0HP 6.0L 8 Cylinder Engine Gas/Electric Hybrid,4-Speed A/T,White,Black,None reported,Yes,20995,15,False,292,False,Budget
Cadillac,XT5 Luxury,2019,"54,323 mi.",Gasoline,3.6 Liter DOHC,Automatic,Red,Beige,None reported,Yes,27998,7,False,107,False,Mid-Range
Nissan,Armada SL,2019,"59,980 mi.",Gasoline,390.0HP 5.6L 8 Cylinder Engine Gasoline Fuel,7-Speed A/T,Silver,Black,None reported,Yes,29000,7,False,116,False,Mid-Range
Audi,Q5 S line Premium,2022,"10,120 mi.",Hybrid,2.0 Liter TFSI,Automatic,Navarre Blue,Gray,None reported,Yes,39998,4,True,200,True,Mid-Range
BMW,X6 M Base,2017,"25,000 mi.",Gasoline,567.0HP 4.4L 8 Cylinder Engine Gasoline Fuel,Transmission w/Dual Shift Mode,White,Red,At least 1 accident or damage reported,Yes,65000,9,True,375,True,Premium
BMW,740 i,2012,"126,000 mi.",Gasoline,326.0HP 3.0L Straight 6 Cylinder Engine Gasoline Fuel,A/T,Black,Black,At least 1 accident or damage reported,Yes,12700,14,False,375,True,Budget
Toyota,Sequoia TRD Pro,2020,"37,428 mi.",Gasoline,381.0HP 5.7L 8 Cylinder Engine Gasoline Fuel,6-Speed A/T,White,Black,None reported,Yes,61599,6,True,199,False,Premium
Volkswagen,Jetta GLI,2014,"99,499 mi.",Gasoline,210.0HP 2.0L 4 Cylinder Engine Gasoline Fuel,Transmission w/Dual Shift Mode,Black,Black,At least 1 accident or damage reported,Yes,15000,12,False,59,False,Budget
Honda,Crosstour EX-L,2012,"90,742 mi.",Gasoline,192.0HP 2.4L 4 Cylinder Engine Gasoline Fuel,A/T,Gray,Gray,None reported,Yes,12980,14,False,63,False,Budget
Land,Rover Range Rover Sport Supercharged,2014,"125,000 mi.",E85 Flex Fuel,510.0HP 5.0L 8 Cylinder Engine Flex Fuel Capability,8-Speed A/T,White,Brown,At least 1 accident or damage reported,Yes,22500,12,False,130,True,Mid-Range
Hyundai,Santa Fe Sport 2.0L Turbo Ultimate,2018,"71,669 mi.",Gasoline,240.0HP 2.0L 4 Cylinder Engine Gasoline Fuel,A/T,Blue,Black,None reported,Yes,20000,8,False,72,False,Budget
Cadillac,XT5 Luxury,2019,"44,692 mi.",Gasoline,3.6L V6 24V GDI DOHC,8-Speed Automatic,Bronze Dune Metallic,Shara Beige,None reported,Yes,32368,7,True,107,False,Mid-Range
Jaguar,F-TYPE R,2018,"16,002 mi.",Gasoline,550.0HP 5.0L 8 Cylinder Engine Gasoline Fuel,8-Speed A/T,Black,Red,None reported,Yes,74900,8,True,47,True,Premium
Toyota,FJ Cruiser Base,2014,"86,000 mi.",Gasoline,260.0HP 4.0L V6 Cylinder Engine Gasoline Fuel,5-Speed A/T,Blue,Black,None reported,Yes,41500,12,True,199,False,Mid-Range
Toyota,Tundra SR5,2019,"56,000 mi.",Gasoline,381.0HP 5.7L 8 Cylinder Engine Gasoline Fuel,6-Speed A/T,Blue,Black,None reported,Yes,42000,7,True,199,False,Mid-Range
Nissan,300ZX Base,1993,"168,000 mi.",–,–,5-Speed M/T,White,Black,None reported,Yes,7000,33,False,116,False,Budget
RAM,1500 Sport,2017,"41,789 mi.",Gasoline,395.0HP 5.7L 8 Cylinder Engine Gasoline Fuel,A/T,Green,Black,At least 1 accident or damage reported,Yes,42500,9,True,91,False,Mid-Range
Ford,Focus SE,2014,"60,109 mi.",E85 Flex Fuel,160.0HP 2.0L 4 Cylinder Engine Flex Fuel Capability,6-Speed A/T,Gray,Black,None reported,Yes,9499,12,False,386,False,Budget
Mercedes-Benz,GLE 350 Base 4MATIC,2020,"48,000 mi.",Gasoline,255.0HP 2.0L 4 Cylinder Engine Gasoline Fuel,A/T,Black,Black,None reported,Yes,49995,6,True,315,True,Premium
Acura,TL Type S,2008,"122,000 mi.",Gasoline,286.0HP 3.5L V6 Cylinder Engine Gasoline Fuel,Transmission w/Dual Shift Mode,Gray,Beige,None reported,Yes,11500,18,False,64,False,Budget
Land,Rover Range Rover HSE,2012,"102,800 mi.",Gasoline,385.0HP 5.0L 8 Cylinder Engine Gasoline Fuel,A/T,Gold,Brown,None reported,Yes,16000,14,False,130,True,Budget
MINI,Convertible Cooper,2022,"15,544 mi.",Gasoline,134.0HP 1.5L 3 Cylinder Engine Gasoline Fuel,A/T,Blue,Brown,None reported,Yes,28000,4,False,33,False,Mid-Range
Mazda,CX-9 Signature,2019,"69,771 mi.",Gasoline,227.0HP 2.5L 4 Cylinder Engine Gasoline Fuel,A/T,Black,Red,None reported,Yes,27500,7,False,64,False,Mid-Range
Acura,TLX Tech,2023,"2,118 mi.",Gasoline,2.0 Liter DOHC Turbo,Automatic,Red,Black,None reported,Yes,41998,3,True,64,False,Mid-Range
Ford,F-150 Raptor,2021,"28,260 mi.",Gasoline,450.0HP 3.5L V6 Cylinder Engine Gasoline Fuel,10-Speed A/T,Blue,Blue,None reported,Yes,72950,5,True,386,False,Premium
Honda,Civic Si Base,2020,"6,025 mi.",Gasoline,205.0HP 1.5L 4 Cylinder Engine Gasoline Fuel,6-Speed M/T,Gray,Gray,None reported,Yes,27500,6,False,63,False,Mid-Range
Hyundai,Elantra SE,2018,"32,697 mi.",Gasoline,147.0HP 2.0L 4 Cylinder Engine Gasoline Fuel,6-Speed A/T,Gray,Gray,At least 1 accident or damage reported,Yes,15900,8,False,72,False,Budget
Ford,Excursion Limited,2001,"239,000 mi.",Gasoline,310.0HP 6.8L 10 Cylinder Engine Gasoline Fuel,A/T,White,–,None reported,Yes,8000,25,False,386,False,Budget
Jaguar,F-TYPE S British Design Edition,2017,"34,150 mi.",Gasoline,380.0HP 3.0L V6 Cylinder Engine Gasoline Fuel,8-Speed A/T,Black,Black,None reported,Yes,45999,9,True,47,True,Premium
Honda,Ridgeline RTL-E,2022,"9,642 mi.",Gasoline,3.5L V6 24V GDI SOHC,9-Speed Automatic,Radiant Red Metallic II,Black,None reported,Yes,38999,4,True,63,False,Mid-Range
Pontiac,G6 GTP,2006,"100,545 mi.",Gasoline,201.0HP 3.5L V6 Cylinder Engine Gasoline Fuel,4-Speed A/T,Gray,Black,None reported,Yes,5995,20,False,15,False,Budget
Mercedes-Benz,C-Class C300 4MATIC,2021,"11,111 mi.",Gasoline,2.0 Liter Turbo,Automatic,Gray,Black,None reported,Yes,38998,5,True,315,True,Mid-Range
Toyota,FJ Cruiser Base,2007,"162,000 mi.",Gasoline,239.0HP 4.0L V6 Cylinder Engine Gasoline Fuel,5-Speed A/T,Black,Black,None reported,Yes,23977,19,False,199,False,Mid-Range
Buick,Enclave Premium,2020,"87,555 mi.",Gasoline,3.6L V6 24V GDI DOHC,9-Speed Automatic,Dark Moon Blue Metallic,Dark Galvanized,At least 1 accident or damage reported,Yes,31650,6,True,30,False,Mid-Range
Chevrolet,Tahoe LTZ,2015,"102,200 mi.",Gasoline,355.0HP 5.3L 8 Cylinder Engine Gasoline Fuel,A/T,Silver,Black,None reported,Yes,25000,11,False,292,False,Mid-Range
Bentley,Continental GTC V8,2013,"18,950 mi.",Gasoline,500.0HP 4.0L 8 Cylinder Engine Gasoline Fuel,Transmission w/Dual Shift Mode,White,Black,None reported,Yes,77999,13,True,33,False,Premium
Mercedes-Benz,SLK-Class SLK 350,2015,"16,000 mi.",Gasoline,302.0HP 3.5L V6 Cylinder Engine Gasoline Fuel,7-Speed A/T,White,Red,At least 1 accident or damage reported,Yes,30500,11,False,315,True,Mid-Range
Cadillac,Escalade Premium Luxury,2022,"19,250 mi.",Gasoline,420.0HP 6.2L 8 Cylinder Engine Gasoline Fuel,10-Speed A/T,Black,Black,None reported,Yes,86999,4,True,107,False,Premium
BMW,535 i xDrive,2015,"65,000 mi.",Gasoline,300.0HP 3.0L Straight 6 Cylinder Engine Gasoline Fuel,Transmission w/Dual Shift Mode,Silver,Black,None reported,Yes,24995,11,False,375,True,Mid-Range
MINI,Cooper S Base,2007,"110,022 mi.",Gasoline,172.0HP 1.6L 4 Cylinder Engine Gasoline Fuel,6-Speed M/T,Silver,Black,None reported,Yes,6250,19,False,33,False,Budget
Bentley,Continental GT Base,2012,"79,089 mi.",E85 Flex Fuel,567.0HP 6.0L 12 Cylinder Engine Flex Fuel Capability,A/T,White,Beige,None reported,Yes,46999,14,True,33,False,Premium
Lexus,GX 460 Premium,2023,"2,533 mi.",Gasoline,301.0HP 4.6L 8 Cylinder Engine Gasoline Fuel,A/T,Black,Black,None reported,Yes,64900,3,True,163,True,Premium
Audi,Q7 3.0T Premium Plus,2014,"96,273 mi.",Gasoline,280.0HP 3.0L V6 Cylinder Engine Gasoline Fuel,8-Speed A/T,Silver,Black,At least 1 accident or damage reported,Yes,15495,12,False,200,True,Budget
Cadillac,CT6 Luxury,2020,"22,187 mi.",Gasoline,3.6L V6 24V GDI DOHC,10-Speed Automatic,Manhattan Noir Metallic,Shara Beige,At least 1 accident or damage reported,Yes,45480,6,True,107,False,Premium
GMC,Sierra 1500 SL Crew Cab,2009,"137,000 mi.",Gasoline,295.0HP 4.8L 8 Cylinder Engine Gasoline Fuel,A/T,Red,–,None reported,Yes,20000,17,False,91,False,Budget
Nissan,GT-R Premium,2009,"60,747 mi.",Gasoline,480.0HP 3.8L V6 Cylinder Engine Gasoline Fuel,6-Speed A/T,White,–,At least 1 accident or damage reported,Yes,71999,17,True,116,False,Premium
Dodge,Ram 1500 ST,2007,"36,500 mi.",Gasoline,210.0HP 3.7L V6 Cylinder Engine Gasoline Fuel,A/T,Blue,Gray,None reported,Yes,16000,19,False,90,False,Budget
Ford,Bronco Outer Banks,2021,"19,590 mi.",Gasoline,315.0HP 2.7L V6 Cylinder Engine Gasoline Fuel,10-Speed A/T,Blue,Gray,None reported,Yes,54999,5,True,386,False,Premium
Nissan,GT-R Black Edition,2015,"16,850 mi.",Gasoline,545.0HP 3.8L V6 Cylinder Engine Gasoline Fuel,Transmission w/Dual Shift Mode,White,Black,None reported,Yes,95000,11,True,116,False,Premium
Cadillac,Escalade ESV Sport,2021,"4,500 mi.",Gasoline,420.0HP 6.2L 8 Cylinder Engine Gasoline Fuel,10-Speed A/T,White,Beige,None reported,Yes,105000,5,True,107,False,Premium
Chevrolet,Cruze LT,2012,"194,000 mi.",Gasoline,138.0HP 1.4L 4 Cylinder Engine Gasoline Fuel,6-Speed A/T,Gray,White,At least 1 accident or damage reported,Yes,4900,14,False,292,False,Budget
Lexus,GX 460 Base,2020,"48,210 mi.",Gasoline,4.6L V8 32V MPFI DOHC,6-Speed Automatic,Nebula Gray Pearl,Rioja Red,At least 1 accident or damage reported,Yes,47449,6,True,163,True,Premium
BMW,750 i,2018,"81,500 mi.",Gasoline,445.0HP 4.4L 8 Cylinder Engine Gasoline Fuel,8-Speed A/T,White,White,None reported,Yes,41250,8,True,375,True,Mid-Range
Ford,F-150 XLT,2021,"77,107 mi.",Gasoline,3.5L V6 24V PDI DOHC Twin Turbo,10-Speed Automatic,Agate Black Metallic,Black,None reported,Yes,39995,5,True,386,False,Mid-Range
BMW,535 i xDrive,2015,"58,664 mi.",Gasoline,300.0HP 3.0L Straight 6 Cylinder Engine Gasoline Fuel,8-Speed A/T,Blue,Gray,At least 1 accident or damage reported,Yes,20950,11,False,375,True,Budget
Mitsubishi,Montero Limited,2004,"145,000 mi.",Gasoline,215.0HP 3.8L V6 Cylinder Engine Gasoline Fuel,A/T,Silver,Black,None reported,Yes,8950,22,False,20,False,Budget
Lexus,LS 500 F Sport,2018,"15,055 mi.",Gasoline,416.0HP 3.5L V6 Cylinder Engine Gasoline Fuel,A/T,White,Black,None reported,Yes,59000,8,True,163,True,Premium
Tesla,Model S 85D,2015,"67,647 mi.",Gasoline,422.0HP Electric Motor Electric Fuel System,1-Speed A/T,Blue,Beige,None reported,Yes,28000,11,False,87,False,Mid-Range
Lexus,LC 500 Base,2021,915 mi.,Gasoline,471.0HP 5.0L 8 Cylinder Engine Gasoline Fuel,10-Speed A/T,Blue,White,None reported,Yes,159000,5,True,163,True,Premium
Mazda,MX-5 Miata Shinsen,2003,"46,873 mi.",Gasoline,142.0HP 1.8L 4 Cylinder Engine Gasoline Fuel,5-Speed M/T,Gray,Blue,None reported,Yes,11500,23,False,64,False,Budget
Cadillac,Escalade ESV Premium Luxury,2021,"53,169 mi.",Gasoline,420.0HP 6.2L 8 Cylinder Engine Gasoline Fuel,A/T,Black,Black,None reported,Yes,81500,5,True,107,False,Premium
Lexus,GX 460 Premium,2022,"35,700 mi.",Gasoline,301.0HP 4.6L 8 Cylinder Engine Gasoline Fuel,A/T,Silver,Gray,At least 1 accident or damage reported,Yes,51900,4,True,163,True,Premium
Nissan,Pathfinder Platinum,2014,"112,600 mi.",Gasoline,260.0HP 3.5L V6 Cylinder Engine Gasoline Fuel,CVT Transmission,Black,Black,At least 1 accident or damage reported,Yes,13000,12,False,116,False,Budget
GMC,Yukon SLE,2015,"112,552 mi.",Gasoline,5.3L V8 16V GDI OHV,6-Speed Automatic,Onyx Black,Jet Black,At least 1 accident or damage reported,Yes,24440,11,False,91,False,Mid-Range
BMW,M3 Base,2003,"127,273 mi.",Gasoline,333.0HP 3.2L Straight 6 Cylinder Engine Gasoline Fuel,6-Speed M/T,Silver,Black,None reported,Yes,15000,23,False,375,True,Budget
Lexus,IS 250 Base,2007,"189,887 mi.",Gasoline,204.0HP 2.5L V6 Cylinder Engine Gasoline Fuel,A/T,White,–,At least 1 accident or damage reported,Yes,3995,19,False,163,True,Budget
BMW,640 i,2012,"76,465 mi.",Gasoline,315.0HP 3.0L Straight 6 Cylinder Engine Gasoline Fuel,8-Speed A/T,White,Beige,At least 1 accident or damage reported,Yes,22500,14,False,375,True,Mid-Range
Mitsubishi,Eclipse Spyder GT,2007,"136,400 mi.",Gasoline,260.0HP 3.8L V6 Cylinder Engine Gasoline Fuel,5-Speed A/T,Red,Gray,At least 1 accident or damage reported,Yes,6750,19,False,20,False,Budget
Ford,Thunderbird Deluxe,2004,"79,635 mi.",Gasoline,280.0HP 3.9L 8 Cylinder Engine Gasoline Fuel,A/T,Gray,Black,None reported,Yes,13500,22,False,386,False,Budget
Tesla,Model Y Long Range,2022,"4,665 mi.",Gasoline,Dual Motor - Standard,Automatic,Silver,Black,None reported,Yes,46598,4,True,87,False,Premium
Buick,Enclave 1XL,2011,"170,000 mi.",Gasoline,288.0HP 3.6L V6 Cylinder Engine Gasoline Fuel,6-Speed A/T,Gold,Beige,At least 1 accident or damage reported,Yes,4000,15,False,30,False,Budget
Ford,F-150 XLT,2018,"67,650 mi.",Gasoline,375.0HP 3.5L V6 Cylinder Engine Gasoline Fuel,A/T,Blue,Gray,None reported,Yes,30000,8,False,386,False,Mid-Range
Lexus,ES 350 Base,2016,"119,850 mi.",Gasoline,268.0HP 3.5L V6 Cylinder Engine Gasoline Fuel,A/T,White,Beige,None reported,Yes,19000,10,False,163,True,Budget
Acura,TL Type S,2008,"116,500 mi.",Gasoline,286.0HP 3.5L V6 Cylinder Engine Gasoline Fuel,6-Speed M/T,Red,Black,None reported,Yes,15999,18,False,64,False,Budget
Mercury,Capri XR2,1993,"120,644 mi.",–,–,5-Speed M/T,Green,Gray,None reported,Yes,4200,33,False,3,False,Budget
Ford,Transit Connect XLT,2010,"169,802 mi.",Gasoline,2.0L I4 16V MPFI DOHC,4-Speed Automatic,Frozen White,Dark Gray,None reported,Yes,9985,16,False,386,False,Budget
BMW,X3 M40i,2021,"36,905 mi.",Gasoline,382.0HP 3.0L Straight 6 Cylinder Engine Gasoline Fuel,Transmission w/Dual Shift Mode,Blue,Beige,None reported,Yes,50000,5,True,375,True,Premium
Jeep,Gladiator Willys,2022,"8,400 mi.",Gasoline,285.0HP 3.6L V6 Cylinder Engine Gasoline Fuel,8-Speed A/T,Black,Black,At least 1 accident or damage reported,Yes,47000,4,True,143,False,Premium
Hummer,H2 Base,2003,"149,961 mi.",Gasoline,316.0HP 6.0L 8 Cylinder Engine Gasoline Fuel,A/T,Beige,Beige,At least 1 accident or damage reported,Yes,12500,23,False,16,False,Budget
Mercedes-Benz,C-Class C 63 AMG,2014,"84,500 mi.",Gasoline,451.0HP 6.2L 8 Cylinder Engine Gasoline Fuel,7-Speed A/T,White,Black,None reported,Yes,41500,12,True,315,True,Mid-Range
Lamborghini,Aventador LP700-4,2016,"3,254 mi.",Gasoline,6.5L V12 48V MPFI DOHC,7-Speed Automatic with Auto-Shift,Bianco Isis,Giallo Taurus / Nero Ade,None reported,Yes,399900,10,True,26,False,Premium
Mercedes-Benz,G-Class G 550 4MATIC,2016,"96,000 mi.",Gasoline,416.0HP 4.0L 8 Cylinder Engine Gasoline Fuel,A/T,Blue,Brown,None reported,Yes,65000,10,True,315,True,Premium
Nissan,GT-R Premium,2009,"88,000 mi.",Gasoline,480.0HP 3.8L V6 Cylinder Engine Gasoline Fuel,Transmission w/Dual Shift Mode,White,White,At least 1 accident or damage reported,Yes,57000,17,True,116,False,Premium
Audi,R8 4.2 quattro Spyder,2011,"35,322 mi.",Gasoline,4.2L V8 32V GDI DOHC,6-Speed Manual,Phantom Black Pearl Effect / Black Roof,Red,None reported,Yes,94900,15,True,200,True,Premium
Acura,TLX A-Spec,2020,"32,500 mi.",Gasoline,206.0HP 2.4L 4 Cylinder Engine Gasoline Fuel,A/T,White,Red,None reported,Yes,32000,6,True,64,False,Mid-Range
Audi,A6 3.0T Premium Plus,2016,"71,280 mi.",Gasoline,333.0HP 3.0L V6 Cylinder Engine Gasoline Fuel,A/T,Silver,Black,None reported,Yes,22000,10,False,200,True,Mid-Range
Porsche,Panamera 2,2011,"37,200 mi.",Gasoline,300.0HP 3.6L V6 Cylinder Engine Gasoline Fuel,7-Speed A/T,Black,Beige,None reported,Yes,27500,15,False,201,True,Mid-Range
Saturn,Sky Red Line,2008,"94,291 mi.",Gasoline,260.0HP 2.0L 4 Cylinder Engine Gasoline Fuel,A/T,White,–,None reported,Yes,14500,18,False,5,False,Budget
Maserati,Coupe Cambiocorsa,2006,"54,082 mi.",Gasoline,390.0HP 4.2L 8 Cylinder Engine Gasoline Fuel,Transmission w/Dual Shift Mode,Blue,Beige,None reported,Yes,17000,20,False,34,False,Budget
Volvo,XC90 Recharge Plug-In Hybrid T8 Inscription 7 Passenger,2022,"7,800 mi.",Plug-In Hybrid,455.0HP 2.0L 4 Cylinder Engine Plug-In Electric/Gas,8-Speed A/T,Black,Beige,None reported,Yes,66000,4,True,38,False,Premium
Jeep,Wrangler Sport,2016,"86,250 mi.",Gasoline,285.0HP 3.6L V6 Cylinder Engine Gasoline Fuel,5-Speed A/T,White,Black,None reported,Yes,22000,10,False,143,False,Mid-Range
BMW,X5 xDrive50i,2016,"75,479 mi.",Gasoline,445.0HP 4.4L 8 Cylinder Engine Gasoline Fuel,Transmission w/Dual Shift Mode,Silver,Black,None reported,Yes,27899,10,False,375,True,Mid-Range
BMW,750 i,2017,"24,650 mi.",Gasoline,445.0HP 4.4L 8 Cylinder Engine Gasoline Fuel,A/T,Silver,Black,None reported,Yes,50000,9,True,375,True,Premium
Volkswagen,Golf R 4-Door,2013,"102,750 mi.",Gasoline,256.0HP 2.0L 4 Cylinder Engine Gasoline Fuel,6-Speed M/T,Black,Black,None reported,Yes,20000,13,False,59,False,Budget
Alfa,Romeo Stelvio Base,2018,"50,000 mi.",Gasoline,280.0HP 2.0L 4 Cylinder Engine Gasoline Fuel,A/T,Brown,Brown,None reported,Yes,27500,8,False,19,False,Mid-Range
BMW,X5 xDrive35i,2017,"72,700 mi.",Gasoline,300.0HP 3.0L Straight 6 Cylinder Engine Gasoline Fuel,A/T,Gray,Black,None reported,Yes,27499,9,False,375,True,Mid-Range
BMW,X6 M Base,2018,"54,293 mi.",Gasoline,567.0HP 4.4L 8 Cylinder Engine Gasoline Fuel,8-Speed A/T,Black,Beige,At least 1 accident or damage reported,Yes,49000,8,True,375,True,Premium
Lexus,IS 300 Base,2018,"16,000 mi.",Gasoline,260.0HP 3.5L V6 Cylinder Engine Gasoline Fuel,6-Speed A/T,Blue,Brown,At least 1 accident or damage reported,Yes,30500,8,False,163,True,Mid-Range
Lamborghini,Gallardo SE,2006,"19,500 mi.",Gasoline,493.0HP 5.0L 10 Cylinder Engine Gasoline Fuel,6-Speed A/T,Green,Yellow,None reported,Yes,129000,20,True,26,False,Premium
BMW,428 i,2014,"71,000 mi.",Gasoline,240.0HP 2.0L 4 Cylinder Engine Gasoline Fuel,Transmission w/Dual Shift Mode,White,Black,At least 1 accident or damage reported,Yes,16700,12,False,375,True,Budget
BMW,X5 xDrive40i,2019,"60,000 mi.",Gasoline,335.0HP 3.0L Straight 6 Cylinder Engine Gasoline Fuel,8-Speed A/T,White,Beige,None reported,Yes,36500,7,True,375,True,Mid-Range
Porsche,Boxster Base,1998,"75,539 mi.",Gasoline,201.0HP 2.5L Flat 6 Cylinder Engine Gasoline Fuel,5-Speed M/T,Blue,Beige,None reported,Yes,11995,28,False,201,True,Budget
Alfa,Romeo Giulia Base,2017,"36,000 mi.",Gasoline,280.0HP 2.0L 4 Cylinder Engine Gasoline Fuel,8-Speed A/T,White,Red,None reported,Yes,21000,9,False,19,False,Budget
Mercedes-Benz,C-Class C 300,2019,"76,422 mi.",Gasoline,2.0 Liter Turbo,Automatic,Black,Black,None reported,Yes,28998,7,False,315,True,Mid-Range
Nissan,370Z NISMO Tech,2016,"42,600 mi.",Gasoline,350.0HP 3.7L V6 Cylinder Engine Gasoline Fuel,7-Speed A/T,Red,Black,At least 1 accident or damage reported,Yes,31950,10,True,116,False,Mid-Range
Rivian,R1S Adventure Package,2023,211 mi.,Gasoline,835.0HP Electric Motor Electric Fuel System,A/T,Blue,Black,None reported,Yes,99000,3,True,17,False,Premium
Chevrolet,Suburban LT,2017,"98,888 mi.",Gasoline,6.0L 8 Cylinder Engine Gasoline Fuel,A/T,White,Black,At least 1 accident or damage reported,Yes,29000,9,False,292,False,Mid-Range
Ford,Fusion Hybrid SE,2019,"64,532 mi.",Hybrid,188.0HP 2.0L 4 Cylinder Engine Gas/Electric Hybrid,A/T,Silver,Gray,At least 1 accident or damage reported,Yes,19395,7,False,386,False,Budget
BMW,X3 xDrive35i,2011,"75,500 mi.",Gasoline,300.0HP 3.0L Straight 6 Cylinder Engine Gasoline Fuel,A/T,White,Black,None reported,Yes,12975,15,False,375,True,Budget
Buick,Envision Preferred,2019,"32,000 mi.",Gasoline,197.0HP 2.5L 4 Cylinder Engine Gasoline Fuel,A/T,Black,Beige,None reported,Yes,27000,7,False,30,False,Mid-Range
Buick,Envision Essence,2019,"47,839 mi.",Gasoline,2.5L I4 16V GDI DOHC,6-Speed Automatic,Summit White,Ebony,None reported,Yes,24991,7,False,30,False,Mid-Range
Porsche,Cayenne GTS,2013,"98,413 mi.",Gasoline,420.0HP 4.8L 8 Cylinder Engine Gasoline Fuel,Transmission w/Dual Shift Mode,Green,Black,At least 1 accident or damage reported,Yes,34900,13,True,201,True,Mid-Range
Audi,RS 5 2.9T,2022,"9,628 mi.",Gasoline,444.0HP 2.9L V6 Cylinder Engine Gasoline Fuel,8-Speed A/T,White,Black,None reported,Yes,78500,4,True,200,True,Premium
Jaguar,XK8 Base,1999,"15,000 mi.",Gasoline,290.0HP 4.0L 8 Cylinder Engine Gasoline Fuel,5-Speed A/T,Green,Beige,None reported,Yes,16370,27,False,47,True,Budget
Audi,R8 5.2 V10,2021,"6,397 mi.",Gasoline,5.2L V10 40V PDI DOHC,7-Speed Automatic with Auto-Shift,Kemora Gray Metallic,Black / Express Red,None reported,Yes,172900,5,True,200,True,Premium
Honda,Pilot Black Edition,2022,"22,564 mi.",Gasoline,3.5 Liter,Automatic,Platinum White Pearl,Black,None reported,Yes,44998,4,True,63,False,Premium
Lexus,RX 350 Crafted Line F Sport,2015,"110,000 mi.",Gasoline,270.0HP 3.5L V6 Cylinder Engine Gasoline Fuel,Transmission w/Dual Shift Mode,White,Black,None reported,Yes,28000,11,False,163,True,Mid-Range
Mercedes-Benz,Sprinter 3500 High Roof,2022,105 mi.,Diesel,161.0HP 2.0L 4 Cylinder Engine Diesel Fuel,7-Speed A/T,Black,Orange,None reported,Yes,200000,4,True,315,True,Premium
Toyota,4Runner Limited,2004,"186,117 mi.",Gasoline,245.0HP 4.0L V6 Cylinder Engine Gasoline Fuel,A/T,Black,Beige,None reported,Yes,13000,22,False,199,False,Budget
Jeep,Wrangler Sport,2002,"103,500 mi.",Gasoline,190.0HP 4.0L Straight 6 Cylinder Engine Gasoline Fuel,M/T,Yellow,Gray,None reported,Yes,12500,24,False,143,False,Budget
Cadillac,CT6-V 4.2L Blackwing Twin Turbo,2019,"8,074 mi.",Gasoline,4.2L V8 32V GDI DOHC Twin Turbo,10-Speed Automatic,Manhattan Noir Metallic,Jet Black,None reported,Yes,76700,7,True,107,False,Premium
BMW,M3 Base,2011,"43,000 mi.",Gasoline,414.0HP 4.0L 8 Cylinder Engine Gasoline Fuel,6-Speed M/T,Black,Black,None reported,Yes,50900,15,True,375,True,Premium
BMW,750 i,2015,"70,700 mi.",Gasoline,445.0HP 4.4L 8 Cylinder Engine Gasoline Fuel,8-Speed A/T,Blue,Black,At least 1 accident or damage reported,Yes,23000,11,False,375,True,Mid-Range
Chevrolet,Trailblazer RS,2022,"42,479 mi.",Gasoline,1.3L I3 12V GDI DOHC Turbo,9-Speed Automatic,Mosaic Black Metallic,Jet Black,None reported,Yes,28495,4,False,292,False,Mid-Range
Ford,Excursion XLT 4WD,2000,"205,000 mi.",Gasoline,310.0HP 6.8L 10 Cylinder Engine Gasoline Fuel,A/T,Black,Gray,At least 1 accident or damage reported,Yes,9950,26,False,386,False,Budget
Audi,SQ5 3.0T Premium Plus,2019,"22,300 mi.",Gasoline,349.0HP 3.0L V6 Cylinder Engine Gasoline Fuel,8-Speed A/T,Blue,Gray,None reported,Yes,38999,7,True,200,True,Mid-Range
Ford,Expedition EL Limited,2017,"104,000 mi.",Gasoline,365.0HP 3.5L V6 Cylinder Engine Gasoline Fuel,A/T,Black,Black,At least 1 accident or damage reported,Yes,19995,9,False,386,False,Budget
Ford,Bronco Sport Base,2022,"13,865 mi.",Gasoline,1.5L I3 12V PDI DOHC Turbo,8-Speed Automatic,Shadow Black,Ebony,None reported,Yes,29182,4,False,386,False,Mid-Range
BMW,M4 Competition xDrive,2022,"15,882 mi.",Gasoline,503.0HP 3.0L Straight 6 Cylinder Engine Gasoline Fuel,8-Speed A/T,Red,Silver,None reported,Yes,84995,4,True,375,True,Premium
Land,Rover Defender,2022,"12,209 mi.",Gasoline,5.0L V8 32V GDI DOHC Supercharged,8-Speed Automatic,Black,Black,None reported,Yes,104900,4,True,130,True,Premium
Mercedes-Benz,AMG GLC 43 AMG GLC 43,2021,"10,483 mi.",Gasoline,3.0 Liter Twin Turbo,Automatic,Graphite Grey Metallic,Black w/Red Stitching,None reported,Yes,60998,5,True,315,True,Premium
Nissan,GT-R Premium,2017,"31,150 mi.",Gasoline,565.0HP 3.8L V6 Cylinder Engine Gasoline Fuel,Transmission w/Dual Shift Mode,Orange,Black,None reported,Yes,113000,9,True,116,False,Premium
Chrysler,200 C,2015,"44,000 mi.",E85 Flex Fuel,295.0HP 3.6L V6 Cylinder Engine Flex Fuel Capability,A/T,White,Black,At least 1 accident or damage reported,Yes,12700,11,False,28,False,Budget
Hummer,H2 Base,2003,"109,000 mi.",Gasoline,316.0HP 6.0L 8 Cylinder Engine Gasoline Fuel,A/T,Beige,Beige,None reported,Yes,17500,23,False,16,False,Budget
BMW,M4 Base,2020,"31,350 mi.",Gasoline,425.0HP 3.0L Straight 6 Cylinder Engine Gasoline Fuel,Transmission w/Dual Shift Mode,Gray,Orange,None reported,Yes,62450,6,True,375,True,Premium
Audi,Q8 55 Premium Plus,2021,"30,000 mi.",Hybrid,335.0HP 3.0L V6 Cylinder Engine Gasoline/Mild Electric Hybrid,8-Speed A/T,Black,Black,None reported,Yes,62000,5,True,200,True,Premium
Land,Rover Range Rover HSE,2012,"66,500 mi.",Gasoline,385.0HP 5.0L 8 Cylinder Engine Gasoline Fuel,A/T,Silver,Black,None reported,Yes,19950,14,False,130,True,Budget
Nissan,Frontier SV,2012,"96,600 mi.",Gasoline,261.0HP 4.0L V6 Cylinder Engine Gasoline Fuel,A/T,Beige,Black,At least 1 accident or damage reported,Yes,17000,14,False,116,False,Budget
Toyota,Highlander LE Plus,2015,"198,000 mi.",Gasoline,270.0HP 3.5L V6 Cylinder Engine Gasoline Fuel,A/T,White,Gray,None reported,Yes,14000,11,False,199,False,Budget
Audi,S4 3.0T Premium Plus,2013,"91,877 mi.",Gasoline,333.0HP 3.0L V6 Cylinder Engine Gasoline Fuel,A/T,Black,Red,At least 1 accident or damage reported,Yes,24000,13,False,200,True,Mid-Range
Ford,Expedition Max Limited,2018,"45,578 mi.",Gasoline,375.0HP 3.5L V6 Cylinder Engine Gasoline Fuel,10-Speed A/T,White,–,None reported,Yes,45023,8,True,386,False,Premium
BMW,228 i,2015,"54,000 mi.",Gasoline,240.0HP 2.0L 4 Cylinder Engine Gasoline Fuel,6-Speed M/T,Black,Red,At least 1 accident or damage reported,Yes,19996,11,False,375,True,Budget
Land,Rover Range Rover Sport HST MHEV,2020,"52,000 mi.",Hybrid,395.0HP 3.0L Straight 6 Cylinder Engine Gasoline/Mild Electric Hybrid,8-Speed A/T,Gray,Black,None reported,Yes,55000,6,True,130,True,Premium
Mercedes-Benz,E-Class AMG E 53,2020,"23,044 mi.",Hybrid,3.0 Liter Turbo,Automatic,Emerald Green Metallic,Black/Saddle Brown,None reported,Yes,72598,6,True,315,True,Premium
Porsche,911 Carrera,2008,"132,500 mi.",Gasoline,325.0HP 3.6L Flat 6 Cylinder Engine Gasoline Fuel,6-Speed M/T,Black,Black,None reported,Yes,35000,18,True,201,True,Mid-Range
Dodge,Dakota SLT Quad Cab,2006,"256,000 mi.",Gasoline,4.7L 8 Cylinder Engine Gasoline Fuel,A/T,Black,Gray,None reported,Yes,4000,20,False,90,False,Budget
Mercedes-Benz,SL-Class SL63 AMG Roadster,2009,"31,370 mi.",Gasoline,518.0HP 6.3L 8 Cylinder Engine Gasoline Fuel,Transmission w/Dual Shift Mode,White,Brown,None reported,Yes,65700,17,True,315,True,Premium
Chrysler,Sebring LX,2008,"67,303 mi.",Gasoline,173.0HP 2.4L 4 Cylinder Engine Gasoline Fuel,A/T,Blue,Blue,None reported,Yes,4900,18,False,28,False,Budget
Chevrolet,Corvette Stingray w/3LT,2021,"12,000 mi.",Gasoline,490.0HP 6.2L 8 Cylinder Engine Gasoline Fuel,A/T,Blue,Black,At least 1 accident or damage reported,Yes,99900,5,True,292,False,Premium
Ford,Bronco Outer Banks,2023,"16,500 mi.",Gasoline,275.0HP 2.3L 4 Cylinder Engine Gasoline Fuel,A/T,Blue,Gray,None reported,Yes,54000,3,True,386,False,Premium
Toyota,Tacoma TRD Pro,2018,"28,800 mi.",Gasoline,"3.5L V-6 port/direct injection, DOHC, VVT-iE variable valve cont","Manual, 6-Spd",–,Black,None reported,Yes,42900,8,True,199,False,Premium
RAM,ProMaster 2500 High Roof,2019,"88,000 mi.",Gasoline,280.0HP 3.6L V6 Cylinder Engine Gasoline Fuel,6-Speed A/T,White,Black,At least 1 accident or damage reported,Yes,39900,7,True,91,False,Mid-Range
Ford,Shelby GT350 Base,2018,"18,515 mi.",Gasoline,526.0HP 5.2L 8 Cylinder Engine Gasoline Fuel,6-Speed M/T,White,Black,At least 1 accident or damage reported,Yes,60867,8,True,386,False,Premium
Tesla,Model 3 Performance,2018,"92,813 mi.",Gasoline,271.0HP Electric Motor Electric Fuel System,1-Speed A/T,Red,Black,None reported,Yes,30499,8,False,87,False,Mid-Range
Land,Rover Range Rover P530 SE LWB 7 Seat,2023,"2,100 mi.",Gasoline,523.0HP 4.4L 8 Cylinder Engine Gasoline Fuel,8-Speed A/T,Gray,Beige,None reported,Yes,172000,3,True,130,True,Premium
Volvo,XC60 T6 Inscription,2019,"58,600 mi.",Gasoline,330.0HP 2.0L 4 Cylinder Engine Gasoline Fuel,A/T,White,White,At least 1 accident or damage reported,Yes,29000,7,False,38,False,Mid-Range
Lexus,LS 460 Crafted Line,2015,"74,500 mi.",Gasoline,386.0HP 4.6L 8 Cylinder Engine Gasoline Fuel,Transmission w/Dual Shift Mode,White,Red,None reported,Yes,33900,11,True,163,True,Mid-Range
Tesla,Model S 100D,2018,"33,500 mi.",Gasoline,518.0HP Electric Motor Electric Fuel System,A/T,Gray,Black,None reported,Yes,51900,8,True,87,False,Premium
Cadillac,XT6 Premium Luxury AWD,2023,222 mi.,Gasoline,310.0HP 3.6L V6 Cylinder Engine Gasoline Fuel,A/T,White,Black,None reported,Yes,69000,3,True,107,False,Premium
Chevrolet,Avalanche 1500 LTZ,2007,"75,124 mi.",E85 Flex Fuel,310.0HP 5.3L 8 Cylinder Engine Flex Fuel Capability,A/T,Red,Gray,None reported,Yes,16499,19,False,292,False,Budget
Chevrolet,Corvette Grand Sport,2013,"15,500 mi.",Gasoline,430.0HP 6.2L 8 Cylinder Engine Gasoline Fuel,Transmission w/Dual Shift Mode,White,Blue,None reported,Yes,45000,13,True,292,False,Premium
Audi,Q8 55 Premium,2020,"34,300 mi.",Hybrid,335.0HP 3.0L V6 Cylinder Engine Gasoline/Mild Electric Hybrid,8-Speed A/T,Gray,Brown,None reported,Yes,52500,6,True,200,True,Premium
Honda,Odyssey Elite,2019,"82,000 mi.",Gasoline,280.0HP 3.5L V6 Cylinder Engine Gasoline Fuel,10-Speed A/T,Silver,Black,None reported,Yes,32471,7,True,63,False,Mid-Range
Acura,TLX,2023,"3,389 mi.",Gasoline,2.0 Liter DOHC Turbo,Automatic,Platinum White Pearl,Black,None reported,Yes,38598,3,True,64,False,Mid-Range
Porsche,Cayenne GTS Coupe AWD,2023,"10,000 mi.",Gasoline,453.0HP 4.0L 8 Cylinder Engine Gasoline Fuel,8-Speed A/T,Gray,Black,None reported,Yes,145000,3,True,201,True,Premium
Cadillac,STS V6,2005,"96,000 mi.",Gasoline,260.0HP 3.6L V6 Cylinder Engine Gasoline Fuel,A/T,Beige,Brown,At least 1 accident or damage reported,Yes,4999,21,False,107,False,Budget
Dodge,Charger R/T,2021,"7,751 mi.",Gasoline,370.0HP 5.7L 8 Cylinder Engine Gasoline Fuel,8-Speed A/T,Black,Black,None reported,Yes,41950,5,True,90,False,Mid-Range
Audi,RS 7 4.0T Performance Prestige,2017,"66,250 mi.",Gasoline,605.0HP 4.0L 8 Cylinder Engine Gasoline Fuel,8-Speed A/T,Gray,Gray,At least 1 accident or damage reported,Yes,59200,9,True,200,True,Premium
Lexus,CT 200h Premium,2012,"109,000 mi.",Hybrid,134.0HP 1.8L 4 Cylinder Engine Gas/Electric Hybrid,A/T,White,Black,At least 1 accident or damage reported,Yes,14945,14,False,163,True,Budget
Hyundai,Genesis Coupe 3.8 Base,2015,"60,000 mi.",Gasoline,348.0HP 3.8L V6 Cylinder Engine Gasoline Fuel,Transmission w/Dual Shift Mode,Black,Black,None reported,Yes,17000,11,False,72,False,Budget
Tesla,Model S Performance,2020,"14,700 mi.",Gasoline,778.0HP Electric Motor Electric Fuel System,1-Speed A/T,Gray,Black,None reported,Yes,63000,6,True,87,False,Premium
Mercedes-Benz,E-Class E 350 4MATIC,2022,"9,006 mi.",Gasoline,255.0HP 2.0L 4 Cylinder Engine Gasoline Fuel,9-Speed A/T,Black,Black,None reported,Yes,56999,4,True,315,True,Premium
Toyota,GR86 Base,2022,"13,400 mi.",Gasoline,228.0HP 2.4L 4 Cylinder Engine Gasoline Fuel,6-Speed A/T,Silver,Black,None reported,Yes,33499,4,True,199,False,Mid-Range
Porsche,Macan S,2020,"28,570 mi.",Gasoline,3.0 Liter Turbo,Automatic,White,Black,None reported,Yes,55998,6,True,201,True,Premium
Dodge,Durango SRT,2018,"78,000 mi.",Gasoline,475.0HP 6.4L 8 Cylinder Engine Gasoline Fuel,Transmission w/Dual Shift Mode,White,Black,At least 1 accident or damage reported,Yes,44700,8,True,90,False,Premium
Lexus,LX 570 Base,2013,"134,000 mi.",Gasoline,383.0HP 5.7L 8 Cylinder Engine Gasoline Fuel,A/T,Gray,Black,At least 1 accident or damage reported,Yes,29995,13,False,163,True,Mid-Range
Kia,Optima Hybrid EX,2013,"104,994 mi.",Hybrid,199.0HP 2.4L 4 Cylinder Engine Gas/Electric Hybrid,6-Speed A/T,Black,Beige,None reported,Yes,9000,13,False,76,False,Budget
Bentley,Continental GT V8 S,2016,"31,500 mi.",Gasoline,521.0HP 4.0L 8 Cylinder Engine Gasoline Fuel,8-Speed A/T,Black,Beige,None reported,Yes,103900,10,True,33,False,Premium
Alfa,Romeo Giulia Base,2020,"30,000 mi.",Gasoline,280.0HP 2.0L 4 Cylinder Engine Gasoline Fuel,8-Speed A/T,Black,–,None reported,Yes,28900,6,False,19,False,Mid-Range
Lexus,LX 600 F SPORT,2023,490 mi.,Gasoline,409.0HP 3.4L V6 Cylinder Engine Gasoline Fuel,A/T,Black,Black,None reported,Yes,124999,3,True,163,True,Premium
Porsche,Taycan Turbo,2020,"18,000 mi.",Gasoline,616.0HP Electric Motor Electric Fuel System,A/T,Silver,Black,None reported,Yes,105000,6,True,201,True,Premium
Toyota,Sequoia Limited,2017,"67,000 mi.",E85 Flex Fuel,381.0HP 5.7L 8 Cylinder Engine Flex Fuel Capability,6-Speed A/T,Silver,Gray,None reported,Yes,37999,9,True,199,False,Mid-Range
Kia,K5 EX,2021,"8,263 mi.",Gasoline,180.0HP 1.6L 4 Cylinder Engine Gasoline Fuel,A/T,Gray,White,None reported,Yes,29000,5,False,76,False,Mid-Range
RAM,1500 Big Horn,2021,"35,003 mi.",Gasoline,5.7L V8 16V MPFI OHV,8-Speed Automatic,Bright White Clearcoat,Diesel Gray / Black,None reported,Yes,40999,5,True,91,False,Mid-Range
Chevrolet,Corvette Base,2008,"80,000 mi.",Gasoline,430.0HP 6.2L 8 Cylinder Engine Gasoline Fuel,6-Speed A/T,Red,Beige,None reported,Yes,31000,18,False,292,False,Mid-Range
Chevrolet,Corvette Stingray w/1LT,2022,"6,200 mi.",Gasoline,490.0HP 6.2L 8 Cylinder Engine Gasoline Fuel,Transmission w/Dual Shift Mode,Brown,Black,None reported,Yes,99999,4,True,292,False,Premium
Jaguar,F-TYPE S,2014,"74,595 mi.",Gasoline,495.0HP 5.0L 8 Cylinder Engine Gasoline Fuel,8-Speed A/T,Green,Black,At least 1 accident or damage reported,Yes,32450,12,True,47,True,Mid-Range
Audi,A7 3.0T Prestige,2013,"87,066 mi.",Gasoline,310.0HP 3.0L V6 Cylinder Engine Gasoline Fuel,8-Speed A/T,Silver,Black,None reported,Yes,20999,13,False,200,True,Budget
Audi,Q8 3.0T Prestige,2019,"38,360 mi.",Gasoline,3.0L V6 24V GDI DOHC Turbo,8-Speed Automatic,Orca Black Metallic,Black,None reported,Yes,49936,7,True,200,True,Premium
Kia,Telluride SX,2020,"38,000 mi.",Gasoline,291.0HP 3.8L V6 Cylinder Engine Gasoline Fuel,8-Speed A/T,Green,Beige,None reported,Yes,41999,6,True,76,False,Mid-Range
Toyota,Camry Hybrid XLE,2018,"69,641 mi.",Hybrid,208.0HP 2.5L 4 Cylinder Engine Gas/Electric Hybrid,CVT Transmission,White,Black,At least 1 accident or damage reported,Yes,23995,8,False,199,False,Mid-Range
Toyota,GR86 Premium,2022,"1,275 mi.",Gasoline,228.0HP 2.4L 4 Cylinder Engine Gasoline Fuel,6-Speed A/T,Blue,Black,None reported,Yes,47999,4,True,199,False,Premium
BMW,M3 Base,2001,"60,000 mi.",Gasoline,333.0HP 3.2L Straight 6 Cylinder Engine Gasoline Fuel,6-Speed M/T,Black,Gray,None reported,Yes,25000,25,False,375,True,Mid-Range
Jeep,Wrangler Rubicon,2014,"99,450 mi.",Gasoline,285.0HP 3.6L V6 Cylinder Engine Gasoline Fuel,6-Speed M/T,Gray,Black,None reported,Yes,21000,12,False,143,False,Budget
Toyota,Tundra Hybrid Capstone,2023,200 mi.,Hybrid,437.0HP 3.4L V6 Cylinder Engine Gas/Electric Hybrid,10-Speed A/T,Blue,White,None reported,Yes,82500,3,True,199,False,Premium
Porsche,Panamera 4 Edition,2016,"68,000 mi.",Gasoline,310.0HP 3.6L V6 Cylinder Engine Gasoline Fuel,Transmission w/Dual Shift Mode,Gray,Black,At least 1 accident or damage reported,Yes,32950,10,True,201,True,Mid-Range
Lexus,GS 350 Base,2010,"212,000 mi.",Gasoline,303.0HP 3.5L V6 Cylinder Engine Gasoline Fuel,A/T,Gray,Black,At least 1 accident or damage reported,Yes,9450,16,False,163,True,Budget
GMC,Sierra 3500 Denali,2019,"73,091 mi.",Diesel,445.0HP 6.6L 8 Cylinder Engine Diesel Fuel,A/T,White,Black,At least 1 accident or damage reported,Yes,58500,7,True,91,False,Premium
Kia,Niro Plug-In Hybrid EX,2023,"9,400 mi.",Plug-In Hybrid,180.0HP 1.6L 4 Cylinder Engine Plug-In Electric/Gas,A/T,Black,Black,None reported,Yes,31500,3,True,76,False,Mid-Range
Porsche,Cayenne Base,2014,"117,697 mi.",Gasoline,300.0HP 3.6L V6 Cylinder Engine Gasoline Fuel,8-Speed A/T,Black,Black,At least 1 accident or damage reported,Yes,16975,12,False,201,True,Budget
Mercedes-Benz,S-Class S 65 AMG,2015,"95,428 mi.",Gasoline,621.0HP 6.0L 12 Cylinder Engine Gasoline Fuel,A/T,Silver,Silver,None reported,Yes,55000,11,True,315,True,Premium
Lexus,GX 460 Premium,2017,"116,300 mi.",Gasoline,301.0HP 4.6L 8 Cylinder Engine Gasoline Fuel,6-Speed A/T,Gray,Beige,None reported,Yes,31950,9,True,163,True,Mid-Range
Acura,MDX Sport Hybrid 3.0L w/Technology Package,2019,"56,778 mi.",Hybrid,321.0HP 3.0L V6 Cylinder Engine Gas/Electric Hybrid,7-Speed A/T,Black,Black,None reported,Yes,41899,7,True,64,False,Mid-Range
Audi,Q5 S line Premium Plus,2023,"5,682 mi.",Hybrid,2.0 Liter TFSI,Automatic,Chronos Gray,Gray,None reported,Yes,48698,3,True,200,True,Premium
BMW,530 i,2017,"37,000 mi.",Gasoline,248.0HP 2.0L 4 Cylinder Engine Gasoline Fuel,A/T,Gray,Black,None reported,Yes,31000,9,False,375,True,Mid-Range
Kia,Forte Koup EX,2015,"103,748 mi.",Gasoline,173.0HP 2.0L 4 Cylinder Engine Gasoline Fuel,A/T,Gray,Gray,None reported,Yes,8500,11,False,76,False,Budget
Toyota,Sequoia Limited,2005,"86,000 mi.",Gasoline,282.0HP 4.7L 8 Cylinder Engine Gasoline Fuel,A/T,Silver,–,None reported,Yes,22500,21,False,199,False,Mid-Range
Land,Rover LR4 HSE,2013,"125,900 mi.",Gasoline,375.0HP 5.0L 8 Cylinder Engine Gasoline Fuel,A/T,Black,Beige,None reported,Yes,21000,13,False,130,True,Budget
Nissan,Titan SV,2023,"6,200 mi.",Gasoline,400.0HP 5.6L 8 Cylinder Engine Gasoline Fuel,9-Speed A/T,Black,Gray,None reported,Yes,48000,3,True,116,False,Premium
Ford,F-250 Lariat,2019,"85,000 mi.",Diesel,450.0HP 6.7L 8 Cylinder Engine Diesel Fuel,6-Speed A/T,Black,Black,At least 1 accident or damage reported,Yes,52500,7,True,386,False,Premium
Mercedes-Benz,AMG GT AMG GT,2017,"19,324 mi.",Gasoline,456.0HP 4.0L 8 Cylinder Engine Gasoline Fuel,Transmission w/Dual Shift Mode,Gray,Beige,None reported,Yes,75000,9,True,315,True,Premium
Cadillac,Escalade Platinum,2018,"49,273 mi.",Gasoline,420.0HP 6.2L 8 Cylinder Engine Gasoline Fuel,A/T,Red,Black,None reported,Yes,54000,8,True,107,False,Premium
Tesla,Model 3 Standard Range Plus,2019,"42,094 mi.",Gasoline,Electric Motor Electric Fuel System,A/T,White,White,None reported,Yes,32000,7,True,87,False,Mid-Range
BMW,M3 Base,2017,"44,000 mi.",Gasoline,425.0HP 3.0L Straight 6 Cylinder Engine Gasoline Fuel,7-Speed A/T,Blue,Black,None reported,Yes,55000,9,True,375,True,Premium
Chevrolet,Cruze LT,2012,"148,377 mi.",Gasoline,138.0HP 1.4L 4 Cylinder Engine Gasoline Fuel,6-Speed A/T,Blue,Black,None reported,Yes,5500,14,False,292,False,Budget
Dodge,Challenger SRT8,2010,"70,000 mi.",Gasoline,425.0HP 6.1L 8 Cylinder Engine Gasoline Fuel,6-Speed M/T,Orange,Black,None reported,Yes,22000,16,False,90,False,Mid-Range
Mercedes-Benz,Sprinter 2500,2016,"143,290 mi.",Diesel,161.0HP 2.1L 4 Cylinder Engine Diesel Fuel,A/T,White,Black,None reported,Yes,33490,10,True,315,True,Mid-Range
Ford,F-350 Platinum,2019,"69,205 mi.",Diesel,450.0HP 6.7L 8 Cylinder Engine Diesel Fuel,Transmission w/Dual Shift Mode,White,Black,None reported,Yes,73500,7,True,386,False,Premium
Chevrolet,Tahoe LTZ,2015,"123,500 mi.",Gasoline,355.0HP 5.3L 8 Cylinder Engine Gasoline Fuel,6-Speed A/T,White,Brown,None reported,Yes,25650,11,False,292,False,Mid-Range
Audi,Q7 3.0T Prestige,2018,"70,773 mi.",Gasoline,333.0HP 3.0L V6 Cylinder Engine Gasoline Fuel,A/T,White,Black,None reported,Yes,30950,8,False,200,True,Mid-Range
Jeep,Patriot Latitude,2015,"109,000 mi.",Gasoline,158.0HP 2.0L 4 Cylinder Engine Gasoline Fuel,A/T,Gray,Gray,At least 1 accident or damage reported,Yes,7599,11,False,143,False,Budget
INFINITI,QX70 Base,2014,"71,097 mi.",Gasoline,325.0HP 3.7L V6 Cylinder Engine Gasoline Fuel,7-Speed A/T,Black,Black,None reported,Yes,18995,12,False,59,False,Budget
BMW,X5 xDrive35i,2013,"76,309 mi.",Gasoline,300.0HP 3.0L Straight 6 Cylinder Engine Gasoline Fuel,A/T,Silver,Black,None reported,Yes,12000,13,False,375,True,Budget
Tesla,Model 3,2018,"26,609 mi.",Gasoline,Electric,Automatic,Gray,–,None reported,Yes,36998,8,True,87,False,Mid-Range
Land,Rover Range Rover P400 SE LWB 7 Seat,2023,"4,126 mi.",Hybrid,395.0HP 3.0L Straight 6 Cylinder Engine Gasoline/Mild Electric Hybrid,A/T,Black,Beige,None reported,Yes,155000,3,True,130,True,Premium
Nissan,240SX Base,1996,"160,490 mi.",–,–,5-Speed M/T,Gray,Black,None reported,Yes,15500,30,False,116,False,Budget
Cadillac,ATS 2.5L,2014,"80,400 mi.",Gasoline,202.0HP 2.5L 4 Cylinder Engine Gasoline Fuel,A/T,Silver,Black,At least 1 accident or damage reported,Yes,15000,12,False,107,False,Budget
Toyota,RAV4 Base,2010,"123,620 mi.",Gasoline,179.0HP 2.5L 4 Cylinder Engine Gasoline Fuel,4-Speed A/T,Black,Black,At least 1 accident or damage reported,Yes,9900,16,False,199,False,Budget
Acura,TSX Technology,2011,"187,883 mi.",Gasoline,201.0HP 2.4L 4 Cylinder Engine Gasoline Fuel,A/T,Red,Beige,None reported,Yes,5500,15,False,64,False,Budget
Mercedes-Benz,G-Class G 550 4MATIC,2020,"45,000 mi.",Gasoline,416.0HP 4.0L 8 Cylinder Engine Gasoline Fuel,A/T,Black,Black,None reported,Yes,133000,6,True,315,True,Premium
Honda,Civic Sport,2022,"25,420 mi.",Gasoline,158.0HP 2.0L 4 Cylinder Engine Gasoline Fuel,CVT Transmission,Red,Gray,None reported,Yes,24500,4,False,63,False,Mid-Range
BMW,M3 Base,2011,"129,999 mi.",Gasoline,414.0HP 4.0L 8 Cylinder Engine Gasoline Fuel,6-Speed M/T,White,Black,None reported,Yes,29999,15,False,375,True,Mid-Range
BMW,M3 Base,2008,"41,048 mi.",Gasoline,414.0HP 4.0L 8 Cylinder Engine Gasoline Fuel,Transmission w/Dual Shift Mode,Gray,Beige,None reported,Yes,38490,18,True,375,True,Mid-Range
Nissan,Cube 1.8 S,2010,"72,500 mi.",Gasoline,122.0HP 1.8L 4 Cylinder Engine Gasoline Fuel,6-Speed M/T,Brown,Black,None reported,Yes,6750,16,False,116,False,Budget
RAM,ProMaster 3500 Tradesman,2014,"143,390 mi.",Gasoline,280.0HP 3.6L V6 Cylinder Engine Gasoline Fuel,6-Speed A/T,White,–,None reported,Yes,13000,12,False,91,False,Budget
Acura,RDX Base,2018,"68,425 mi.",Gasoline,279.0HP 3.5L V6 Cylinder Engine Gasoline Fuel,6-Speed A/T,Gray,–,At least 1 accident or damage reported,Yes,23500,8,False,64,False,Mid-Range
Toyota,4Runner Limited,2018,"95,000 mi.",Gasoline,270.0HP 4.0L V6 Cylinder Engine Gasoline Fuel,A/T,Silver,Brown,None reported,Yes,33000,8,True,199,False,Mid-Range
RAM,1500 Limited,2019,"29,000 mi.",Gasoline,395.0HP 5.7L 8 Cylinder Engine Gasoline Fuel,8-Speed A/T,Gray,Black,At least 1 accident or damage reported,Yes,49500,7,True,91,False,Premium
Chevrolet,Corvette Base,2003,"145,000 mi.",Gasoline,350.0HP 5.7L 8 Cylinder Engine Gasoline Fuel,A/T,Blue,Black,None reported,Yes,22000,23,False,292,False,Mid-Range
Land,Rover Defender 110 SE,2020,"29,700 mi.",Hybrid,395.0HP 3.0L Straight 6 Cylinder Engine Gasoline/Mild Electric Hybrid,8-Speed A/T,Green,Black,None reported,Yes,68000,6,True,130,True,Premium
Jeep,Grand Cherokee Laredo,2011,"98,658 mi.",Gasoline,360.0HP 5.7L 8 Cylinder Engine Gasoline Fuel,5-Speed A/T,White,Gray,None reported,Yes,14995,15,False,143,False,Budget
Volvo,S80 T6,2009,"97,615 mi.",Gasoline,281.0HP 3.0L Straight 6 Cylinder Engine Gasoline Fuel,6-Speed A/T,Black,Gray,None reported,Yes,10500,17,False,38,False,Budget
Porsche,Cayenne S,2014,"36,000 mi.",Gasoline,400.0HP 4.8L 8 Cylinder Engine Gasoline Fuel,8-Speed A/T,Black,Beige,None reported,Yes,37000,12,True,201,True,Mid-Range
Mazda,CX-30 Select,2021,"61,874 mi.",Gasoline,2.5L I4 16V GDI DOHC,6-Speed Automatic,Jet Black Mica,Black,None reported,Yes,22389,5,False,64,False,Mid-Range
Chrysler,Town & Country Touring,2012,"74,582 mi.",E85 Flex Fuel,283.0HP 3.6L V6 Cylinder Engine Flex Fuel Capability,6-Speed A/T,Black,–,None reported,Yes,8500,14,False,28,False,Budget
INFINITI,FX37 Base,2013,"51,500 mi.",Gasoline,325.0HP 3.7L V6 Cylinder Engine Gasoline Fuel,A/T,Gray,Black,None reported,Yes,23900,13,False,59,False,Mid-Range
Toyota,FJ Cruiser Base,2007,"193,827 mi.",Gasoline,239.0HP 4.0L V6 Cylinder Engine Gasoline Fuel,A/T,Silver,Black,None reported,Yes,14950,19,False,199,False,Budget
Chevrolet,Silverado 1500 LT,2019,"53,433 mi.",Gasoline,355.0HP 5.3L 8 Cylinder Engine Gasoline Fuel,A/T,Blue,Gray,None reported,Yes,36950,7,True,292,False,Mid-Range
Mercedes-Benz,C-Class C 63 AMG,2012,"103,000 mi.",Gasoline,451.0HP 6.3L 8 Cylinder Engine Gasoline Fuel,7-Speed A/T,Silver,Black,At least 1 accident or damage reported,Yes,40000,14,True,315,True,Mid-Range
BMW,428 Gran Coupe i xDrive,2016,"59,000 mi.",Gasoline,240.0HP 2.0L 4 Cylinder Engine Gasoline Fuel,Transmission w/Dual Shift Mode,Black,Brown,At least 1 accident or damage reported,Yes,20999,10,False,375,True,Budget
Lexus,GX 460 Premium,2017,"82,000 mi.",Gasoline,301.0HP 4.6L 8 Cylinder Engine Gasoline Fuel,A/T,Gray,Brown,None reported,Yes,32900,9,True,163,True,Mid-Range
Porsche,Panamera Edition,2016,"60,000 mi.",Gasoline,310.0HP 3.6L V6 Cylinder Engine Gasoline Fuel,A/T,Gray,Black,None reported,Yes,45000,10,True,201,True,Premium
Cadillac,Escalade ESV Platinum,2017,"93,971 mi.",Gasoline,420.0HP 6.2L 8 Cylinder Engine Gasoline Fuel,A/T,White,Beige,None reported,Yes,47000,9,True,107,False,Premium
Lexus,IS 350 Base,2015,"62,600 mi.",Gasoline,306.0HP 3.5L V6 Cylinder Engine Gasoline Fuel,Transmission w/Dual Shift Mode,Gray,Red,None reported,Yes,27500,11,False,163,True,Mid-Range
Mercedes-Benz,E-Class E 350 4MATIC,2014,"84,450 mi.",Gasoline,302.0HP 3.5L V6 Cylinder Engine Gasoline Fuel,7-Speed A/T,Gray,Beige,None reported,Yes,19000,12,False,315,True,Budget
Audi,Q5 S line Premium,2022,"18,099 mi.",Hybrid,2.0 Liter TFSI,Automatic,Daytona Gray,Gray,None reported,Yes,40798,4,True,200,True,Mid-Range
Mercedes-Benz,E-Class E 350 4MATIC,2014,"76,500 mi.",Gasoline,302.0HP 3.5L V6 Cylinder Engine Gasoline Fuel,7-Speed A/T,Silver,Black,None reported,Yes,17999,12,False,315,True,Budget
Chevrolet,Camaro 1LT,2017,"74,000 mi.",Gasoline,275.0HP 2.0L 4 Cylinder Engine Gasoline Fuel,A/T,Yellow,Black,None reported,Yes,19800,9,False,292,False,Budget
RAM,1500 Laramie,2022,"15,607 mi.",Gasoline,5.7L V8 16V MPFI OHV,8-Speed Automatic,Billet Silver Metallic Clearcoat,Black,None reported,Yes,45999,4,True,91,False,Premium
Chevrolet,Silverado 1500 1LZ,2014,"111,095 mi.",E85 Flex Fuel,355.0HP 5.3L 8 Cylinder Engine Flex Fuel Capability,6-Speed A/T,White,Black,At least 1 accident or damage reported,Yes,26000,12,False,292,False,Mid-Range
Toyota,Camry Solara SLE,2007,"37,216 mi.",Gasoline,210.0HP 3.3L V6 Cylinder Engine Gasoline Fuel,A/T,Red,Beige,At least 1 accident or damage reported,Yes,14995,19,False,199,False,Budget
Jaguar,F-TYPE S,2015,"25,786 mi.",Gasoline,380.0HP 3.0L V6 Cylinder Engine Gasoline Fuel,8-Speed A/T,Blue,Gray,None reported,Yes,38500,11,True,47,True,Mid-Range
Jeep,Gladiator Sport,2021,"15,520 mi.",Gasoline,3.6L V6 24V MPFI DOHC,8-Speed Automatic,Sting Gray Clearcoat,Black,None reported,Yes,40459,5,True,143,False,Mid-Range
RAM,1500 Big Horn,2021,"49,583 mi.",Gasoline,5.7L V8 16V MPFI OHV,8-Speed Automatic,Billet Silver Metallic Clearcoat,Black,None reported,Yes,42816,5,True,91,False,Premium
Porsche,Cayenne Diesel,2015,"97,300 mi.",Diesel,240.0HP 3.0L V6 Cylinder Engine Diesel Fuel,8-Speed A/T,Black,Black,None reported,Yes,29995,11,False,201,True,Mid-Range
Chevrolet,Camaro Base,2002,"89,000 mi.",Gasoline,200.0HP 3.8L V6 Cylinder Engine Gasoline Fuel,A/T,Silver,Black,None reported,Yes,10400,24,False,292,False,Budget
Porsche,Cayenne S,2015,"52,111 mi.",Gasoline,420.0HP 3.6L V6 Cylinder Engine Gasoline Fuel,8-Speed A/T,Black,Black,At least 1 accident or damage reported,Yes,37500,11,True,201,True,Mid-Range
Dodge,Challenger R/T Scat Pack,2019,"75,800 mi.",Gasoline,6.4 Liter,Automatic,Gray,Black,None reported,Yes,35998,7,True,90,False,Mid-Range
Lexus,ES 350 Base,2010,"113,500 mi.",Gasoline,272.0HP 3.5L V6 Cylinder Engine Gasoline Fuel,A/T,Red,Beige,At least 1 accident or damage reported,Yes,11000,16,False,163,True,Budget
Audi,Q3 2.0T Premium Plus,2015,"155,382 mi.",Gasoline,200.0HP 2.0L 4 Cylinder Engine Gasoline Fuel,A/T,Brown,Gray,At least 1 accident or damage reported,Yes,13500,11,False,200,True,Budget
Mercedes-Benz,E-Class E 550,2016,"49,643 mi.",Gasoline,402.0HP 4.7L 8 Cylinder Engine Gasoline Fuel,7-Speed A/T,White,Black,At least 1 accident or damage reported,Yes,33995,10,True,315,True,Mid-Range
BMW,650 i xDrive,2015,"76,474 mi.",Gasoline,445.0HP 4.4L 8 Cylinder Engine Gasoline Fuel,Transmission w/Dual Shift Mode,White,Black,None reported,Yes,32000,11,True,375,True,Mid-Range
Porsche,Cayman Base,2016,"10,431 mi.",Gasoline,275.0HP 2.7L Flat 6 Cylinder Engine Gasoline Fuel,7-Speed A/T,Red,Black,None reported,Yes,50999,10,True,201,True,Premium
INFINITI,FX50 Base,2009,"190,120 mi.",Gasoline,390.0HP 5.0L 8 Cylinder Engine Gasoline Fuel,7-Speed A/T,Gray,Black,At least 1 accident or damage reported,Yes,12500,17,False,59,False,Budget
Ford,F-150 XLT,2020,"92,000 mi.",Gasoline,375.0HP 3.5L V6 Cylinder Engine Gasoline Fuel,10-Speed A/T,Gray,Black,None reported,Yes,29999,6,False,386,False,Mid-Range
Chevrolet,Camaro 2LT,2017,"24,000 mi.",Gasoline,335.0HP 3.6L V6 Cylinder Engine Gasoline Fuel,6-Speed M/T,Yellow,Black,None reported,Yes,32000,9,True,292,False,Mid-Range
RAM,1500 Big Horn,2020,"25,396 mi.",Gasoline,5.7L V8 16V MPFI OHV,8-Speed Automatic,Maximum Steel Metallic,Black,None reported,Yes,43250,6,True,91,False,Premium
Chevrolet,Silverado 2500 H/D,2001,"167,000 mi.",Gasoline,300.0HP 6.0L 8 Cylinder Engine Gasoline Fuel,4-Speed A/T,White,Gray,At least 1 accident or damage reported,Yes,6500,25,False,292,False,Budget
RAM,1500 Laramie,2022,"18,645 mi.",Gasoline,5.7L V8 16V MPFI OHV,Automatic,Diamond Black,Black,None reported,Yes,49700,4,True,91,False,Premium
Porsche,911 Turbo,2018,"28,470 mi.",Gasoline,540.0HP 3.8L Flat 6 Cylinder Engine Gasoline Fuel,Transmission w/Dual Shift Mode,White,Black,At least 1 accident or damage reported,Yes,147500,8,True,201,True,Premium
Ford,Mustang V6,2016,"54,000 mi.",Gasoline,300.0HP 3.7L V6 Cylinder Engine Gasoline Fuel,6-Speed A/T,White,Black,None reported,Yes,23999,10,False,386,False,Mid-Range
Hyundai,Accent GL,2003,"83,000 mi.",Gasoline,104.0HP 1.6L 4 Cylinder Engine Gasoline Fuel,M/T,Blue,Gray,None reported,Yes,2900,23,False,72,False,Budget
Audi,Q5 S line Premium Plus,2022,"10,071 mi.",Hybrid,2.0 Liter TFSI,Automatic,Mythos Black Metallic,Black,None reported,Yes,40598,4,True,200,True,Mid-Range
Ford,F-150 XLT,2021,"43,329 mi.",Gasoline,3.5L V6 24V PDI DOHC Twin Turbo,10-Speed Automatic,Carbonized Gray Metallic,Black,None reported,Yes,43642,5,True,386,False,Premium
Lexus,RC F Base,2015,"51,400 mi.",Gasoline,467.0HP 5.0L 8 Cylinder Engine Gasoline Fuel,8-Speed A/T,Silver,Gray,None reported,Yes,43000,11,True,163,True,Premium
Chevrolet,Suburban 1500 LT,2015,"153,800 mi.",E85 Flex Fuel,355.0HP 5.3L 8 Cylinder Engine Flex Fuel Capability,6-Speed A/T,Silver,Black,At least 1 accident or damage reported,Yes,23000,11,False,292,False,Mid-Range
Land,Rover Range Rover Sport SVR Carbon Edition,2022,"9,000 mi.",Gasoline,575.0HP 5.0L 8 Cylinder Engine Gasoline Fuel,A/T,Green,Gray,None reported,Yes,115000,4,True,130,True,Premium
Dodge,Viper SRT-10,2003,"10,800 mi.",Gasoline,500.0HP 8.3L 10 Cylinder Engine Gasoline Fuel,6-Speed M/T,Silver,Black,None reported,Yes,65499,23,True,90,False,Premium
RAM,1500 Laramie,2020,"10,458 mi.",Gasoline,5.7L V8 16V MPFI OHV,8-Speed Automatic,Delmonico Red Pearlcoat,Black,None reported,Yes,48815,6,True,91,False,Premium
BMW,328 i,2014,"84,709 mi.",Gasoline,240.0HP 2.0L 4 Cylinder Engine Gasoline Fuel,8-Speed A/T,Silver,Gray,None reported,Yes,13800,12,False,375,True,Budget
Mercedes-Benz,AMG C 43 AMG C 43 4MATIC,2019,"33,500 mi.",Gasoline,385.0HP 3.0L V6 Cylinder Engine Gasoline Fuel,9-Speed A/T,Red,Black,None reported,Yes,45770,7,True,315,True,Premium
BMW,M4 Base,2015,"98,000 mi.",Gasoline,425.0HP 3.0L Straight 6 Cylinder Engine Gasoline Fuel,Transmission w/Dual Shift Mode,Black,Orange,None reported,Yes,32999,11,True,375,True,Mid-Range
BMW,750 i,2008,"94,653 mi.",Gasoline,360.0HP 4.8L 8 Cylinder Engine Gasoline Fuel,A/T,Green,Green,At least 1 accident or damage reported,Yes,7300,18,False,375,True,Budget
Ford,Expedition Limited,2023,"9,281 mi.",Gasoline,440.0HP 3.5L V6 Cylinder Engine Gasoline Fuel,A/T,Black,Black,None reported,Yes,85000,3,True,386,False,Premium
Chevrolet,Traverse Premier,2023,"11,806 mi.",Gasoline,310.0HP 3.6L V6 Cylinder Engine Gasoline Fuel,9-Speed A/T,White,Black,None reported,Yes,47000,3,True,292,False,Premium
Mercedes-Benz,E-Class D 2.5 Turbo,1993,"70,015 mi.",–,–,4-Speed A/T,Gray,Gray,None reported,Yes,22500,33,False,315,True,Mid-Range
Cadillac,Escalade Platinum,2020,"48,613 mi.",Gasoline,420.0HP 6.2L 8 Cylinder Engine Gasoline Fuel,A/T,Black,Black,At least 1 accident or damage reported,Yes,61500,6,True,107,False,Premium
RAM,3500 Tradesman,2023,"2,990 mi.",Diesel,400.0HP 6.7L Straight 6 Cylinder Engine Diesel Fuel,A/T,White,Black,At least 1 accident or damage reported,Yes,69900,3,True,91,False,Premium
Audi,TT 1.8L,2005,"124,747 mi.",Gasoline,180.0HP 1.8L 4 Cylinder Engine Gasoline Fuel,Transmission w/Dual Shift Mode,Silver,Black,None reported,Yes,6900,21,False,200,True,Budget
RAM,1500 Big Horn,2021,"24,000 mi.",Hybrid,395.0HP 5.7L 8 Cylinder Engine Gasoline/Mild Electric Hybrid,A/T,Silver,Black,None reported,Yes,42000,5,True,91,False,Mid-Range
Mazda,CX-7 Sport,2009,"113,000 mi.",Gasoline,244.0HP 2.3L 4 Cylinder Engine Gasoline Fuel,6-Speed A/T,Gray,Black,None reported,Yes,5499,17,False,64,False,Budget
INFINITI,QX60 Base,2017,"89,106 mi.",Gasoline,295.0HP 3.5L V6 Cylinder Engine Gasoline Fuel,Transmission w/Dual Shift Mode,White,Beige,None reported,Yes,18000,9,False,59,False,Budget
Ford,F-250 Platinum,2017,"22,000 mi.",E85 Flex Fuel,385.0HP 6.2L 8 Cylinder Engine Flex Fuel Capability,6-Speed A/T,Beige,Black,At least 1 accident or damage reported,Yes,53000,9,True,386,False,Premium
Jeep,Compass Limited,2022,"20,472 mi.",Gasoline,2.4L I4 16V MPFI SOHC,9-Speed Automatic,Red,Black,None reported,Yes,28298,4,False,143,False,Mid-Range
INFINITI,QX80 SENSORY,2023,"8,600 mi.",Gasoline,400.0HP 5.6L 8 Cylinder Engine Gasoline Fuel,7-Speed A/T,Black,Brown,None reported,Yes,78990,3,True,59,False,Premium
Chevrolet,Silverado 1500 Limited LT Trail Boss,2022,"4,753 mi.",Gasoline,355.0HP 5.3L 8 Cylinder Engine Gasoline Fuel,10-Speed A/T,White,Black,None reported,Yes,57000,4,True,292,False,Premium
Hyundai,Genesis Coupe 2.0T,2010,"65,000 mi.",Gasoline,210.0HP 2.0L 4 Cylinder Engine Gasoline Fuel,A/T,Gray,Black,None reported,Yes,8900,16,False,72,False,Budget
Chevrolet,Camaro 1SS,2021,"15,000 mi.",Gasoline,455.0HP 6.2L 8 Cylinder Engine Gasoline Fuel,6-Speed M/T,Blue,Gray,None reported,Yes,43500,5,True,292,False,Premium
Chevrolet,Tahoe Base,1997,"229,000 mi.",Diesel,180.0HP 6.5L 8 Cylinder Engine Diesel Fuel,A/T,Green,Beige,At least 1 accident or damage reported,Yes,19500,29,False,292,False,Budget
Audi,A6 3.0 TDI Premium Plus,2014,"42,400 mi.",Diesel,240.0HP 3.0L V6 Cylinder Engine Diesel Fuel,8-Speed A/T,Silver,Black,None reported,Yes,26500,12,False,200,True,Mid-Range
Land,Rover Defender S,2023,"15,840 mi.",Gasoline,296.0HP 2.0L 4 Cylinder Engine Gasoline Fuel,8-Speed A/T,White,Black,None reported,Yes,69900,3,True,130,True,Premium
Porsche,Cayenne S,2016,"76,200 mi.",Gasoline,420.0HP 3.6L V6 Cylinder Engine Gasoline Fuel,Transmission w/Dual Shift Mode,Gray,Beige,None reported,Yes,42000,10,True,201,True,Mid-Range
Chevrolet,Suburban Premier,2019,"105,667 mi.",Gasoline,355.0HP 5.3L 8 Cylinder Engine Gasoline Fuel,6-Speed A/T,Black,Beige,None reported,Yes,39000,7,True,292,False,Mid-Range
Chevrolet,Suburban Premier,2019,"51,338 mi.",Gasoline,355.0HP 5.3L 8 Cylinder Engine Gasoline Fuel,6-Speed A/T,White,Black,None reported,Yes,49900,7,True,292,False,Premium
Dodge,Dart SE,2016,"76,857 mi.",Gasoline,160.0HP 2.0L 4 Cylinder Engine Gasoline Fuel,M/T,Black,Black,At least 1 accident or damage reported,Yes,8100,10,False,90,False,Budget
Ford,F-250 Lariat,2019,"80,200 mi.",E85 Flex Fuel,385.0HP 6.2L 8 Cylinder Engine Flex Fuel Capability,A/T,White,Black,None reported,Yes,42500,7,True,386,False,Mid-Range
Toyota,Sequoia SR5,2002,"244,200 mi.",Gasoline,240.0HP 4.7L 8 Cylinder Engine Gasoline Fuel,A/T,White,–,At least 1 accident or damage reported,Yes,3950,24,False,199,False,Budget
Ford,Mustang GT,2014,"38,560 mi.",Gasoline,420.0HP 5.0L 8 Cylinder Engine Gasoline Fuel,6-Speed M/T,Black,Black,At least 1 accident or damage reported,Yes,28500,12,False,386,False,Mid-Range
Chevrolet,Corvette Stingray w/2LT,2020,"12,500 mi.",Gasoline,490.0HP 6.2L 8 Cylinder Engine Gasoline Fuel,Transmission w/Dual Shift Mode,Yellow,Black,None reported,Yes,84999,6,True,292,False,Premium
Hyundai,Genesis Coupe 3.8 Base,2016,"45,303 mi.",Gasoline,348.0HP 3.8L V6 Cylinder Engine Gasoline Fuel,8-Speed A/T,White,Black,None reported,Yes,20999,10,False,72,False,Budget
Ford,Focus ST Base,2014,"110,000 mi.",Gasoline,252.0HP 2.0L 4 Cylinder Engine Gasoline Fuel,6-Speed M/T,Silver,Gray,None reported,Yes,9495,12,False,386,False,Budget
Cadillac,CTS Luxury,2011,"66,200 mi.",Gasoline,270.0HP 3.0L V6 Cylinder Engine Gasoline Fuel,6-Speed A/T,Black,Black,None reported,Yes,16499,15,False,107,False,Budget
Subaru,Baja Base,2003,"71,000 mi.",Gasoline,165.0HP 2.5L 4 Cylinder Engine Gasoline Fuel,5-Speed M/T,Red,Black,None reported,Yes,14900,23,False,64,False,Budget
Toyota,Highlander XLE,2019,"81,301 mi.",Gasoline,3.5L V6 24V PDI DOHC,8-Speed Automatic,Black,Black,None reported,Yes,30275,7,False,199,False,Mid-Range
Chevrolet,Corvette Stingray Z51,2019,"7,033 mi.",Gasoline,460.0HP 6.2L 8 Cylinder Engine Gasoline Fuel,8-Speed A/T,White,Black,None reported,Yes,63900,7,True,292,False,Premium
Dodge,Durango SRT,2020,"36,000 mi.",Gasoline,475.0HP 6.4L 8 Cylinder Engine Gasoline Fuel,8-Speed A/T,Gray,Red,None reported,Yes,62000,6,True,90,False,Premium
Acura,TSX 2.4,2010,"116,000 mi.",Gasoline,201.0HP 2.4L 4 Cylinder Engine Gasoline Fuel,6-Speed M/T,Silver,Black,At least 1 accident or damage reported,Yes,9000,16,False,64,False,Budget
Chevrolet,Camaro 2SS,2018,"42,780 mi.",Gasoline,455.0HP 6.2L 8 Cylinder Engine Gasoline Fuel,Transmission w/Dual Shift Mode,Black,Black,At least 1 accident or damage reported,Yes,41100,8,True,292,False,Mid-Range
BMW,640 Gran Coupe i,2014,"39,886 mi.",Gasoline,315.0HP 3.0L Straight 6 Cylinder Engine Gasoline Fuel,Transmission w/Dual Shift Mode,Black,Red,At least 1 accident or damage reported,Yes,26000,12,False,375,True,Mid-Range
Audi,S5 3.0T Premium Plus,2014,"151,400 mi.",Gasoline,333.0HP 3.0L V6 Cylinder Engine Gasoline Fuel,Transmission w/Dual Shift Mode,Gray,Black,None reported,Yes,15400,12,False,200,True,Budget
Alfa,Romeo Giulia Base,2017,"48,000 mi.",Gasoline,280.0HP 2.0L 4 Cylinder Engine Gasoline Fuel,A/T,Red,Black,None reported,Yes,20500,9,False,19,False,Budget
Toyota,Highlander XLE,2023,"8,727 mi.",Gasoline,2.4L I4 16V PDI DOHC Turbo,8-Speed Automatic,Ruby Flare Pearl,Black,None reported,Yes,44596,3,True,199,False,Premium
Rolls-Royce,Ghost Base,2011,"79,000 mi.",Gasoline,563.0HP 6.6L 12 Cylinder Engine Gasoline Fuel,8-Speed A/T,Black,White,At least 1 accident or damage reported,Yes,80300,15,True,11,False,Premium
Dodge,Challenger R/T,2020,"54,000 mi.",Gasoline,372.0HP 5.7L 8 Cylinder Engine Gasoline Fuel,8-Speed A/T,Gray,Black,None reported,Yes,34000,6,True,90,False,Mid-Range
Porsche,Cayenne Base,2016,"110,000 mi.",Gasoline,300.0HP 3.6L V6 Cylinder Engine Gasoline Fuel,A/T,White,White,At least 1 accident or damage reported,Yes,25900,10,False,201,True,Mid-Range
Chevrolet,Bolt EV LT,2020,"49,688 mi.",Gasoline,200.0HP Electric Motor Electric Fuel System,A/T,Blue,Gray,None reported,Yes,24900,6,False,292,False,Mid-Range
Mercedes-Benz,Metris Base,2020,"14,000 mi.",Gasoline,208.0HP 2.0L 4 Cylinder Engine Gasoline Fuel,7-Speed A/T,Black,Beige,None reported,Yes,48000,6,True,315,True,Premium
Dodge,Charger SRT Hellcat Widebody,2023,"5,000 mi.",Gasoline,717.0HP 6.2L 8 Cylinder Engine Gasoline Fuel,Transmission w/Dual Shift Mode,Gray,Black,None reported,Yes,110000,3,True,90,False,Premium
Chevrolet,Silverado 1500 ZR2,2022,"11,597 mi.",Gasoline,6.2L V8 16V GDI OHV,Automatic,Silver Ice Metallic,Jet Black,None reported,Yes,68590,4,True,292,False,Premium
Mercedes-Benz,AMG S 63 Base 4MATIC,2017,"86,101 mi.",Gasoline,577.0HP 5.5L 8 Cylinder Engine Gasoline Fuel,A/T,Gray,Red,At least 1 accident or damage reported,Yes,72777,9,True,315,True,Premium
Chevrolet,Silverado 1500 LT,2017,"58,816 mi.",Gasoline,5.3L V8 16V GDI OHV,6-Speed Electronically Controlled Automatic with O,Black,Jet Black,None reported,Yes,36590,9,True,292,False,Mid-Range
Lexus,RC 350 Base,2016,"77,856 mi.",Gasoline,3.5L V6 24V PDI DOHC,6-Speed Automatic,Atomic Silver,Black,None reported,Yes,30919,10,False,163,True,Mid-Range
Lamborghini,Urus Base,2021,"20,069 mi.",Gasoline,4.0L V8 32V GDI DOHC Twin Turbo,8-Speed Automatic,Rosso Mars Metallic,Nero Ade,None reported,Yes,229900,5,True,26,False,Premium
GMC,Acadia SLE-1,2015,"115,282 mi.",Gasoline,3.6L V6 24V GDI DOHC,6-Speed Automatic,Crimson Red Tintcoat,Ebony,At least 1 accident or damage reported,Yes,12433,11,False,91,False,Budget
Porsche,911 GT3,2016,"30,700 mi.",Gasoline,475.0HP 3.8L Flat 6 Cylinder Engine Gasoline Fuel,7-Speed A/T,White,Black,None reported,Yes,138999,10,True,201,True,Premium
MINI,Cooper Base,2003,"103,726 mi.",Gasoline,115.0HP 1.6L 4 Cylinder Engine Gasoline Fuel,5-Speed M/T,Red,Gray,At least 1 accident or damage reported,Yes,5995,23,False,33,False,Budget
Mazda,MX-5 Miata Sport,2008,"39,800 mi.",Gasoline,158.0HP 2.0L 4 Cylinder Engine Gasoline Fuel,Transmission w/Dual Shift Mode,Blue,Black,None reported,Yes,13250,18,False,64,False,Budget
Toyota,4Runner TRD Off Road,2019,"79,500 mi.",Gasoline,270.0HP 4.0L V6 Cylinder Engine Gasoline Fuel,A/T,White,Black,None reported,Yes,33333,7,True,199,False,Mid-Range
Toyota,Highlander Limited,2008,"165,520 mi.",Gasoline,270.0HP 3.5L V6 Cylinder Engine Gasoline Fuel,A/T,Gray,Gray,At least 1 accident or damage reported,Yes,9000,18,False,199,False,Budget
BMW,650 Gran Coupe i,2014,"92,000 mi.",Gasoline,445.0HP 4.4L 8 Cylinder Engine Gasoline Fuel,Transmission w/Dual Shift Mode,Black,Black,At least 1 accident or damage reported,Yes,24000,12,False,375,True,Mid-Range
Hyundai,Palisade Calligraphy,2023,"1,500 mi.",Gasoline,291.0HP 3.8L V6 Cylinder Engine Gasoline Fuel,Transmission w/Dual Shift Mode,Green,Black,None reported,Yes,55000,3,True,72,False,Premium
Pontiac,Solstice GXP,2008,"38,100 mi.",Gasoline,260.0HP 2.0L 4 Cylinder Engine Gasoline Fuel,5-Speed M/T,Orange,Black,None reported,Yes,19950,18,False,15,False,Budget
Land,Rover Range Rover Evoque SE Premium,2018,"42,125 mi.",Gasoline,237.0HP 2.0L 4 Cylinder Engine Gasoline Fuel,Transmission w/Dual Shift Mode,White,Black,None reported,Yes,38999,8,True,130,True,Mid-Range
Porsche,Cayenne Diesel,2014,"86,818 mi.",Diesel,240.0HP 3.0L V6 Cylinder Engine Diesel Fuel,Transmission w/Dual Shift Mode,Silver,Black,None reported,Yes,33500,12,True,201,True,Mid-Range
BMW,M3 Competition xDrive,2023,"3,490 mi.",Gasoline,503.0HP 3.0L Straight 6 Cylinder Engine Gasoline Fuel,8-Speed A/T,Gray,Black,None reported,Yes,95580,3,True,375,True,Premium
Toyota,Avalon Limited,2008,"111,300 mi.",Gasoline,268.0HP 3.5L V6 Cylinder Engine Gasoline Fuel,Transmission w/Dual Shift Mode,Gold,Beige,None reported,Yes,7900,18,False,199,False,Budget
BMW,M3 Base,2011,"98,200 mi.",Gasoline,414.0HP 4.0L 8 Cylinder Engine Gasoline Fuel,7-Speed A/T,White,Black,None reported,Yes,27000,15,False,375,True,Mid-Range
Porsche,Panamera Base,2018,"42,500 mi.",Gasoline,330.0HP 3.0L V6 Cylinder Engine Gasoline Fuel,8-Speed A/T,Black,Beige,At least 1 accident or damage reported,Yes,53999,8,True,201,True,Premium
Jeep,Wrangler Sport,2001,"171,000 mi.",Gasoline,181.0HP 4.0L Straight 6 Cylinder Engine Gasoline Fuel,5-Speed M/T,White,Black,At least 1 accident or damage reported,Yes,15000,25,False,143,False,Budget
Honda,Passport TrailSport,2023,"11,649 mi.",Gasoline,280.0HP 3.5L V6 Cylinder Engine Gasoline Fuel,9-Speed A/T,Black,Black,None reported,Yes,39999,3,True,63,False,Mid-Range
Mercedes-Benz,SL-Class SL 550,2013,"24,933 mi.",Gasoline,429.0HP 4.6L 8 Cylinder Engine Gasoline Fuel,Transmission w/Dual Shift Mode,Silver,Red,At least 1 accident or damage reported,Yes,40250,13,True,315,True,Mid-Range
Audi,RS 4 Base,2007,"99,769 mi.",Gasoline,420.0HP 4.2L 8 Cylinder Engine Gasoline Fuel,6-Speed M/T,Gray,White,None reported,Yes,29995,19,False,200,True,Mid-Range
Toyota,Avalon Limited,2022,"16,156 mi.",Gasoline,3.5L V6 24V PDI DOHC,8-Speed Automatic,Blueprint,Graphite,None reported,Yes,39390,4,True,199,False,Mid-Range
Mercedes-Benz,E-Class E 350 4MATIC,2008,"67,250 mi.",Gasoline,268.0HP 3.5L V6 Cylinder Engine Gasoline Fuel,A/T,White,Beige,None reported,Yes,11900,18,False,315,True,Budget
GMC,Yukon Denali,2021,"30,022 mi.",Gasoline,420.0HP 6.2L 8 Cylinder Engine Gasoline Fuel,A/T,Blue,Black,At least 1 accident or damage reported,Yes,74500,5,True,91,False,Premium
Porsche,Panamera 4S,2017,"42,596 mi.",Gasoline,440.0HP 2.9L V6 Cylinder Engine Gasoline Fuel,Transmission w/Dual Shift Mode,Black,Black,None reported,Yes,78000,9,True,201,True,Premium
Ford,Explorer XLT,2021,"33,705 mi.",Gasoline,2.3L I4 16V GDI DOHC Turbo,10-Speed Automatic,White,Light Slate,At least 1 accident or damage reported,Yes,36995,5,True,386,False,Mid-Range
Land,Rover LR4 HSE LUX Landmark Edition,2016,"63,300 mi.",Gasoline,340.0HP 3.0L V6 Cylinder Engine Gasoline Fuel,8-Speed A/T,White,Brown,None reported,Yes,31000,10,False,130,True,Mid-Range
Acura,TLX Type S w/Performance Tire,2023,"4,700 mi.",Gasoline,355.0HP 3.0L V6 Cylinder Engine Gasoline Fuel,10-Speed A/T,Red,Black,None reported,Yes,52000,3,True,64,False,Premium
Toyota,Tacoma Base,2020,"27,256 mi.",Gasoline,3.5 Liter,6 Speed At/Mt,Midnight Black Metallic,Black/Gun Metal,None reported,Yes,42998,6,True,199,False,Premium
Hummer,H3 Base,2010,"107,481 mi.",Gasoline,239.0HP 3.7L 5 Cylinder Engine Gasoline Fuel,A/T,White,Black,None reported,Yes,13500,16,False,16,False,Budget
Tesla,Model 3 Long Range,2018,"61,700 mi.",Gasoline,271.0HP Electric Motor Electric Fuel System,A/T,White,Black,None reported,Yes,25900,8,False,87,False,Mid-Range
Volvo,850 Turbo,1995,"94,000 mi.",–,–,A/T,White,Black,None reported,Yes,4500,31,False,38,False,Budget
Jeep,Wrangler Unlimited Sahara,2017,"128,000 mi.",Gasoline,285.0HP 3.6L V6 Cylinder Engine Gasoline Fuel,5-Speed A/T,Gray,Black,None reported,Yes,26800,9,False,143,False,Mid-Range
Chevrolet,Camaro 2SS,2018,"26,000 mi.",Gasoline,455.0HP 6.2L 8 Cylinder Engine Gasoline Fuel,8-Speed A/T,White,Black,None reported,Yes,39000,8,True,292,False,Mid-Range
Audi,S6 4.0T,2015,"74,000 mi.",Gasoline,420.0HP 4.0L 8 Cylinder Engine Gasoline Fuel,7-Speed A/T,Blue,Gray,None reported,Yes,29950,11,False,200,True,Mid-Range
Audi,TT RS Base,2012,"54,900 mi.",Gasoline,360.0HP 2.5L 5 Cylinder Engine Gasoline Fuel,6-Speed M/T,White,Brown,None reported,Yes,28900,14,False,200,True,Mid-Range
INFINITI,QX56 Base,2012,"141,775 mi.",Gasoline,400.0HP 5.6L 8 Cylinder Engine Gasoline Fuel,Transmission w/Dual Shift Mode,White,Beige,None reported,Yes,11500,14,False,59,False,Budget
Volkswagen,New Beetle GLS,2001,"63,250 mi.",Gasoline,115.0HP 2.0L 4 Cylinder Engine Gasoline Fuel,4-Speed A/T,Yellow,Yellow,None reported,Yes,12000,25,False,59,False,Budget
Audi,Q5 S line Premium Plus,2022,"13,895 mi.",Hybrid,2.0 Liter TFSI,Automatic,Daytona Gray,Black,None reported,Yes,44998,4,True,200,True,Premium
Lamborghini,Aventador LP750-4 Superveloce,2017,"10,654 mi.",Gasoline,"6.5L V-12 DOHC, variable valve control, premium unleaded, engine",Automatic,Balloon White,Nero Ade,None reported,Yes,449991,9,True,26,False,Premium
Ford,F-250 XL,2014,"35,900 mi.",E85 Flex Fuel,385.0HP 6.2L 8 Cylinder Engine Flex Fuel Capability,Transmission w/Dual Shift Mode,Blue,Gray,At least 1 accident or damage reported,Yes,27900,12,False,386,False,Mid-Range
GMC,Yukon XL Denali,2022,"48,306 mi.",Gasoline,6.2L V8 16V GDI OHV,10-Speed Automatic,Summit White,Jet Black,At least 1 accident or damage reported,Yes,71999,4,True,91,False,Premium
Audi,A4 2.0T Premium,2012,"125,000 mi.",Gasoline,211.0HP 2.0L 4 Cylinder Engine Gasoline Fuel,8-Speed A/T,Black,Black,None reported,Yes,10500,14,False,200,True,Budget
Dodge,Challenger SRT 392,2016,"37,700 mi.",–,–,8-Speed A/T,Black,Black,At least 1 accident or damage reported,Yes,38000,10,True,90,False,Mid-Range
Tesla,Model S P100D,2017,"103,000 mi.",Gasoline,Electric Motor Electric Fuel System,1-Speed A/T,Black,White,None reported,Yes,36000,9,True,87,False,Mid-Range
Mazda,CX-30 Premium Package,2021,"45,303 mi.",Gasoline,2.5L I4 16V GDI DOHC,6-Speed Automatic,Snowflake White Pearl,White / Brown,None reported,Yes,25382,5,False,64,False,Mid-Range
Lexus,ES 350 Base,2016,"53,900 mi.",Gasoline,268.0HP 3.5L V6 Cylinder Engine Gasoline Fuel,A/T,Red,Beige,None reported,Yes,27500,10,False,163,True,Mid-Range
Jeep,Wrangler Sahara,2008,"54,000 mi.",Gasoline,202.0HP 3.8L V6 Cylinder Engine Gasoline Fuel,A/T,Green,Gray,None reported,Yes,20000,18,False,143,False,Budget
Chevrolet,Avalanche 1500 LTZ,2007,"129,000 mi.",Gasoline,366.0HP 6.0L 8 Cylinder Engine Gasoline Fuel,A/T,White,Beige,None reported,Yes,17950,19,False,292,False,Budget
Jeep,Grand Cherokee L Laredo,2022,"10,232 mi.",Gasoline,3.6L V6 24V MPFI DOHC,Automatic,Diamond Black,Global Black,None reported,Yes,44646,4,True,143,False,Premium
Acura,MDX w/Advance Package,2023,"3,708 mi.",Gasoline,3.5 Liter SOHC,Automatic,White,Espresso,None reported,Yes,58998,3,True,64,False,Premium
Nissan,Pathfinder SL,2018,"167,000 mi.",Gasoline,284.0HP 3.5L V6 Cylinder Engine Gasoline Fuel,A/T,Black,Beige,None reported,Yes,14500,8,False,116,False,Budget
Tesla,Model X Long Range,2019,"37,000 mi.",Gasoline,518.0HP Electric Motor Electric Fuel System,1-Speed A/T,Gray,Black,None reported,Yes,58000,7,True,87,False,Premium
Subaru,Impreza Premium,2022,"10,419 mi.",Gasoline,"2L H-4 gasoline direct injection, DOHC, variable valve control,",Variable,Crystal White Pearl,Black,At least 1 accident or damage reported,Yes,24998,4,False,64,False,Mid-Range
Audi,A8 4.0T,2014,"96,238 mi.",Gasoline,420.0HP 4.0L 8 Cylinder Engine Gasoline Fuel,Transmission w/Dual Shift Mode,Black,Black,At least 1 accident or damage reported,Yes,22500,12,False,200,True,Mid-Range
Subaru,Ascent Limited 7-Passenger,2022,"12,700 mi.",Gasoline,260.0HP 2.4L 4 Cylinder Engine Gasoline Fuel,CVT Transmission,White,Beige,None reported,Yes,38500,4,True,64,False,Mid-Range
Chevrolet,Avalanche 1500 LT,2007,"244,000 mi.",E85 Flex Fuel,320.0HP 5.3L 8 Cylinder Engine Flex Fuel Capability,A/T,Gray,Gray,None reported,Yes,16900,19,False,292,False,Budget
Porsche,Cayenne S,2015,"124,000 mi.",Gasoline,420.0HP 3.6L V6 Cylinder Engine Gasoline Fuel,8-Speed A/T,White,Beige,None reported,Yes,25000,11,False,201,True,Mid-Range
BMW,335 i,2009,"123,000 mi.",Gasoline,300.0HP 3.0L Straight 6 Cylinder Engine Gasoline Fuel,A/T,Purple,Black,None reported,Yes,15000,17,False,375,True,Budget
GMC,Sierra 1500 Limited Elevation,2022,"24,900 mi.",Gasoline,310.0HP 2.7L 4 Cylinder Engine Gasoline Fuel,8-Speed A/T,Black,Black,None reported,Yes,49900,4,True,91,False,Premium
Ford,Explorer Sport,2016,"95,500 mi.",Gasoline,365.0HP 3.5L V6 Cylinder Engine Gasoline Fuel,Transmission w/Dual Shift Mode,Black,Black,None reported,Yes,20000,10,False,386,False,Budget
Cadillac,Escalade ESV Sport,2021,"4,283 mi.",Gasoline,6.2L V8 16V GDI OHV,10-Speed Automatic,Black,Brandy,None reported,Yes,479995,5,True,107,False,Premium
Lexus,LX 570 Three-Row,2021,"48,300 mi.",Gasoline,383.0HP 5.7L 8 Cylinder Engine Gasoline Fuel,A/T,White,Red,None reported,Yes,82000,5,True,163,True,Premium
BMW,M3 Base,2008,"94,000 mi.",Gasoline,414.0HP 4.0L 8 Cylinder Engine Gasoline Fuel,6-Speed M/T,Gray,Red,None reported,Yes,25999,18,False,375,True,Mid-Range
Nissan,Xterra Pro-4X,2011,"183,000 mi.",Gasoline,261.0HP 4.0L V6 Cylinder Engine Gasoline Fuel,A/T,Black,Gray,At least 1 accident or damage reported,Yes,12000,15,False,116,False,Budget
Ford,Fusion Hybrid SE Hybrid,2013,"126,225 mi.",Hybrid,188.0HP 2.0L 4 Cylinder Engine Gas/Electric Hybrid,CVT Transmission,Silver,Black,At least 1 accident or damage reported,Yes,11500,13,False,386,False,Budget
Volkswagen,Golf GTI 2.0T SE 4-Door,2016,"87,892 mi.",Gasoline,210.0HP 2.0L 4 Cylinder Engine Gasoline Fuel,6-Speed M/T,Gray,Black,None reported,Yes,16000,10,False,59,False,Budget
Cadillac,CTS-V Base,2012,"45,000 mi.",Gasoline,556.0HP 6.2L 8 Cylinder Engine Gasoline Fuel,6-Speed A/T,Red,Black,None reported,Yes,41500,14,True,107,False,Mid-Range
Aston,Martin Vantage Base,2022,"1,023 mi.",Gasoline,503.0HP 4.0L 8 Cylinder Engine Gasoline Fuel,8-Speed A/T,Blue,Brown,None reported,Yes,156900,4,True,9,False,Premium
Lexus,GX 460 Base,2015,"106,000 mi.",Gasoline,301.0HP 4.6L 8 Cylinder Engine Gasoline Fuel,A/T,Black,Beige,None reported,Yes,37500,11,True,163,True,Mid-Range
GMC,Acadia SLT-1,2019,"51,300 mi.",Gasoline,193.0HP 2.5L 4 Cylinder Engine Gasoline Fuel,6-Speed A/T,Black,Black,At least 1 accident or damage reported,Yes,25500,7,False,91,False,Mid-Range
Ford,Bronco Sport Big Bend,2021,"30,176 mi.",Gasoline,1.5L I3 12V PDI DOHC Turbo,8-Speed Automatic,Black,Medium Dark Slate,None reported,Yes,28979,5,False,386,False,Mid-Range
Nissan,Titan SV,2021,"27,598 mi.",Gasoline,5.6L V8 32V GDI DOHC,9-Speed Automatic,Black,Black,None reported,Yes,39884,5,True,116,False,Mid-Range
Volkswagen,Jetta SportWagen SE,2012,"107,000 mi.",Gasoline,170.0HP 2.5L 5 Cylinder Engine Gasoline Fuel,A/T,Black,Beige,None reported,Yes,9499,14,False,59,False,Budget
Land,Rover Range Rover 5.0L V8 Supercharged,2019,"17,500 mi.",Gasoline,518.0HP 5.0L 8 Cylinder Engine Gasoline Fuel,8-Speed A/T,Black,Black,None reported,Yes,65000,7,True,130,True,Premium
RAM,2500 Laramie,2017,"117,878 mi.",Diesel,350.0HP 6.7L Straight 6 Cylinder Engine Diesel Fuel,Transmission w/Dual Shift Mode,Red,Black,None reported,Yes,42000,9,True,91,False,Mid-Range
Nissan,Murano SL,2010,"138,700 mi.",Gasoline,265.0HP 3.5L V6 Cylinder Engine Gasoline Fuel,CVT Transmission,Gray,Black,At least 1 accident or damage reported,Yes,7000,16,False,116,False,Budget
Cadillac,Escalade ESV Base,2009,"152,068 mi.",E85 Flex Fuel,403.0HP 6.2L 8 Cylinder Engine Flex Fuel Capability,6-Speed A/T,White,Black,At least 1 accident or damage reported,Yes,12350,17,False,107,False,Budget
BMW,428 i xDrive SULEV,2016,"77,000 mi.",Gasoline,240.0HP 2.0L 4 Cylinder Engine Gasoline Fuel,Transmission w/Dual Shift Mode,White,Red,At least 1 accident or damage reported,Yes,26999,10,False,375,True,Mid-Range
Ford,Focus RS Base,2017,"26,000 mi.",Gasoline,350.0HP 2.3L 4 Cylinder Engine Gasoline Fuel,6-Speed M/T,Gray,Black,None reported,Yes,37000,9,True,386,False,Mid-Range
Lexus,CT 200h Premium,2014,"131,200 mi.",Hybrid,134.0HP 1.8L 4 Cylinder Engine Gas/Electric Hybrid,A/T,Brown,Brown,None reported,Yes,14000,12,False,163,True,Budget
Buick,Enclave Leather,2017,"83,280 mi.",Gasoline,3.6L V6 24V GDI DOHC,6-Speed Automatic,Quicksilver Metallic,Ebony,None reported,Yes,20599,9,False,30,False,Budget
BMW,M3 Base,2015,"59,000 mi.",Gasoline,425.0HP 3.0L Straight 6 Cylinder Engine Gasoline Fuel,6-Speed M/T,Gray,Black,None reported,Yes,53500,11,True,375,True,Premium
Volkswagen,Arteon 2.0T SEL R-Line,2020,"15,500 mi.",Gasoline,268.0HP 2.0L 4 Cylinder Engine Gasoline Fuel,8-Speed A/T,Silver,Black,None reported,Yes,30000,6,False,59,False,Mid-Range
BMW,X6 xDrive35i,2013,"90,000 mi.",Gasoline,300.0HP 3.0L Straight 6 Cylinder Engine Gasoline Fuel,8-Speed A/T,White,Red,None reported,Yes,19950,13,False,375,True,Budget
INFINITI,G35 Base,2006,"94,000 mi.",Gasoline,280.0HP 3.5L V6 Cylinder Engine Gasoline Fuel,Transmission w/Dual Shift Mode,White,Gray,At least 1 accident or damage reported,Yes,10995,20,False,59,False,Budget
Hummer,H2 Base,2008,"63,750 mi.",Gasoline,393.0HP 6.2L 8 Cylinder Engine Gasoline Fuel,6-Speed A/T,White,Black,At least 1 accident or damage reported,Yes,55000,18,True,16,False,Premium
Mercedes-Benz,C-Class C 300 4MATIC Luxury,2011,"95,500 mi.",Gasoline,228.0HP 3.0L V6 Cylinder Engine Gasoline Fuel,A/T,Black,Beige,At least 1 accident or damage reported,Yes,15990,15,False,315,True,Budget
Acura,ILX Premium Package,2019,"37,900 mi.",Gasoline,201.0HP 2.4L 4 Cylinder Engine Gasoline Fuel,A/T,White,Black,None reported,Yes,26000,7,False,64,False,Mid-Range
Porsche,911 GT3,2015,"13,250 mi.",Gasoline,475.0HP 3.8L Flat 6 Cylinder Engine Gasoline Fuel,7-Speed A/T,Brown,Gray,None reported,Yes,154900,11,True,201,True,Premium
RAM,1500 Longhorn,2019,"76,249 mi.",Gasoline,5.7L V8 16V MPFI OHV,8-Speed Automatic,Diamond Black,Mountain Brown,At least 1 accident or damage reported,Yes,40995,7,True,91,False,Mid-Range
BMW,M3 Base,2001,"81,000 mi.",Gasoline,333.0HP 3.2L Straight 6 Cylinder Engine Gasoline Fuel,6-Speed M/T,Blue,Gray,None reported,Yes,39000,25,True,375,True,Mid-Range
Chevrolet,Suburban LT,2022,"37,806 mi.",Gasoline,355.0HP 5.3L 8 Cylinder Engine Gasoline Fuel,10-Speed A/T,Black,Black,None reported,Yes,60894,4,True,292,False,Premium
Dodge,Ram 2500 ST,2010,"151,544 mi.",Gasoline,355.0HP 5.7L 8 Cylinder Engine Gasoline Fuel,5-Speed A/T,Brown,Gray,At least 1 accident or damage reported,Yes,17700,16,False,90,False,Budget
Chevrolet,Camaro 2SS,2012,"60,345 mi.",Gasoline,400.0HP 6.2L 8 Cylinder Engine Gasoline Fuel,6-Speed A/T,Yellow,Black,None reported,Yes,26950,14,False,292,False,Mid-Range
Dodge,Challenger SE,2010,"90,305 mi.",Gasoline,250.0HP 3.5L V6 Cylinder Engine Gasoline Fuel,A/T,Gray,Black,None reported,Yes,12000,16,False,90,False,Budget
Jeep,Grand Cherokee L Limited,2022,"13,275 mi.",Gasoline,3.6L V6 24V MPFI DOHC,8-Speed Automatic,Velvet Red Pearlcoat,Global Black,None reported,Yes,42599,4,True,143,False,Premium
Chevrolet,Camaro 2SS,2018,"8,660 mi.",Gasoline,455.0HP 6.2L 8 Cylinder Engine Gasoline Fuel,8-Speed A/T,White,Black,None reported,Yes,45000,8,True,292,False,Premium
Ford,F-350 Lariat,2021,"28,220 mi.",Diesel,475.0HP 6.7L 8 Cylinder Engine Diesel Fuel,10-Speed A/T,Silver,Black,None reported,Yes,73600,5,True,386,False,Premium
Ford,F-250 King Ranch,2015,"97,700 mi.",Diesel,440.0HP 6.7L 8 Cylinder Engine Diesel Fuel,6-Speed A/T,Black,–,None reported,Yes,39950,11,True,386,False,Mid-Range
Chevrolet,Corvette Stingray w/3LT,2023,"4,200 mi.",Gasoline,490.0HP 6.2L 8 Cylinder Engine Gasoline Fuel,A/T,White,Black,None reported,Yes,98000,3,True,292,False,Premium
Bentley,Continental GT V8 First Edition,2020,"27,404 mi.",Gasoline,"4L V-8 gasoline direct injection, DOHC, variable valve control,",Automatic,Dark Sapphire,Linen,None reported,Yes,199991,6,True,33,False,Premium
Lincoln,MKC Reserve,2016,"100,000 mi.",Gasoline,240.0HP 2.0L 4 Cylinder Engine Gasoline Fuel,Transmission w/Dual Shift Mode,White,White,None reported,Yes,24000,10,False,52,False,Mid-Range
Ford,Excursion Limited,2001,"333,361 mi.",Diesel,250.0HP 7.3L 8 Cylinder Engine Diesel Fuel,A/T,Black,Beige,At least 1 accident or damage reported,Yes,17000,25,False,386,False,Budget
Land,Rover Discovery SE,2018,"63,295 mi.",Gasoline,340.0HP 3.0L V6 Cylinder Engine Gasoline Fuel,8-Speed A/T,Blue,White,None reported,Yes,29993,8,False,130,True,Mid-Range
Land,Rover Defender V8,2022,"3,000 mi.",Gasoline,518.0HP 5.0L 8 Cylinder Engine Gasoline Fuel,8-Speed A/T,Black,Black,None reported,Yes,96500,4,True,130,True,Premium
Chevrolet,Silverado 1500 2LT,2014,"102,604 mi.",E85 Flex Fuel,355.0HP 5.3L 8 Cylinder Engine Flex Fuel Capability,6-Speed A/T,Gray,Gray,None reported,Yes,25500,12,False,292,False,Mid-Range
Mercedes-Benz,AMG G 63 Base,2017,"39,800 mi.",Gasoline,563.0HP 5.5L 8 Cylinder Engine Gasoline Fuel,7-Speed A/T,White,Red,None reported,Yes,99000,9,True,315,True,Premium
Ford,F-250 XLT,2019,"124,000 mi.",E85 Flex Fuel,385.0HP 6.2L 8 Cylinder Engine Flex Fuel Capability,6-Speed A/T,White,Gray,None reported,Yes,40100,7,True,386,False,Mid-Range
Tesla,Model 3 Base,2022,"12,080 mi.",Gasoline,271.0HP Electric Motor Electric Fuel System,A/T,Black,Black,None reported,Yes,36750,4,True,87,False,Mid-Range
Lexus,LX 570 Three-Row,2018,"39,300 mi.",Gasoline,383.0HP 5.7L 8 Cylinder Engine Gasoline Fuel,Transmission w/Dual Shift Mode,Black,Black,None reported,Yes,69500,8,True,163,True,Premium
INFINITI,QX60 Luxe,2019,"51,000 mi.",Gasoline,295.0HP 3.5L V6 Cylinder Engine Gasoline Fuel,CVT Transmission,Gray,–,At least 1 accident or damage reported,Yes,29000,7,False,59,False,Mid-Range
Rivian,R1S Adventure Package,2023,250 mi.,Gasoline,835.0HP Electric Motor Electric Fuel System,1-Speed A/T,Green,Black,None reported,Yes,97500,3,True,17,False,Premium
Land,Rover Range Rover Sport 3.0L Supercharged HSE,2017,"67,000 mi.",Gasoline,340.0HP 3.0L V6 Cylinder Engine Gasoline Fuel,8-Speed A/T,Gray,Beige,None reported,Yes,35999,9,True,130,True,Mid-Range
INFINITI,QX60 Base,2014,"95,400 mi.",Gasoline,265.0HP 3.5L V6 Cylinder Engine Gasoline Fuel,A/T,White,Beige,None reported,Yes,14195,12,False,59,False,Budget
Hyundai,Sonata GLS,2013,"136,991 mi.",Gasoline,198.0HP 2.4L 4 Cylinder Engine Gasoline Fuel,6-Speed A/T,Gray,Gray,None reported,Yes,11000,13,False,72,False,Budget
Toyota,Tundra Limited,2022,"3,959 mi.",Gasoline,389.0HP 3.4L V6 Cylinder Engine Gasoline Fuel,10-Speed A/T,Blue,Gray,None reported,Yes,55000,4,True,199,False,Premium
Jeep,Grand Cherokee Limited,2020,"47,500 mi.",Gasoline,293.0HP 3.6L V6 Cylinder Engine Gasoline Fuel,A/T,Purple,Black,None reported,Yes,31000,6,False,143,False,Mid-Range
Ford,F-350 Lariat Crew Cab Super Duty DRW,2005,"176,691 mi.",Diesel,325.0HP 6.0L 8 Cylinder Engine Diesel Fuel,A/T,White,Beige,At least 1 accident or damage reported,Yes,13000,21,False,386,False,Budget
Tesla,Model 3 Performance,2021,"33,000 mi.",Gasoline,455.0HP Electric Motor Electric Fuel System,1-Speed A/T,Red,White,None reported,Yes,55000,5,True,87,False,Premium
Mercedes-Benz,CLS-Class CLS 550,2014,"34,600 mi.",Gasoline,402.0HP 4.7L 8 Cylinder Engine Gasoline Fuel,Transmission w/Dual Shift Mode,Black,Black,None reported,Yes,27500,12,False,315,True,Mid-Range
RAM,2500 SLT,2014,"84,500 mi.",Gasoline,410.0HP 6.4L 8 Cylinder Engine Gasoline Fuel,A/T,Black,Gray,None reported,Yes,34000,12,True,91,False,Mid-Range
Kia,Sorento Hybrid EX,2022,"36,100 mi.",Hybrid,227.0HP 1.6L 4 Cylinder Engine Gas/Electric Hybrid,6-Speed A/T,Black,White,None reported,Yes,37500,4,True,76,False,Mid-Range
Hyundai,Genesis 3.8,2015,"92,225 mi.",Gasoline,311.0HP 3.8L V6 Cylinder Engine Gasoline Fuel,A/T,Black,Black,At least 1 accident or damage reported,Yes,17000,11,False,72,False,Budget
Jeep,Compass Latitude,2020,"17,500 mi.",Gasoline,180.0HP 2.4L 4 Cylinder Engine Gasoline Fuel,9-Speed A/T,Silver,Black,None reported,Yes,25695,6,False,143,False,Mid-Range
Ford,Fusion SE,2011,"114,323 mi.",Gasoline,175.0HP 2.5L 4 Cylinder Engine Gasoline Fuel,6-Speed A/T,Black,Black,None reported,Yes,6000,15,False,386,False,Budget
Toyota,FJ Cruiser Base,2014,"92,000 mi.",Gasoline,260.0HP 4.0L V6 Cylinder Engine Gasoline Fuel,A/T,Beige,Black,None reported,Yes,27500,12,False,199,False,Mid-Range
BMW,430 Gran Coupe i xDrive,2018,"29,025 mi.",Gasoline,2.0 Liter DOHC T/C,Automatic,Carbon Black Metallic,Black,None reported,Yes,29998,8,False,375,True,Mid-Range
Dodge,Durango SRT 392,2021,"17,000 mi.",Gasoline,475.0HP 6.4L 8 Cylinder Engine Gasoline Fuel,Transmission w/Dual Shift Mode,Blue,Black,None reported,Yes,65000,5,True,90,False,Premium
Hyundai,Santa Fe GLS,2015,"96,476 mi.",Gasoline,290.0HP 3.3L V6 Cylinder Engine Gasoline Fuel,6-Speed A/T,White,Gray,None reported,Yes,13000,11,False,72,False,Budget
Volkswagen,Atlas 3.6L SEL Premium,2021,"36,311 mi.",Gasoline,3.6L V6 24V GDI DOHC,8-Speed Automatic,Deep Black Pearl Effect,Titan Black / Quarzit,None reported,Yes,39127,5,True,59,False,Mid-Range
Land,Rover Range Rover Sport 5.0L Supercharged Dynamic,2016,"56,842 mi.",Gasoline,510.0HP 5.0L 8 Cylinder Engine Gasoline Fuel,Transmission w/Dual Shift Mode,Silver,Black,None reported,Yes,35000,10,True,130,True,Mid-Range
Nissan,Murano SV,2021,"23,677 mi.",Gasoline,3.5L V6 24V MPFI DOHC,Automatic CVT,Sunset Drift Chromaflair,Graphite,None reported,Yes,29510,5,False,116,False,Mid-Range
Buick,Envision Essence,2020,"27,340 mi.",Gasoline,2.5L I4 16V GDI DOHC,6-Speed Automatic,Summit White,Ebony,None reported,Yes,31700,6,True,30,False,Mid-Range
Chevrolet,Silverado 1500 RST,2020,"26,177 mi.",Gasoline,5.3L V8 16V GDI OHV,Automatic,Shadow Gray Metallic,Jet Black,None reported,Yes,41986,6,True,292,False,Mid-Range
Pontiac,Solstice GXP,2009,"122,348 mi.",Gasoline,260.0HP 2.0L 4 Cylinder Engine Gasoline Fuel,A/T,Red,Black,At least 1 accident or damage reported,Yes,10000,17,False,15,False,Budget
BMW,640 Gran Coupe i xDrive,2015,"98,000 mi.",Gasoline,315.0HP 3.0L Straight 6 Cylinder Engine Gasoline Fuel,Transmission w/Dual Shift Mode,Black,Beige,None reported,Yes,22500,11,False,375,True,Mid-Range
Tesla,Model 3 Standard Range Plus,2019,"32,300 mi.",Gasoline,Electric Motor Electric Fuel System,A/T,Black,Black,None reported,Yes,29000,7,False,87,False,Mid-Range
MINI,Countryman Cooper S,2019,"18,997 mi.",Gasoline,189.0HP 2.0L 4 Cylinder Engine Gasoline Fuel,Transmission w/Dual Shift Mode,Red,Black,None reported,Yes,26750,7,False,33,False,Mid-Range
Porsche,Boxster GTS,2016,"40,350 mi.",Gasoline,330.0HP 3.4L Flat 6 Cylinder Engine Gasoline Fuel,7-Speed A/T,Gray,Black,None reported,Yes,67995,10,True,201,True,Premium
Ford,Expedition EL King Ranch,2011,"156,856 mi.",E85 Flex Fuel,310.0HP 5.4L 8 Cylinder Engine Flex Fuel Capability,6-Speed A/T,Black,Brown,None reported,Yes,14300,15,False,386,False,Budget
Bentley,Continental GT GT Speed,2022,"1,919 mi.",Gasoline,12 Cylinder Engine,8-SPEED A/T,Granite,Porpoise,None reported,Yes,289991,4,True,33,False,Premium
BMW,X5 M Base,2017,"61,773 mi.",Gasoline,567.0HP 4.4L 8 Cylinder Engine Gasoline Fuel,Transmission w/Dual Shift Mode,Gray,Black,None reported,Yes,46000,9,True,375,True,Premium
Ford,Mustang GT Premium,2011,"74,500 mi.",Gasoline,412.0HP 5.0L 8 Cylinder Engine Gasoline Fuel,6-Speed M/T,Black,Black,None reported,Yes,22000,15,False,386,False,Mid-Range
Jeep,Compass Sport,2016,"99,000 mi.",Gasoline,172.0HP 2.4L 4 Cylinder Engine Gasoline Fuel,6-Speed A/T,White,Gray,At least 1 accident or damage reported,Yes,5000,10,False,143,False,Budget
INFINITI,G37 Sport,2008,"63,496 mi.",Gasoline,330.0HP 3.7L V6 Cylinder Engine Gasoline Fuel,6-Speed M/T,Black,Black,None reported,Yes,15000,18,False,59,False,Budget
Ford,F-150 XLT,2022,"18,465 mi.",Gasoline,400.0HP 3.5L V6 Cylinder Engine Gasoline Fuel,10-Speed A/T,Black,Gray,None reported,Yes,47500,4,True,386,False,Premium
Porsche,911 Carrera 4S,2007,"42,635 mi.",Gasoline,355.0HP 3.8L Flat 6 Cylinder Engine Gasoline Fuel,Transmission w/Dual Shift Mode,Blue,Blue,None reported,Yes,72995,19,True,201,True,Premium
INFINITI,G35 Base,2005,"99,000 mi.",Gasoline,298.0HP 3.5L V6 Cylinder Engine Gasoline Fuel,6-Speed M/T,Silver,Black,None reported,Yes,18900,21,False,59,False,Budget
Chrysler,300C Base,2013,"87,500 mi.",Gasoline,292.0HP 3.6L V6 Cylinder Engine Gasoline Fuel,8-Speed A/T,White,Beige,None reported,Yes,13750,13,False,28,False,Budget
Toyota,Camry Solara SLE,2007,"138,000 mi.",Gasoline,210.0HP 3.3L V6 Cylinder Engine Gasoline Fuel,5-Speed A/T,White,Beige,None reported,Yes,6800,19,False,199,False,Budget
Lexus,IS 300 Base,2018,"70,891 mi.",Gasoline,260.0HP 3.5L V6 Cylinder Engine Gasoline Fuel,Transmission w/Dual Shift Mode,White,Black,None reported,Yes,28995,8,False,163,True,Mid-Range
Buick,Enclave Essence,2020,"55,403 mi.",Gasoline,310.0HP 3.6L V6 Cylinder Engine Gasoline Fuel,9-Speed A/T,Red,Gray,At least 1 accident or damage reported,Yes,29444,6,False,30,False,Mid-Range
BMW,M4 Competition xDrive,2022,"3,213 mi.",Gasoline,503.0HP 3.0L Straight 6 Cylinder Engine Gasoline Fuel,8-Speed A/T,Black,Red,None reported,Yes,89995,4,True,375,True,Premium
Pontiac,GTO Base,2005,"142,314 mi.",Gasoline,400.0HP 6.0L 8 Cylinder Engine Gasoline Fuel,6-Speed M/T,Red,Red,At least 1 accident or damage reported,Yes,21999,21,False,15,False,Mid-Range
Toyota,FJ Cruiser Base,2013,"53,000 mi.",Gasoline,260.0HP 4.0L V6 Cylinder Engine Gasoline Fuel,A/T,Blue,Black,None reported,Yes,36740,13,True,199,False,Mid-Range
Hyundai,Elantra SE,2014,"120,250 mi.",Gasoline,145.0HP 1.8L 4 Cylinder Engine Gasoline Fuel,A/T,Blue,Gray,None reported,Yes,7500,12,False,72,False,Budget
Porsche,Macan S,2015,"72,329 mi.",Gasoline,340.0HP 3.0L V6 Cylinder Engine Gasoline Fuel,7-Speed A/T,Silver,Black,None reported,Yes,29500,11,False,201,True,Mid-Range
Hummer,H3 Base,2007,"153,692 mi.",Gasoline,242.0HP 3.7L 5 Cylinder Engine Gasoline Fuel,4-Speed A/T,Beige,Black,None reported,Yes,9995,19,False,16,False,Budget
Tesla,Model 3 Long Range,2021,"32,670 mi.",Gasoline,Electric Motor Electric Fuel System,A/T,White,Black,None reported,Yes,37000,5,True,87,False,Mid-Range
Ford,Transit-350 Base,2018,"235,000 mi.",Gasoline,275.0HP 3.7L V6 Cylinder Engine Gasoline Fuel,A/T,White,Gray,None reported,Yes,18000,8,False,386,False,Budget
Rivian,R1T Launch Edition,2022,"8,681 mi.",Gasoline,835.0HP Electric Motor Electric Fuel System,A/T,Gray,Black,None reported,Yes,82000,4,True,17,False,Premium
Audi,S4 3.0 Prestige,2012,"98,400 mi.",Gasoline,333.0HP 3.0L V6 Cylinder Engine Gasoline Fuel,7-Speed A/T,White,White,None reported,Yes,18000,14,False,200,True,Budget
Toyota,4Runner SR5 Premium,2023,"1,400 mi.",Gasoline,270.0HP 4.0L V6 Cylinder Engine Gasoline Fuel,A/T,White,Black,None reported,Yes,46500,3,True,199,False,Premium
Tesla,Model 3 Mid Range,2018,"32,000 mi.",Gasoline,271.0HP Electric Motor Electric Fuel System,A/T,Black,Black,None reported,Yes,29999,8,False,87,False,Mid-Range
Ford,F-250 Base,1997,"92,800 mi.",Gasoline,210.0HP 5.8L 8 Cylinder Engine Gasoline Fuel,4-Speed A/T,White,Gray,None reported,Yes,9000,29,False,386,False,Budget
Mercedes-Benz,G-Class G 550 4MATIC,2021,"75,151 mi.",Gasoline,416.0HP 4.0L 8 Cylinder Engine Gasoline Fuel,A/T,Black,Black,None reported,Yes,130000,5,True,315,True,Premium
Subaru,Legacy 2.5 GT spec.B,2008,"94,000 mi.",Gasoline,243.0HP 2.5L 4 Cylinder Engine Gasoline Fuel,6-Speed M/T,Gray,Blue,None reported,Yes,12500,18,False,64,False,Budget
Mercedes-Benz,E-Class E 350,2014,"67,350 mi.",Gasoline,302.0HP 3.5L V6 Cylinder Engine Gasoline Fuel,7-Speed A/T,Silver,–,At least 1 accident or damage reported,Yes,18700,12,False,315,True,Budget
BMW,M3 Base,2001,"66,500 mi.",Gasoline,333.0HP 3.2L Straight 6 Cylinder Engine Gasoline Fuel,6-Speed M/T,Red,Black,None reported,Yes,21000,25,False,375,True,Budget
Mercedes-Benz,C-Class C 250 Sport,2014,"70,612 mi.",Gasoline,201.0HP 1.8L 4 Cylinder Engine Gasoline Fuel,7-Speed A/T,White,Beige,None reported,Yes,14500,12,False,315,True,Budget
Toyota,Sienna XLE Limited,2007,"112,630 mi.",Gasoline,266.0HP 3.5L V6 Cylinder Engine Gasoline Fuel,5-Speed A/T,Silver,Gray,At least 1 accident or damage reported,Yes,11500,19,False,199,False,Budget
Dodge,Avenger SE,2014,"124,705 mi.",E85 Flex Fuel,283.0HP 3.6L V6 Cylinder Engine Flex Fuel Capability,A/T,Black,Black,None reported,Yes,6499,12,False,90,False,Budget
BMW,M240 i,2018,"61,000 mi.",Gasoline,335.0HP 3.0L Straight 6 Cylinder Engine Gasoline Fuel,6-Speed M/T,Blue,Black,At least 1 accident or damage reported,Yes,34000,8,True,375,True,Mid-Range
RAM,3500 SLT,2017,"157,272 mi.",Diesel,350.0HP 6.7L Straight 6 Cylinder Engine Diesel Fuel,6-Speed A/T,White,Gray,At least 1 accident or damage reported,Yes,32999,9,True,91,False,Mid-Range
Mercedes-Benz,GL-Class GL 450 4MATIC,2015,"84,000 mi.",Gasoline,362.0HP 3.0L V6 Cylinder Engine Gasoline Fuel,7-Speed A/T,Blue,Gray,None reported,Yes,20399,11,False,315,True,Budget
Jeep,Gladiator Rubicon,2020,"27,981 mi.",Gasoline,285.0HP 3.6L V6 Cylinder Engine Gasoline Fuel,A/T,Red,Black,None reported,Yes,47500,6,True,143,False,Premium
Bentley,Continental GT Base,2009,"18,000 mi.",Gasoline,552.0HP 6.0L 12 Cylinder Engine Gasoline Fuel,A/T,Blue,Beige,None reported,Yes,63000,17,True,33,False,Premium
Tesla,Model 3 Long Range,2019,"27,123 mi.",Gasoline,425.0HP Electric Motor Electric Fuel System,A/T,Red,Black,None reported,Yes,38200,7,True,87,False,Mid-Range
Chevrolet,Corvette Stingray w/2LT,2021,"3,053 mi.",Gasoline,490.0HP 6.2L 8 Cylinder Engine Gasoline Fuel,Transmission w/Dual Shift Mode,Silver,Gray,None reported,Yes,83900,5,True,292,False,Premium
Audi,Q5 3.0T Premium Plus,2015,"60,251 mi.",Gasoline,272.0HP 3.0L V6 Cylinder Engine Gasoline Fuel,A/T,Black,Black,At least 1 accident or damage reported,Yes,19000,11,False,200,True,Budget
Mazda,MX-5 Miata Club,2021,"5,093 mi.",Gasoline,181.0HP 2.0L 4 Cylinder Engine Gasoline Fuel,6-Speed M/T,Gray,Black,None reported,Yes,28000,5,False,64,False,Mid-Range
Bentley,Bentayga W12 Signature,2018,"31,875 mi.",Gasoline,600.0HP 6.0L 12 Cylinder Engine Gasoline Fuel,8-Speed A/T,White,Black,None reported,Yes,115785,8,True,33,False,Premium
Mercedes-Benz,S-Class S500,2005,"175,722 mi.",Gasoline,302.0HP 5.0L 8 Cylinder Engine Gasoline Fuel,A/T,White,Beige,None reported,Yes,7000,21,False,315,True,Budget
BMW,M6 Base,2015,"17,900 mi.",Gasoline,560.0HP 4.4L 8 Cylinder Engine Gasoline Fuel,Transmission w/Dual Shift Mode,Black,Black,None reported,Yes,59900,11,True,375,True,Premium
GMC,Yukon SLT,2015,"142,792 mi.",Gasoline,355.0HP 5.3L 8 Cylinder Engine Gasoline Fuel,6-Speed A/T,White,Brown,None reported,Yes,22999,11,False,91,False,Mid-Range
BMW,750 iL,2001,"53,814 mi.",Gasoline,326.0HP 5.4L 12 Cylinder Engine Gasoline Fuel,5-Speed A/T,Gray,Gray,None reported,Yes,11800,25,False,375,True,Budget
Toyota,Tundra Limited,2010,"89,400 mi.",Gasoline,381.0HP 5.7L 8 Cylinder Engine Gasoline Fuel,A/T,White,Gray,None reported,Yes,26900,16,False,199,False,Mid-Range
Chrysler,300C Base,2007,"86,000 mi.",Gasoline,340.0HP 5.7L 8 Cylinder Engine Gasoline Fuel,5-Speed A/T,Gray,Black,None reported,Yes,15000,19,False,28,False,Budget
smart,ForTwo Pure,2008,"61,595 mi.",Gasoline,70.0HP 1.0L 3 Cylinder Engine Gasoline Fuel,5-Speed A/T,Blue,Gray,None reported,Yes,5000,18,False,1,False,Budget
Toyota,Tundra SR,2018,"74,000 mi.",E85 Flex Fuel,381.0HP 5.7L 8 Cylinder Engine Flex Fuel Capability,6-Speed A/T,Beige,Black,At least 1 accident or damage reported,Yes,38000,8,True,199,False,Mid-Range
Hummer,H2 Base,2004,"130,000 mi.",Gasoline,316.0HP 6.0L 8 Cylinder Engine Gasoline Fuel,4-Speed A/T,Black,Black,At least 1 accident or damage reported,Yes,16500,22,False,16,False,Budget
BMW,ALPINA B7 Base,2015,"86,000 mi.",Gasoline,540.0HP 4.4L 8 Cylinder Engine Gasoline Fuel,8-Speed A/T,Black,White,At least 1 accident or damage reported,Yes,29000,11,False,375,True,Mid-Range
Land,Rover Range Rover Sport Supercharged,2008,"140,600 mi.",Gasoline,390.0HP 4.2L 8 Cylinder Engine Gasoline Fuel,6-Speed A/T,Red,Beige,None reported,Yes,7500,18,False,130,True,Budget
Audi,A4 2.0T Tech Premium,2018,"27,532 mi.",Gasoline,252.0HP 2.0L 4 Cylinder Engine Gasoline Fuel,7-Speed A/T,Gray,Black,None reported,Yes,27900,8,False,200,True,Mid-Range
Ford,Focus SE,2017,"91,000 mi.",E85 Flex Fuel,160.0HP 2.0L 4 Cylinder Engine Flex Fuel Capability,6-Speed A/T,Gray,Black,None reported,Yes,12500,9,False,386,False,Budget
Mercedes-Benz,E-Class E 550 4MATIC,2014,"63,000 mi.",Gasoline,402.0HP 4.7L 8 Cylinder Engine Gasoline Fuel,7-Speed A/T,Silver,Black,None reported,Yes,28500,12,False,315,True,Mid-Range
Jeep,Wrangler Unlimited 4xe Sahara,2022,"10,500 mi.",Plug-In Hybrid,375.0HP 2.0L 4 Cylinder Engine Plug-In Electric/Gas,8-Speed A/T,Green,Beige,None reported,Yes,49999,4,True,143,False,Premium
Mercedes-Benz,M-Class ML 350 4MATIC,2014,"75,073 mi.",E85 Flex Fuel,302.0HP 3.5L V6 Cylinder Engine Flex Fuel Capability,7-Speed A/T,Gray,Black,None reported,Yes,21500,12,False,315,True,Budget
Jeep,Wrangler Sahara,2008,"140,000 mi.",Gasoline,202.0HP 3.8L V6 Cylinder Engine Gasoline Fuel,A/T,Silver,–,At least 1 accident or damage reported,Yes,9000,18,False,143,False,Budget
Mercedes-Benz,A-Class A 220 4MATIC,2019,"30,300 mi.",Gasoline,188.0HP 2.0L 4 Cylinder Engine Gasoline Fuel,7-Speed A/T,Silver,Black,None reported,Yes,30500,7,False,315,True,Mid-Range
Chevrolet,Malibu 1LT,2009,"139,000 mi.",Gasoline,169.0HP 2.4L 4 Cylinder Engine Gasoline Fuel,A/T,White,Black,None reported,Yes,4200,17,False,292,False,Budget
Hummer,H3 Base,2006,"118,000 mi.",Gasoline,220.0HP 3.5L 5 Cylinder Engine Gasoline Fuel,A/T,Gray,Black,None reported,Yes,17900,20,False,16,False,Budget
BMW,i8 Base,2015,"51,000 mi.",Plug-In Hybrid,357.0HP 1.5L 3 Cylinder Engine Plug-In Electric/Gas,Transmission w/Dual Shift Mode,Gray,Brown,None reported,Yes,53000,11,True,375,True,Premium
Cadillac,XLR Base,2009,"69,423 mi.",Gasoline,320.0HP 4.6L 8 Cylinder Engine Gasoline Fuel,A/T,Red,Beige,None reported,Yes,36500,17,True,107,False,Mid-Range
Lincoln,MKZ Select,2017,"52,284 mi.",Gasoline,240.0HP 2.0L 4 Cylinder Engine Gasoline Fuel,6-Speed A/T,Blue,Beige,At least 1 accident or damage reported,Yes,12500,9,False,52,False,Budget
Chevrolet,Silverado 1500 W/T,2006,"111,228 mi.",Gasoline,195.0HP 4.3L V6 Cylinder Engine Gasoline Fuel,A/T,Blue,Gray,At least 1 accident or damage reported,Yes,4000,20,False,292,False,Budget
Land,Rover Range Rover Sport HSE,2019,"52,300 mi.",Gasoline,340.0HP 3.0L V6 Cylinder Engine Gasoline Fuel,Transmission w/Dual Shift Mode,Black,Black,None reported,Yes,49900,7,True,130,True,Premium
Nissan,Titan SL,2021,"95,993 mi.",Gasoline,5.6L V8 32V GDI DOHC,9-Speed Automatic,White,Black,None reported,Yes,32612,5,True,116,False,Mid-Range
Kia,Telluride SX,2022,"26,716 mi.",Gasoline,"LAMBDA II 3.8L V-6 gasoline direct injection, DOHC, D-CVVT varia",Automatic,Dark Moss,Black,None reported,Yes,47541,4,True,76,False,Premium
Chevrolet,Tahoe RST,2023,"39,517 mi.",Gasoline,5.3L V8 16V GDI OHV,10-Speed Automatic,Black,Jet Black,At least 1 accident or damage reported,Yes,67190,3,True,292,False,Premium
Ford,Mustang GT Premium,2019,"31,600 mi.",Gasoline,460.0HP 5.0L 8 Cylinder Engine Gasoline Fuel,6-Speed M/T,Blue,Gray,None reported,Yes,41000,7,True,386,False,Mid-Range
BMW,330 i,2017,"83,298 mi.",Gasoline,248.0HP 2.0L 4 Cylinder Engine Gasoline Fuel,A/T,Black,Black,None reported,Yes,18300,9,False,375,True,Budget
Land,Rover Range Rover Sport 3.0L Supercharged HSE,2017,"95,212 mi.",Gasoline,340.0HP 3.0L V6 Cylinder Engine Gasoline Fuel,8-Speed A/T,Brown,Beige,None reported,Yes,31599,9,True,130,True,Mid-Range
Porsche,911 Carrera,2010,"61,600 mi.",Gasoline,345.0HP 3.6L Flat 6 Cylinder Engine Gasoline Fuel,7-Speed A/T,Black,Black,None reported,Yes,51750,16,True,201,True,Premium
INFINITI,QX56 Base,2011,"130,921 mi.",Gasoline,400.0HP 5.6L 8 Cylinder Engine Gasoline Fuel,Transmission Overdrive Switch,White,Beige,None reported,Yes,12000,15,False,59,False,Budget
RAM,2500 Tradesman,2020,"41,000 mi.",Gasoline,410.0HP 6.4L 8 Cylinder Engine Gasoline Fuel,8-Speed A/T,White,Gray,None reported,Yes,45515,6,True,91,False,Premium
BMW,840 i xDrive,2024,"1,500 mi.",Gasoline,335.0HP 3.0L Straight 6 Cylinder Engine Gasoline Fuel,A/T,Gray,Brown,None reported,Yes,90000,2,True,375,True,Premium
MINI,Clubman Cooper S ALL4,2017,"79,950 mi.",Gasoline,189.0HP 2.0L 4 Cylinder Engine Gasoline Fuel,A/T,Blue,Black,None reported,Yes,17390,9,False,33,False,Budget
Cadillac,Escalade ESV Premium Luxury Platinum,2021,"31,500 mi.",Gasoline,420.0HP 6.2L 8 Cylinder Engine Gasoline Fuel,A/T,White,Beige,None reported,Yes,95000,5,True,107,False,Premium
Audi,R8 5.2 V10 plus,2017,"61,000 mi.",Gasoline,610.0HP 5.2L 10 Cylinder Engine Gasoline Fuel,Transmission w/Dual Shift Mode,Gray,Black,None reported,Yes,140000,9,True,200,True,Premium
RAM,2500 Big Horn,2021,"45,867 mi.",Gasoline,6.4L V8 16V MPFI OHV,Automatic,Billet Silver Metallic Clearcoat,Diesel Gray / Black,None reported,Yes,43449,5,True,91,False,Premium
Porsche,911 Carrera 4,2014,"22,700 mi.",Gasoline,350.0HP 3.4L Flat 6 Cylinder Engine Gasoline Fuel,7-Speed M/T,Silver,Black,At least 1 accident or damage reported,Yes,85500,12,True,201,True,Premium
Bentley,Continental GT Base,2009,"43,000 mi.",Gasoline,552.0HP 6.0L 12 Cylinder Engine Gasoline Fuel,A/T,Black,Black,None reported,Yes,48500,17,True,33,False,Premium
Toyota,Tundra SR5,2015,"99,000 mi.",Gasoline,310.0HP 4.6L 8 Cylinder Engine Gasoline Fuel,6-Speed A/T,Gray,Gray,None reported,Yes,27000,11,False,199,False,Mid-Range
Toyota,4Runner SR5,2006,"135,000 mi.",Gasoline,236.0HP 4.0L V6 Cylinder Engine Gasoline Fuel,A/T,White,Gray,None reported,Yes,16900,20,False,199,False,Budget
Cadillac,CTS 2.0L Turbo Luxury,2019,"46,000 mi.",Gasoline,265.0HP 2.0L 4 Cylinder Engine Gasoline Fuel,8-Speed A/T,Black,Beige,At least 1 accident or damage reported,Yes,29000,7,False,107,False,Mid-Range
Ford,Focus SE,2014,"79,615 mi.",Gasoline,2.0L I4 16V GDI DOHC,6-Speed Automatic with Auto-Shift,Black,Charcoal Black,None reported,Yes,10995,12,False,386,False,Budget
BMW,M5 Base,2021,"13,250 mi.",Gasoline,4.4L V8 32V GDI DOHC Twin Turbo,8-Speed Automatic,Alpine White,Aragon Brown,None reported,Yes,86900,5,True,375,True,Premium
Land,Rover Range Rover 3.0L V6 Supercharged HSE,2019,"41,200 mi.",Gasoline,380.0HP 3.0L V6 Cylinder Engine Gasoline Fuel,Transmission w/Dual Shift Mode,Black,Black,None reported,Yes,60500,7,True,130,True,Premium
Cadillac,Escalade ESV Luxury,2016,"116,500 mi.",Gasoline,420.0HP 6.2L 8 Cylinder Engine Gasoline Fuel,8-Speed A/T,Black,Brown,At least 1 accident or damage reported,Yes,30500,10,False,107,False,Mid-Range
Acura,NSX Base,1993,"75,980 mi.",–,–,A/T,Silver,Black,None reported,Yes,90200,33,True,64,False,Premium
Chevrolet,Corvette Z06,2018,"24,059 mi.",Gasoline,650.0HP 6.2L 8 Cylinder Engine Gasoline Fuel,8-Speed A/T,Gray,Black,None reported,Yes,87150,8,True,292,False,Premium
Audi,Q5 2.0T Premium Plus,2015,"118,500 mi.",E85 Flex Fuel,220.0HP 2.0L 4 Cylinder Engine Flex Fuel Capability,A/T,Silver,Black,At least 1 accident or damage reported,Yes,15400,11,False,200,True,Budget
BMW,ALPINA B7 ALPINA B7 xDrive,2020,"15,097 mi.",Gasoline,4.4 Liter Twin Turbo,Automatic,Frozen Dark Silver Metallic,Black,None reported,Yes,99998,6,True,375,True,Premium
Maserati,Ghibli S Q4,2018,"20,000 mi.",Gasoline,424.0HP 3.0L V6 Cylinder Engine Gasoline Fuel,A/T,White,Brown,None reported,Yes,43000,8,True,34,False,Premium
BMW,228 Gran Coupe i xDrive,2020,"10,426 mi.",Gasoline,2.0 Liter Turbo,Automatic,Black Sapphire Metallic,Oyster/Black,None reported,Yes,30798,6,False,375,True,Mid-Range
Ford,Expedition Limited,2023,"9,500 mi.",Gasoline,400.0HP 3.5L V6 Cylinder Engine Gasoline Fuel,10-Speed A/T,Black,Red,At least 1 accident or damage reported,Yes,63500,3,True,386,False,Premium
Nissan,Frontier SE Crew Cab,2006,"134,000 mi.",Gasoline,265.0HP 4.0L V6 Cylinder Engine Gasoline Fuel,A/T,Gray,Gray,At least 1 accident or damage reported,Yes,8500,20,False,116,False,Budget
Subaru,BRZ Limited,2022,"10,500 mi.",Gasoline,228.0HP 2.4L 4 Cylinder Engine Gasoline Fuel,Transmission w/Dual Shift Mode,Gray,–,None reported,Yes,32500,4,True,64,False,Mid-Range
Chevrolet,Malibu LT,2018,"53,100 mi.",Gasoline,160.0HP 1.5L 4 Cylinder Engine Gasoline Fuel,6-Speed A/T,Red,Black,None reported,Yes,17500,8,False,292,False,Budget
Ford,Focus SEL,2017,"80,134 mi.",E85 Flex Fuel,2.0L I4 16V GDI DOHC Flexible Fuel,6-Speed Automatic with Auto-Shift,White,Charcoal Black,None reported,Yes,13895,9,False,386,False,Budget
Nissan,Rogue Sport S,2021,"24,000 mi.",Gasoline,141.0HP 2.0L 4 Cylinder Engine Gasoline Fuel,A/T,Gray,Black,None reported,Yes,25500,5,False,116,False,Mid-Range
Volvo,C70 T5,2006,"61,000 mi.",Gasoline,218.0HP 2.5L 5 Cylinder Engine Gasoline Fuel,6-Speed M/T,Blue,Beige,None reported,Yes,10299,20,False,38,False,Budget
Lincoln,Nautilus Reserve,2021,"19,700 mi.",Gasoline,335.0HP 2.7L V6 Cylinder Engine Gasoline Fuel,A/T,White,Beige,None reported,Yes,48000,5,True,52,False,Premium
Mercedes-Benz,AMG GT Base,2018,"28,182 mi.",Gasoline,469.0HP 4.0L 8 Cylinder Engine Gasoline Fuel,7-Speed A/T,White,Brown,At least 1 accident or damage reported,Yes,84500,8,True,315,True,Premium
Ford,Mustang EcoBoost Premium,2017,"59,500 mi.",Gasoline,310.0HP 2.3L 4 Cylinder Engine Gasoline Fuel,A/T,Black,Black,At least 1 accident or damage reported,Yes,21000,9,False,386,False,Budget
Ford,Ranger XLT,1999,"115,402 mi.",E85 Flex Fuel,152.0HP 3.0L V6 Cylinder Engine Flex Fuel Capability,A/T,Gold,Beige,None reported,Yes,8000,27,False,386,False,Budget
GMC,Yukon SLT,2018,"85,500 mi.",Gasoline,355.0HP 5.3L 8 Cylinder Engine Gasoline Fuel,A/T,Black,Black,At least 1 accident or damage reported,Yes,35899,8,True,91,False,Mid-Range
RAM,2500 Big Horn,2020,"51,000 mi.",Gasoline,410.0HP 6.4L 8 Cylinder Engine Gasoline Fuel,6-Speed A/T,Red,Black,None reported,Yes,44900,6,True,91,False,Premium
Tesla,Model Y Performance,2021,"17,500 mi.",Gasoline,455.0HP Electric Motor Electric Fuel System,A/T,Gray,White,None reported,Yes,45000,5,True,87,False,Premium
Lexus,ES 350 Base,2011,"132,000 mi.",Gasoline,272.0HP 3.5L V6 Cylinder Engine Gasoline Fuel,A/T,Black,Beige,None reported,Yes,9999,15,False,163,True,Budget
Jeep,Wrangler Rubicon Hard Rock,2016,"67,882 mi.",Gasoline,3.6 Liter,Automatic,White,Black,None reported,Yes,32798,10,True,143,False,Mid-Range
Volvo,XC90 T6 Momentum,2018,"62,000 mi.",Gasoline,316.0HP 2.0L 4 Cylinder Engine Gasoline Fuel,8-Speed A/T,Silver,Black,None reported,Yes,30500,8,False,38,False,Mid-Range
Porsche,911 R,2016,"12,454 mi.",Gasoline,500.0HP 4.0L Flat 6 Cylinder Engine Gasoline Fuel,6-Speed M/T,Purple,Black,None reported,Yes,210000,10,True,201,True,Premium
BMW,M6 Gran Coupe Base,2017,"27,965 mi.",Gasoline,560.0HP 4.4L 8 Cylinder Engine Gasoline Fuel,7-Speed A/T,Green,Black,None reported,Yes,58000,9,True,375,True,Premium
Cadillac,Escalade ESV Platinum Edition,2013,"119,000 mi.",E85 Flex Fuel,403.0HP 6.2L 8 Cylinder Engine Flex Fuel Capability,A/T,Black,Black,None reported,Yes,20500,13,False,107,False,Budget
BMW,X5 xDrive35i,2018,"48,000 mi.",Gasoline,300.0HP 3.0L Straight 6 Cylinder Engine Gasoline Fuel,8-Speed A/T,Black,Black,None reported,Yes,32000,8,True,375,True,Mid-Range
BMW,X5 xDrive40i,2020,"5,541 mi.",Gasoline,3.0 Liter Turbo,Automatic,White,Black,None reported,Yes,56598,6,True,375,True,Premium
Mitsubishi,Outlander SEL,2018,"29,000 mi.",Gasoline,166.0HP 2.4L 4 Cylinder Engine Gasoline Fuel,A/T,Red,Beige,None reported,Yes,19500,8,False,20,False,Budget
Dodge,Ram 1500 ST,2010,"131,100 mi.",E85 Flex Fuel,310.0HP 4.7L 8 Cylinder Engine Flex Fuel Capability,A/T,White,Gray,At least 1 accident or damage reported,Yes,12995,16,False,90,False,Budget
Subaru,Impreza 2.0i,2015,"102,242 mi.",Gasoline,"2L H-4 DOHC, variable valve control, regular unleaded, engine wi",Manual,Quartz Blue Pearl,Black,At least 1 accident or damage reported,Yes,11498,11,False,64,False,Budget
Mercedes-Benz,Maybach S S 600,2016,"18,069 mi.",Gasoline,523.0HP 6.0L 12 Cylinder Engine Gasoline Fuel,7-Speed A/T,Black,Black,None reported,Yes,79999,10,True,315,True,Premium
Kia,Sportage LX,2023,"13,000 mi.",Gasoline,187.0HP 2.5L 4 Cylinder Engine Gasoline Fuel,A/T,White,Black,None reported,Yes,31900,3,True,76,False,Mid-Range
Porsche,911 Turbo Cabriolet,2008,"51,000 mi.",Gasoline,480.0HP 3.6L Flat 6 Cylinder Engine Gasoline Fuel,Transmission w/Dual Shift Mode,Silver,Black,At least 1 accident or damage reported,Yes,69500,18,True,201,True,Premium
Hummer,H3 Base,2007,"137,333 mi.",Gasoline,242.0HP 3.7L 5 Cylinder Engine Gasoline Fuel,4-Speed A/T,Blue,Black,At least 1 accident or damage reported,Yes,10000,19,False,16,False,Budget
Buick,LaCrosse Leather,2014,"125,559 mi.",Gasoline,304.0HP 3.6L V6 Cylinder Engine Gasoline Fuel,A/T,White,Beige,At least 1 accident or damage reported,Yes,11200,12,False,30,False,Budget
Chevrolet,Silverado 1500 High Country,2020,"88,161 mi.",Gasoline,6.2L V8 16V GDI OHV,Automatic,Iridescent Pearl Tricoat,Jet Black,At least 1 accident or damage reported,Yes,48889,6,True,292,False,Premium
Toyota,4Runner SR5,2016,"101,900 mi.",Gasoline,270.0HP 4.0L V6 Cylinder Engine Gasoline Fuel,5-Speed A/T,Black,Black,None reported,Yes,29000,10,False,199,False,Mid-Range
Cadillac,Escalade ESV Luxury,2015,"159,500 mi.",Gasoline,420.0HP 6.2L 8 Cylinder Engine Gasoline Fuel,6-Speed A/T,Black,Black,At least 1 accident or damage reported,Yes,18800,11,False,107,False,Budget
Subaru,Legacy 2.5i Premium,2015,"68,860 mi.",Gasoline,175.0HP 2.5L 4 Cylinder Engine Gasoline Fuel,CVT Transmission,Silver,Beige,At least 1 accident or damage reported,Yes,15000,11,False,64,False,Budget
Tesla,Model 3 Long Range,2018,"43,000 mi.",Gasoline,271.0HP Electric Motor Electric Fuel System,1-Speed A/T,Red,Black,At least 1 accident or damage reported,Yes,30499,8,False,87,False,Mid-Range
Ford,Expedition EL XLT,2017,"182,000 mi.",Gasoline,365.0HP 3.5L V6 Cylinder Engine Gasoline Fuel,A/T,Black,Black,At least 1 accident or damage reported,Yes,16500,9,False,386,False,Budget
Tesla,Model Y Long Range,2022,"21,404 mi.",Gasoline,425.0HP Electric Motor Electric Fuel System,A/T,White,White,None reported,Yes,49500,4,True,87,False,Premium
Ford,Expedition EL Limited,2017,"81,000 mi.",Gasoline,365.0HP 3.5L V6 Cylinder Engine Gasoline Fuel,Transmission w/Dual Shift Mode,Black,Black,None reported,Yes,27000,9,False,386,False,Mid-Range
Chevrolet,Silverado 1500 LTZ,2021,"62,257 mi.",Gasoline,5.3L V8 16V GDI OHV,8-Speed Automatic,Satin Steel Metallic,Gideon,None reported,Yes,42590,5,True,292,False,Mid-Range
BMW,X5 xDrive40e,2016,"91,798 mi.",Hybrid,Electric,Automatic,Alpine White,Black,None reported,Yes,22998,10,False,375,True,Mid-Range
BMW,335 is,2011,"82,000 mi.",Gasoline,320.0HP 3.0L Straight 6 Cylinder Engine Gasoline Fuel,7-Speed A/T,Gray,Black,At least 1 accident or damage reported,Yes,20000,15,False,375,True,Budget
Ford,F-150 XLT,2012,"207,100 mi.",Gasoline,365.0HP 3.5L V6 Cylinder Engine Gasoline Fuel,6-Speed A/T,Black,Gray,At least 1 accident or damage reported,Yes,15000,14,False,386,False,Budget
Land,Rover Range Rover Sport P400 SE Dynamic,2023,450 mi.,Hybrid,395.0HP 3.0L Straight 6 Cylinder Engine Gasoline/Mild Electric Hybrid,8-Speed A/T,Blue,Black,None reported,Yes,124000,3,True,130,True,Premium
Porsche,Panamera Edition,2016,"77,945 mi.",Gasoline,310.0HP 3.6L V6 Cylinder Engine Gasoline Fuel,A/T,Blue,Beige,At least 1 accident or damage reported,Yes,30000,10,False,201,True,Mid-Range
Kia,Sorento Plug-In Hybrid SX,2022,"15,583 mi.",Hybrid,1.6L I4 16V GDI DOHC Turbo Hybrid,6-Speed Automatic,Aurora Black,Gray,None reported,Yes,40599,4,True,76,False,Mid-Range
BMW,M240 i,2017,"37,100 mi.",Gasoline,335.0HP 3.0L Straight 6 Cylinder Engine Gasoline Fuel,8-Speed A/T,White,Black,At least 1 accident or damage reported,Yes,26125,9,False,375,True,Mid-Range
Maserati,Quattroporte Base,2006,"51,000 mi.",Gasoline,394.0HP 4.2L 8 Cylinder Engine Gasoline Fuel,Transmission w/Dual Shift Mode,Blue,Beige,At least 1 accident or damage reported,Yes,18000,20,False,34,False,Budget
Ford,F-150 XLT,2017,"94,000 mi.",Gasoline,325.0HP 2.7L V6 Cylinder Engine Gasoline Fuel,6-Speed A/T,White,Black,None reported,Yes,26000,9,False,386,False,Mid-Range
Land,Rover Discovery S,2003,"121,886 mi.",Gasoline,217.0HP 4.6L 8 Cylinder Engine Gasoline Fuel,A/T,White,Beige,At least 1 accident or damage reported,Yes,6000,23,False,130,True,Budget
Ford,F-250 XLT Crew Cab Super Duty,2008,"157,500 mi.",Gasoline,300.0HP 5.4L 8 Cylinder Engine Gasoline Fuel,5-Speed A/T,Green,Gray,At least 1 accident or damage reported,Yes,15000,18,False,386,False,Budget
Ford,Taurus SHO,2014,"138,415 mi.",Gasoline,365.0HP 3.5L V6 Cylinder Engine Gasoline Fuel,A/T,Silver,Black,At least 1 accident or damage reported,Yes,15500,12,False,386,False,Budget
Land,Rover Range Rover Sport HSE,2012,"110,000 mi.",Gasoline,375.0HP 5.0L 8 Cylinder Engine Gasoline Fuel,A/T,Silver,Black,None reported,Yes,10200,14,False,130,True,Budget
Cadillac,Escalade Sport,2023,"8,532 mi.",Diesel,3.0L I6 24V DDI DOHC Turbo Diesel,10-Speed Automatic with Overdrive,Black Raven,Jet Black,None reported,Yes,109900,3,True,107,False,Premium
GMC,Sierra 1500 SLT,2021,"12,941 mi.",Gasoline,355.0HP 5.3L 8 Cylinder Engine Gasoline Fuel,A/T,White,Black,At least 1 accident or damage reported,Yes,51500,5,True,91,False,Premium
BMW,335 i xDrive,2009,"69,764 mi.",Gasoline,300.0HP 3.0L Straight 6 Cylinder Engine Gasoline Fuel,6-Speed M/T,Black,Black,None reported,Yes,19500,17,False,375,True,Budget
Porsche,911 Carrera 4S,2003,"90,000 mi.",Gasoline,315.0HP 3.6L Flat 6 Cylinder Engine Gasoline Fuel,6-Speed M/T,Silver,Black,None reported,Yes,24000,23,False,201,True,Mid-Range
Audi,Q5 S line Premium,2022,"8,193 mi.",Hybrid,2.0 Liter TFSI,Automatic,Florett Silver,Black,None reported,Yes,42598,4,True,200,True,Mid-Range
Lexus,RX 350 F Sport Performance,2020,"43,277 mi.",Gasoline,3.5L V6 24V PDI DOHC,8-Speed Automatic,Caviar,Black,None reported,Yes,43599,6,True,163,True,Premium
Audi,S4 3.0T Premium Plus,2018,"26,500 mi.",Gasoline,354.0HP 3.0L V6 Cylinder Engine Gasoline Fuel,8-Speed A/T,Gray,Black,At least 1 accident or damage reported,Yes,38000,8,True,200,True,Mid-Range
Chevrolet,Silverado 1500 LT,2019,"36,021 mi.",Gasoline,2.7L I4 16V GDI DOHC Turbo,Automatic,Cajun Red Tintcoat,Jet Black,None reported,Yes,35670,7,True,292,False,Mid-Range
Chevrolet,Colorado Z71,2019,"25,462 mi.",Gasoline,3.6L V6 24V GDI DOHC,Automatic,Shadow Gray Metallic,Jet Black,None reported,Yes,36139,7,True,292,False,Mid-Range
Audi,A5 2.0T Prestige,2018,"35,850 mi.",Gasoline,252.0HP 2.0L 4 Cylinder Engine Gasoline Fuel,7-Speed A/T,White,Black,None reported,Yes,33000,8,True,200,True,Mid-Range
Mazda,Mazda3 s Sport,2008,"77,700 mi.",Gasoline,156.0HP 2.3L 4 Cylinder Engine Gasoline Fuel,5-Speed M/T,Red,Black,None reported,Yes,6300,18,False,64,False,Budget
Jaguar,E-PACE 300 Sport,2021,"23,600 mi.",Hybrid,296.0HP 2.0L 4 Cylinder Engine Gasoline/Mild Electric Hybrid,9-Speed A/T,Black,Black,None reported,Yes,42999,5,True,47,True,Premium
Ferrari,GTC4Lusso T,2019,"8,870 mi.",Gasoline,3.9L V8 32V GDI DOHC Twin Turbo,7-Speed DCT Automatic,Nero Daytona,–,None reported,Yes,215000,7,True,12,False,Premium
Toyota,Celica GT,2001,"122,000 mi.",Gasoline,140.0HP 1.8L 4 Cylinder Engine Gasoline Fuel,5-Speed M/T,Blue,Gray,None reported,Yes,7800,25,False,199,False,Budget
Ford,Excursion Limited 4WD,2003,"245,000 mi.",Diesel,325.0HP 6.0L 8 Cylinder Engine Diesel Fuel,A/T,Black,Beige,At least 1 accident or damage reported,Yes,17999,23,False,386,False,Budget
Porsche,718 Spyder Base,2022,"4,700 mi.",Gasoline,414.0HP 4.0L Flat 6 Cylinder Engine Gasoline Fuel,6-Speed M/T,White,Black,None reported,Yes,134000,4,True,201,True,Premium
Subaru,WRX STI Base,2016,"84,100 mi.",Gasoline,305.0HP 2.5L 4 Cylinder Engine Gasoline Fuel,M/T,Gray,Black,None reported,Yes,34000,10,True,64,False,Mid-Range
Audi,A6 45 Premium Plus,2021,"33,000 mi.",Hybrid,248.0HP 2.0L 4 Cylinder Engine Gasoline/Mild Electric Hybrid,A/T,Black,Black,None reported,Yes,40000,5,True,200,True,Mid-Range
Tesla,Model S P100D,2018,"10,065 mi.",Gasoline,Electric,1-Speed Automatic,Red Multi,White,None reported,Yes,59999,8,True,87,False,Premium
Mercedes-Benz,AMG GT R,2018,"3,811 mi.",Gasoline,577.0HP 4.0L 8 Cylinder Engine Gasoline Fuel,7-Speed A/T,Black,Black,None reported,Yes,148500,8,True,315,True,Premium
Acura,RDX PMC Edition,2021,"44,457 mi.",Gasoline,2.0 Liter Turbo,2,Majestic Black Pearl,Ebony,None reported,Yes,40598,5,True,64,False,Mid-Range
Audi,S4 3.0T Premium Plus,2013,"139,355 mi.",Gasoline,333.0HP 3.0L V6 Cylinder Engine Gasoline Fuel,7-Speed A/T,Black,Black,None reported,Yes,20900,13,False,200,True,Budget
Lotus,Evora Base,2010,"9,100 mi.",Gasoline,276.0HP 3.5L V6 Cylinder Engine Gasoline Fuel,6-Speed M/T,Black,White,None reported,Yes,55000,16,True,4,False,Premium
Mercedes-Benz,S-Class S 560 4MATIC,2019,"10,500 mi.",Gasoline,463.0HP 4.0L 8 Cylinder Engine Gasoline Fuel,9-Speed A/T,Silver,Brown,None reported,Yes,77900,7,True,315,True,Premium
Chevrolet,Silverado 1500 RST,2023,"5,006 mi.",Gasoline,5.3L V8 16V GDI OHV,10-Speed Automatic,Dark Ash Metallic,Black,None reported,Yes,59590,3,True,292,False,Premium
Hyundai,Genesis Coupe 2.0T R-Spec,2013,"55,000 mi.",Gasoline,260.0HP 2.0L 4 Cylinder Engine Gasoline Fuel,6-Speed M/T,White,Red,None reported,Yes,18000,13,False,72,False,Budget
BMW,M3 Competition,2021,"33,500 mi.",Gasoline,503.0HP 3.0L Straight 6 Cylinder Engine Gasoline Fuel,8-Speed A/T,Gray,Black,None reported,Yes,71000,5,True,375,True,Premium
BMW,435 i,2014,"126,500 mi.",Gasoline,300.0HP 3.0L Straight 6 Cylinder Engine Gasoline Fuel,A/T,White,Black,None reported,Yes,15000,12,False,375,True,Budget
Land,Rover Range Rover Evoque HSE Dynamic,2016,"79,000 mi.",Gasoline,240.0HP 2.0L 4 Cylinder Engine Gasoline Fuel,9-Speed A/T,Red,Red,None reported,Yes,24000,10,False,130,True,Mid-Range
Porsche,911 Targa 4 GTS,2018,"19,000 mi.",Gasoline,450.0HP 3.0L Flat 6 Cylinder Engine Gasoline Fuel,7-Speed A/T,Gray,Black,None reported,Yes,145000,8,True,201,True,Premium
RAM,3500 Tradesman,2021,"57,000 mi.",Diesel,400.0HP 6.7L Straight 6 Cylinder Engine Diesel Fuel,6-Speed A/T,Blue,Gray,None reported,Yes,52000,5,True,91,False,Premium
BMW,X5 xDrive40i,2020,"4,880 mi.",Gasoline,3.0 Liter Turbo,Automatic,White,Black,None reported,Yes,57998,6,True,375,True,Premium
Acura,NSX Base,2018,"6,523 mi.",Hybrid,3.5L V6 24V PDI DOHC Twin Turbo Hybrid,9-Speed Automatic with Auto-Shift,White,Ebony,None reported,Yes,143900,8,True,64,False,Premium
Mercedes-Benz,SL-Class SL500 Roadster,2005,"127,000 mi.",Gasoline,302.0HP 5.0L 8 Cylinder Engine Gasoline Fuel,7-Speed A/T,White,Beige,None reported,Yes,14000,21,False,315,True,Budget
Lexus,SC 430 Base,2002,"89,500 mi.",Gasoline,300.0HP 4.3L 8 Cylinder Engine Gasoline Fuel,A/T,Black,Black,None reported,Yes,15999,24,False,163,True,Budget
Chevrolet,Silverado 1500 Base,2000,"97,000 mi.",Gasoline,200.0HP 4.3L V6 Cylinder Engine Gasoline Fuel,A/T,White,Gray,None reported,Yes,27500,26,False,292,False,Mid-Range
Buick,Enclave Avenir,2021,"31,181 mi.",Gasoline,3.6L V6 24V GDI DOHC,9-Speed Automatic,Rich Garnet Metallic,Chestnut,At least 1 accident or damage reported,Yes,42442,5,True,30,False,Mid-Range
Lexus,NX 300h Base,2020,"16,425 mi.",Hybrid,2.5L I4 16V MPFI DOHC Hybrid,Automatic CVT,Gray,Black,At least 1 accident or damage reported,Yes,33200,6,True,163,True,Mid-Range
Lexus,RX 350 RX 350 F SPORT Handling,2022,"11,238 mi.",Gasoline,3.5 Liter DOHC,Automatic,Atomic Silver,Black,None reported,Yes,54798,4,True,163,True,Premium
Chevrolet,Avalanche 1500 LS,2005,"97,146 mi.",E85 Flex Fuel,295.0HP 5.3L 8 Cylinder Engine Flex Fuel Capability,Transmission Overdrive Switch,Black,Gray,At least 1 accident or damage reported,Yes,7999,21,False,292,False,Budget
Mercedes-Benz,SL-Class SL400,2015,"36,670 mi.",Gasoline,3.0 Liter,Automatic,White,Tan,None reported,Yes,39998,11,True,315,True,Mid-Range
Chevrolet,Suburban Premier,2019,"44,800 mi.",Gasoline,420.0HP 6.2L 8 Cylinder Engine Gasoline Fuel,6-Speed A/T,Black,Black,None reported,Yes,52500,7,True,292,False,Premium
Ford,Transit-350 Base,2015,"150,000 mi.",Gasoline,310.0HP 3.5L V6 Cylinder Engine Gasoline Fuel,A/T,Black,Gray,At least 1 accident or damage reported,Yes,17100,11,False,386,False,Budget
INFINITI,QX60 Luxe,2020,"38,400 mi.",Gasoline,295.0HP 3.5L V6 Cylinder Engine Gasoline Fuel,A/T,Blue,Beige,None reported,Yes,32100,6,True,59,False,Mid-Range
Bentley,Continental GTC Base,2008,"7,960 mi.",Gasoline,552.0HP 6.0L 12 Cylinder Engine Gasoline Fuel,6-Speed A/T,White,White,None reported,Yes,81500,18,True,33,False,Premium
Nissan,350Z Enthusiast,2007,"117,000 mi.",Gasoline,306.0HP 3.5L V6 Cylinder Engine Gasoline Fuel,A/T,Silver,Black,At least 1 accident or damage reported,Yes,9975,19,False,116,False,Budget
Rivian,R1S Adventure Package,2023,159 mi.,Gasoline,533.0HP Electric Motor Electric Fuel System,A/T,White,Black,None reported,Yes,95500,3,True,17,False,Premium
McLaren,570S Base,2017,"30,200 mi.",Gasoline,562.0HP 3.8L 8 Cylinder Engine Gasoline Fuel,Transmission w/Dual Shift Mode,Orange,Black,None reported,Yes,139000,9,True,6,False,Premium
Nissan,Altima 2.5 SL,2012,"91,545 mi.",Gasoline,175.0HP 2.5L 4 Cylinder Engine Gasoline Fuel,CVT Transmission,Silver,Black,None reported,Yes,8999,14,False,116,False,Budget
Land,Rover Range Rover 5.0L Supercharged,2015,"110,000 mi.",E85 Flex Fuel,510.0HP 5.0L 8 Cylinder Engine Flex Fuel Capability,A/T,Black,–,At least 1 accident or damage reported,Yes,26499,11,False,130,True,Mid-Range
BMW,X5 xDrive35i,2017,"105,100 mi.",Gasoline,300.0HP 3.0L Straight 6 Cylinder Engine Gasoline Fuel,8-Speed A/T,Gray,Black,At least 1 accident or damage reported,Yes,23300,9,False,375,True,Mid-Range
INFINITI,QX56 Base,2012,"110,000 mi.",Gasoline,400.0HP 5.6L 8 Cylinder Engine Gasoline Fuel,Transmission w/Dual Shift Mode,White,Beige,None reported,Yes,15600,14,False,59,False,Budget
Ford,F-150 XLT,2019,"81,778 mi.",Gasoline,3.5L V6 24V PDI DOHC Twin Turbo,Automatic,Black,Medium Earth Gray,None reported,Yes,32769,7,True,386,False,Mid-Range
Lexus,RX 450h Base,2010,"168,422 mi.",Hybrid,245.0HP 3.5L V6 Cylinder Engine Gas/Electric Hybrid,A/T,Black,Beige,At least 1 accident or damage reported,Yes,10900,16,False,163,True,Budget
Maserati,Ghibli S Q4 GranSport,2018,"80,500 mi.",Gasoline,424.0HP 3.0L V6 Cylinder Engine Gasoline Fuel,8-Speed A/T,Black,Black,None reported,Yes,34900,8,True,34,False,Mid-Range
Volvo,XC90 T6 Momentum,2018,"81,200 mi.",Gasoline,316.0HP 2.0L 4 Cylinder Engine Gasoline Fuel,8-Speed A/T,Black,Black,At least 1 accident or damage reported,Yes,28825,8,False,38,False,Mid-Range
Lamborghini,Huracan EVO Base,2020,"6,246 mi.",Gasoline,5.2L V10 40V GDI DOHC,7-Speed Automatic with Auto-Shift,Nero Noctis,Nero Ade,None reported,Yes,267950,6,True,26,False,Premium
Jeep,Wrangler Unlimited Rubicon,2017,"20,172 mi.",Gasoline,285.0HP 3.6L V6 Cylinder Engine Gasoline Fuel,Transmission w/Dual Shift Mode,Gray,Black,None reported,Yes,47500,9,True,143,False,Premium
Hummer,H2 Base,2005,"145,000 mi.",Gasoline,325.0HP 6.0L 8 Cylinder Engine Gasoline Fuel,4-Speed A/T,Green,Black,None reported,Yes,22500,21,False,16,False,Mid-Range
Ford,Flex Limited,2009,"162,000 mi.",Gasoline,262.0HP 3.5L V6 Cylinder Engine Gasoline Fuel,6-Speed A/T,Gray,Black,At least 1 accident or damage reported,Yes,7500,17,False,386,False,Budget
Porsche,718 Cayman GT4,2020,"13,554 mi.",Gasoline,414.0HP 4.0L Flat 6 Cylinder Engine Gasoline Fuel,6-Speed M/T,Blue,Black,None reported,Yes,124995,6,True,201,True,Premium
Toyota,Camry XLE,2007,"59,700 mi.",Gasoline,268.0HP 3.5L V6 Cylinder Engine Gasoline Fuel,6-Speed A/T,Green,Gray,None reported,Yes,9500,19,False,199,False,Budget
Mercedes-Benz,A-Class A 220 4MATIC,2020,"30,930 mi.",Gasoline,2.0L I4 16V GDI DOHC Turbo,7-Speed Automatic with Auto-Shift,Midnight Black,Black,None reported,Yes,28900,6,False,315,True,Mid-Range
BMW,335 i,2009,"51,983 mi.",Gasoline,300.0HP 3.0L Straight 6 Cylinder Engine Gasoline Fuel,6-Speed M/T,Gray,White,None reported,Yes,19999,17,False,375,True,Budget
Chevrolet,Camaro 2SS,2022,"22,000 mi.",Gasoline,455.0HP 6.2L 8 Cylinder Engine Gasoline Fuel,6-Speed M/T,Blue,Black,None reported,Yes,50000,4,True,292,False,Premium
Volkswagen,ID.4 Pro S,2023,"16,800 mi.",Gasoline,295.0HP Electric Motor Electric Fuel System,1-Speed A/T,Gray,Black,None reported,Yes,45000,3,True,59,False,Premium
Chevrolet,Silverado 2500 High Country,2022,"16,000 mi.",Diesel,445.0HP 6.6L 8 Cylinder Engine Diesel Fuel,A/T,Black,Black,At least 1 accident or damage reported,Yes,73995,4,True,292,False,Premium
Nissan,Altima 2.5 SV,2020,"22,295 mi.",Gasoline,2.5L I4 16V GDI DOHC,Automatic CVT,Scarlet Ember,Gray,None reported,Yes,23599,6,False,116,False,Mid-Range
Bentley,Continental GT V8,2020,"33,000 mi.",Gasoline,542.0HP 4.0L 8 Cylinder Engine Gasoline Fuel,A/T,Beige,Beige,None reported,Yes,188500,6,True,33,False,Premium
Toyota,Sequoia Platinum,2023,"1,025 mi.",Hybrid,437.0HP 3.4L V6 Cylinder Engine Gas/Electric Hybrid,10-Speed A/T,Black,Black,None reported,Yes,85000,3,True,199,False,Premium
Acura,TL Technology,2013,"89,190 mi.",Gasoline,305.0HP 3.7L V6 Cylinder Engine Gasoline Fuel,6-Speed A/T,Gray,White,At least 1 accident or damage reported,Yes,15499,13,False,64,False,Budget
Toyota,Highlander Limited,2020,"53,550 mi.",Gasoline,3.5L V6 24V PDI DOHC,8-Speed Automatic,Blue,Gray,None reported,Yes,39687,6,True,199,False,Mid-Range
Ford,Edge SEL,2021,"56,946 mi.",Gasoline,2.0L I4 16V GDI DOHC Turbo,8-Speed Automatic,Silver,Ebony,None reported,Yes,26299,5,False,386,False,Mid-Range
Jaguar,F-TYPE R,2016,"11,684 mi.",Gasoline,550.0HP 5.0L 8 Cylinder Engine Gasoline Fuel,8-Speed A/T,Black,Black,None reported,Yes,54900,10,True,47,True,Premium
GMC,Yukon XL Denali,2018,"45,617 mi.",Gasoline,420.0HP 6.2L 8 Cylinder Engine Gasoline Fuel,A/T,White,Gray,None reported,Yes,51000,8,True,91,False,Premium
Chevrolet,Suburban LT,2018,"75,466 mi.",Gasoline,355.0HP 5.3L 8 Cylinder Engine Gasoline Fuel,6-Speed A/T,Gray,Black,None reported,Yes,34500,8,True,292,False,Mid-Range
Maserati,Levante GTS,2021,"19,513 mi.",Gasoline,3.8L V8 32V GDI DOHC Twin Turbo,8-Speed Automatic,Black,Red / Black,At least 1 accident or damage reported,Yes,84645,5,True,34,False,Premium
Subaru,Outback Limited,2021,"15,636 mi.",Gasoline,2.5L H4 16V GDI DOHC,Automatic CVT,Crystal Black Silica,Black,None reported,Yes,33531,5,True,64,False,Mid-Range
Mercedes-Benz,S-Class S 450,2018,"69,600 mi.",Gasoline,362.0HP 3.0L V6 Cylinder Engine Gasoline Fuel,9-Speed A/T,Black,Black,None reported,Yes,40888,8,True,315,True,Mid-Range
Mercedes-Benz,GL-Class GL 450,2011,"138,050 mi.",Gasoline,335.0HP 4.7L 8 Cylinder Engine Gasoline Fuel,A/T,White,Beige,None reported,Yes,16500,15,False,315,True,Budget
Ford,F-250 Lariat,2017,"132,269 mi.",E85 Flex Fuel,385.0HP 6.2L 8 Cylinder Engine Flex Fuel Capability,A/T,Gray,Black,None reported,Yes,35900,9,True,386,False,Mid-Range
Hyundai,Palisade Limited,2020,"45,815 mi.",Gasoline,291.0HP 3.8L V6 Cylinder Engine Gasoline Fuel,Transmission w/Dual Shift Mode,Silver,Black,None reported,Yes,37700,6,True,72,False,Mid-Range
Ford,F-150 XLT,2021,"25,352 mi.",Gasoline,3.5L V6 24V PDI DOHC Twin Turbo,10-Speed Automatic,Gray,Black,None reported,Yes,48459,5,True,386,False,Premium
Mercedes-Benz,R-Class R 350 4MATIC,2008,"120,000 mi.",Gasoline,268.0HP 3.5L V6 Cylinder Engine Gasoline Fuel,7-Speed A/T,Silver,Black,None reported,Yes,8995,18,False,315,True,Budget
Chevrolet,Camaro 2SS,2018,"75,151 mi.",Gasoline,455.0HP 6.2L 8 Cylinder Engine Gasoline Fuel,6-Speed M/T,Gray,Black,At least 1 accident or damage reported,Yes,45000,8,True,292,False,Premium
Jeep,Wrangler Sport,2016,"74,139 mi.",Gasoline,285.0HP 3.6L V6 Cylinder Engine Gasoline Fuel,6-Speed M/T,Red,Black,None reported,Yes,23000,10,False,143,False,Mid-Range
Chevrolet,1500 Cheyenne,1994,"170,443 mi.",–,–,A/T,Red,–,At least 1 accident or damage reported,Yes,6000,32,False,292,False,Budget
Jaguar,XJ6 Vanden Plas,1995,"70,000 mi.",–,–,A/T,Gold,–,None reported,Yes,19000,31,False,47,True,Budget
BMW,550 i xDrive,2012,"68,500 mi.",Gasoline,400.0HP 4.4L 8 Cylinder Engine Gasoline Fuel,Transmission w/Dual Shift Mode,Black,Black,None reported,Yes,17800,14,False,375,True,Budget
Lexus,GX 460 Luxury,2020,"37,366 mi.",Gasoline,4.6L V8 32V MPFI DOHC,6-Speed Automatic,White,–,None reported,Yes,51890,6,True,163,True,Premium
Tesla,Model S Long Range,2021,"35,315 mi.",Gasoline,670.0HP Electric Motor Electric Fuel System,1-Speed A/T,White,Black,None reported,Yes,66900,5,True,87,False,Premium
Volkswagen,Jetta 1.4T SE,2017,"61,000 mi.",Gasoline,150.0HP 1.4L 4 Cylinder Engine Gasoline Fuel,A/T,White,Black,None reported,Yes,15995,9,False,59,False,Budget
Jeep,Grand Cherokee Limited,2022,"12,050 mi.",Gasoline,3.6L V6 24V MPFI DOHC,8-Speed Automatic,Bright White Clearcoat,Global Black,None reported,Yes,41599,4,True,143,False,Mid-Range
Jaguar,XK8 Base,2001,"150,000 mi.",Gasoline,290.0HP 4.0L 8 Cylinder Engine Gasoline Fuel,5-Speed A/T,Green,White,At least 1 accident or damage reported,Yes,9875,25,False,47,True,Budget
Porsche,Macan S,2016,"46,200 mi.",Gasoline,340.0HP 3.0L V6 Cylinder Engine Gasoline Fuel,Transmission w/Dual Shift Mode,Gray,Gray,At least 1 accident or damage reported,Yes,41500,10,True,201,True,Mid-Range
Mercedes-Benz,E-Class E 350,2014,"88,000 mi.",Gasoline,302.0HP 3.5L V6 Cylinder Engine Gasoline Fuel,A/T,Silver,Black,None reported,Yes,15500,12,False,315,True,Budget
Mercedes-Benz,GL-Class GL 450 4MATIC,2015,"47,000 mi.",Gasoline,362.0HP 3.0L V6 Cylinder Engine Gasoline Fuel,7-Speed A/T,Silver,Black,None reported,Yes,30089,11,False,315,True,Mid-Range
Land,Rover Range Rover 3.0L Supercharged HSE,2017,"50,340 mi.",Gasoline,380.0HP 3.0L V6 Cylinder Engine Gasoline Fuel,8-Speed A/T,White,Beige,At least 1 accident or damage reported,Yes,47000,9,True,130,True,Premium
Mercedes-Benz,E-Class E 350 4MATIC,2010,"67,800 mi.",Gasoline,268.0HP 3.5L V6 Cylinder Engine Gasoline Fuel,7-Speed A/T,Black,Black,None reported,Yes,13999,16,False,315,True,Budget
Dodge,Dakota Sport,2002,"150,000 mi.",Gasoline,175.0HP 3.9L V6 Cylinder Engine Gasoline Fuel,5-Speed M/T,Black,Gray,At least 1 accident or damage reported,Yes,5500,24,False,90,False,Budget
Chevrolet,Camaro ZL1,2018,"13,500 mi.",Gasoline,650.0HP 6.2L 8 Cylinder Engine Gasoline Fuel,6-Speed M/T,Black,Black,At least 1 accident or damage reported,Yes,54000,8,True,292,False,Premium
Hummer,H3 Base,2007,"101,750 mi.",Gasoline,242.0HP 3.7L 5 Cylinder Engine Gasoline Fuel,A/T,White,Black,None reported,Yes,12900,19,False,16,False,Budget
Honda,Odyssey EX-L,2022,"18,385 mi.",Gasoline,280.0HP 3.5L V6 Cylinder Engine Gasoline Fuel,10-Speed A/T,Red,Beige,None reported,Yes,37950,4,True,63,False,Mid-Range
Nissan,350Z Touring,2008,"123,500 mi.",Gasoline,306.0HP 3.5L V6 Cylinder Engine Gasoline Fuel,5-Speed A/T,Gray,Beige,At least 1 accident or damage reported,Yes,13500,18,False,116,False,Budget
GMC,Savana 2500 Work Van,2017,"117,000 mi.",E85 Flex Fuel,342.0HP 6.0L 8 Cylinder Engine Flex Fuel Capability,6-Speed A/T,Silver,Silver,None reported,Yes,38000,9,True,91,False,Mid-Range
Mercedes-Benz,E-Class E 350 4MATIC,2010,"86,121 mi.",Gasoline,268.0HP 3.5L V6 Cylinder Engine Gasoline Fuel,7-Speed A/T,Gray,Black,None reported,Yes,13600,16,False,315,True,Budget
Lexus,GX 460 Premium,2020,"22,466 mi.",Gasoline,301.0HP 4.6L 8 Cylinder Engine Gasoline Fuel,6-Speed A/T,White,Black,None reported,Yes,45900,6,True,163,True,Premium
Nissan,Titan XD SV,2017,"80,000 mi.",Gasoline,390.0HP 5.6L 8 Cylinder Engine Gasoline Fuel,7-Speed A/T,Silver,Black,None reported,Yes,23800,9,False,116,False,Mid-Range
Chrysler,300 Touring,2020,"23,152 mi.",Gasoline,292.0HP 3.6L V6 Cylinder Engine Gasoline Fuel,8-Speed A/T,White,White,None reported,Yes,28250,6,False,28,False,Mid-Range
Dodge,Charger R/T,2006,"91,300 mi.",Gasoline,350.0HP 5.7L 8 Cylinder Engine Gasoline Fuel,5-Speed A/T,Yellow,–,None reported,Yes,9200,20,False,90,False,Budget
Nissan,Pathfinder SL,2020,"45,000 mi.",Gasoline,284.0HP 3.5L V6 Cylinder Engine Gasoline Fuel,CVT Transmission,Black,Black,None reported,Yes,28999,6,False,116,False,Mid-Range
Rivian,R1S Launch Edition,2023,"1,885 mi.",Gasoline,835.0HP Electric Motor Electric Fuel System,1-Speed A/T,Green,White,None reported,Yes,93500,3,True,17,False,Premium
Ford,Explorer Platinum,2018,"73,049 mi.",Gasoline,3.5L V6 24V GDI DOHC Twin Turbo,6-Speed Automatic,Gray,Ebony Black,At least 1 accident or damage reported,Yes,30510,8,False,386,False,Mid-Range
Nissan,Titan SV,2021,"7,250 mi.",Gasoline,400.0HP 5.6L 8 Cylinder Engine Gasoline Fuel,9-Speed A/T,Black,Black,None reported,Yes,38000,5,True,116,False,Mid-Range
Jaguar,E-PACE S,2019,"44,000 mi.",Gasoline,246.0HP 2.0L 4 Cylinder Engine Gasoline Fuel,A/T,Black,Black,None reported,Yes,29000,7,False,47,True,Mid-Range
Ford,F-150 FX4,2014,"85,500 mi.",Gasoline,411.0HP 6.2L 8 Cylinder Engine Gasoline Fuel,Transmission w/Dual Shift Mode,Black,Black,None reported,Yes,26900,12,False,386,False,Mid-Range
GMC,Acadia Denali,2021,"18,083 mi.",Gasoline,3.6L V6 24V GDI DOHC,9-Speed Automatic,Ebony Twilight Metallic,Jet Black,None reported,Yes,43999,5,True,91,False,Premium
Lamborghini,Murcielago Base,2005,"22,703 mi.",Gasoline,571.0HP 6.2L 12 Cylinder Engine Gasoline Fuel,M/T,Black,Black,None reported,Yes,220000,21,True,26,False,Premium
Chevrolet,Camaro 1LT,2011,"111,000 mi.",Gasoline,312.0HP 3.6L V6 Cylinder Engine Gasoline Fuel,A/T,Blue,Black,None reported,Yes,10900,15,False,292,False,Budget
GMC,Acadia SLT-2,2013,"115,000 mi.",Gasoline,288.0HP 3.6L V6 Cylinder Engine Gasoline Fuel,6-Speed A/T,White,Brown,None reported,Yes,14000,13,False,91,False,Budget
Chevrolet,Malibu Premier,2021,"33,400 mi.",Gasoline,250.0HP 2.0L 4 Cylinder Engine Gasoline Fuel,A/T,White,Black,None reported,Yes,28000,5,False,292,False,Mid-Range
Toyota,Sequoia SR5,2007,"136,000 mi.",Gasoline,273.0HP 4.7L 8 Cylinder Engine Gasoline Fuel,A/T,Black,Beige,None reported,Yes,12500,19,False,199,False,Budget
Lexus,IS 350 F Sport,2021,"26,800 mi.",Gasoline,311.0HP 3.5L V6 Cylinder Engine Gasoline Fuel,8-Speed A/T,Black,Red,None reported,Yes,44000,5,True,163,True,Premium
Tesla,Model Y Performance,2022,"30,000 mi.",Gasoline,455.0HP Electric Motor Electric Fuel System,A/T,White,White,None reported,Yes,51999,4,True,87,False,Premium
Dodge,Challenger SRT8,2008,"251,634 mi.",Gasoline,425.0HP 6.1L 8 Cylinder Engine Gasoline Fuel,A/T,Silver,Black,None reported,Yes,10500,18,False,90,False,Budget
Chrysler,300 Touring,2005,"119,000 mi.",Gasoline,250.0HP 3.5L V6 Cylinder Engine Gasoline Fuel,A/T,Blue,Beige,None reported,Yes,3500,21,False,28,False,Budget
Cadillac,Escalade Sport Platinum,2021,"28,121 mi.",Gasoline,6.2L V8 16V GDI OHV,10-Speed Automatic,Black Raven,Jet Black,None reported,Yes,89000,5,True,107,False,Premium
Chrysler,Town & Country Touring,2009,"111,000 mi.",Gasoline,197.0HP 3.8L V6 Cylinder Engine Gasoline Fuel,A/T,Blue,Gray,None reported,Yes,7900,17,False,28,False,Budget
Mazda,CX-5 Touring,2016,"116,500 mi.",Gasoline,2.5L I4 16V GDI DOHC,6-Speed Automatic,Blue Reflex Mica,Black,None reported,Yes,14311,10,False,64,False,Budget
Acura,TL 3.2,2005,"199,296 mi.",Gasoline,270.0HP 3.2L V6 Cylinder Engine Gasoline Fuel,A/T,Black,Gray,None reported,Yes,4900,21,False,64,False,Budget
Chevrolet,Corvette Z06 w/2LZ,2023,202 mi.,Gasoline,670.0HP 5.5L 8 Cylinder Engine Gasoline Fuel,Transmission w/Dual Shift Mode,White,Red,None reported,Yes,179000,3,True,292,False,Premium
Tesla,Model Y Performance,2021,"11,200 mi.",Gasoline,455.0HP Electric Motor Electric Fuel System,1-Speed A/T,White,Black,None reported,Yes,47500,5,True,87,False,Premium
Volvo,XC40 T5 Momentum,2020,"56,536 mi.",Gasoline,2.0L I4 16V GDI DOHC Turbo,8-Speed Automatic,White,Charcoal,None reported,Yes,26599,6,False,38,False,Mid-Range
Chevrolet,Camaro 2SS,2016,"49,600 mi.",Gasoline,455.0HP 6.2L 8 Cylinder Engine Gasoline Fuel,8-Speed A/T,Blue,Black,None reported,Yes,32500,10,True,292,False,Mid-Range
Acura,TLX Type S PMC Edition,2023,"13,600 mi.",Gasoline,355.0HP 3.0L V6 Cylinder Engine Gasoline Fuel,10-Speed A/T,Blue,White,None reported,Yes,65000,3,True,64,False,Premium
Volkswagen,Eos 2.0T,2007,"59,700 mi.",Gasoline,200.0HP 2.0L 4 Cylinder Engine Gasoline Fuel,6-Speed A/T,Blue,White,None reported,Yes,10000,19,False,59,False,Budget
Dodge,Charger R/T Scat Pack,2018,"19,000 mi.",Gasoline,485.0HP 6.4L 8 Cylinder Engine Gasoline Fuel,Transmission w/Dual Shift Mode,Purple,Gray,None reported,Yes,44888,8,True,90,False,Premium
Chevrolet,Corvette Z06,2002,"17,300 mi.",Gasoline,405.0HP 5.7L 8 Cylinder Engine Gasoline Fuel,6-Speed M/T,Black,Black,None reported,Yes,33999,24,True,292,False,Mid-Range
Mercedes-Benz,CLA-Class CLA 250,2014,"91,140 mi.",Gasoline,208.0HP 2.0L 4 Cylinder Engine Gasoline Fuel,7-Speed A/T,Gray,Black,None reported,Yes,13500,12,False,315,True,Budget
BMW,M5 Base,2015,"33,000 mi.",Gasoline,560.0HP 4.4L 8 Cylinder Engine Gasoline Fuel,7-Speed A/T,Gray,Black,None reported,Yes,65000,11,True,375,True,Premium
Jeep,Wrangler Unlimited Sport,2019,"52,775 mi.",Gasoline,285.0HP 3.6L V6 Cylinder Engine Gasoline Fuel,8-Speed A/T,Gray,Black,None reported,Yes,39799,7,True,143,False,Mid-Range
Mitsubishi,Lancer Sportback ES,2011,"113,000 mi.",Gasoline,148.0HP 2.0L 4 Cylinder Engine Gasoline Fuel,5-Speed M/T,White,Black,None reported,Yes,5800,15,False,20,False,Budget
Porsche,Macan Base,2022,"13,000 mi.",Gasoline,261.0HP 2.0L 4 Cylinder Engine Gasoline Fuel,A/T,Black,Beige,None reported,Yes,60000,4,True,201,True,Premium
Mercedes-Benz,CLK-Class CLK 350,2009,"77,925 mi.",Gasoline,268.0HP 3.5L V6 Cylinder Engine Gasoline Fuel,Transmission w/Dual Shift Mode,Silver,Black,None reported,Yes,16500,17,False,315,True,Budget
Dodge,Challenger SRT8,2011,"106,500 mi.",–,–,5-Speed A/T,White,White,At least 1 accident or damage reported,Yes,22500,15,False,90,False,Mid-Range
Mazda,Mazda3 Grand Touring,2018,"15,175 mi.",Gasoline,2.5L I4 16V GDI DOHC,6-Speed Automatic,Snowflake White Pearl Metallic,Parchment,At least 1 accident or damage reported,Yes,19212,8,False,64,False,Budget
Audi,A3 2.0T Premium,2017,"137,000 mi.",Gasoline,186.0HP 2.0L 4 Cylinder Engine Gasoline Fuel,7-Speed A/T,White,Gray,None reported,Yes,10995,9,False,200,True,Budget
BMW,528 i,2015,"111,000 mi.",Gasoline,240.0HP 2.0L 4 Cylinder Engine Gasoline Fuel,8-Speed A/T,Gray,–,At least 1 accident or damage reported,Yes,15000,11,False,375,True,Budget
Land,Rover Range Rover 3.0L V6 Supercharged HSE,2019,"49,208 mi.",Gasoline,380.0HP 3.0L V6 Cylinder Engine Gasoline Fuel,Transmission w/Dual Shift Mode,Black,Black,None reported,Yes,62425,7,True,130,True,Premium
Audi,S5 3.0T Prestige,2018,"44,000 mi.",Gasoline,354.0HP 3.0L V6 Cylinder Engine Gasoline Fuel,8-Speed A/T,Gray,Black,None reported,Yes,39000,8,True,200,True,Mid-Range
Porsche,718 Boxster Base,2017,"26,000 mi.",Gasoline,300.0HP 2.0L 4 Cylinder Engine Gasoline Fuel,A/T,Gray,Black,None reported,Yes,45500,9,True,201,True,Premium
Chevrolet,Corvette Stingray w/2LT,2020,"1,800 mi.",Gasoline,490.0HP 6.2L 8 Cylinder Engine Gasoline Fuel,8-Speed A/T,Blue,Black,None reported,Yes,76000,6,True,292,False,Premium
Lamborghini,Urus Pearl Capsule,2021,"3,771 mi.",Gasoline,"4L V-8 gasoline direct injection, DOHC, variable valve control,",Automatic,Grigio Nimbus,Bianco Polar,None reported,Yes,259991,5,True,26,False,Premium
Maserati,Quattroporte S,2012,"50,000 mi.",Gasoline,425.0HP 4.7L 8 Cylinder Engine Gasoline Fuel,6-Speed A/T,White,Black,None reported,Yes,26497,14,False,34,False,Mid-Range
Subaru,Impreza 2.0i,2018,"93,000 mi.",Gasoline,152.0HP 2.0L 4 Cylinder Engine Gasoline Fuel,CVT Transmission,Silver,Black,At least 1 accident or damage reported,Yes,16000,8,False,64,False,Budget
Mercedes-Benz,AMG GT C,2020,"15,000 mi.",Gasoline,550.0HP 4.0L 8 Cylinder Engine Gasoline Fuel,7-Speed A/T,Gray,Black,None reported,Yes,129000,6,True,315,True,Premium
Mazda,Mazda6 i Touring,2016,"119,500 mi.",Gasoline,184.0HP 2.5L 4 Cylinder Engine Gasoline Fuel,Transmission w/Dual Shift Mode,Silver,Black,None reported,Yes,15000,10,False,64,False,Budget
Porsche,Macan S,2016,"50,000 mi.",Gasoline,340.0HP 3.0L V6 Cylinder Engine Gasoline Fuel,7-Speed A/T,Blue,Red,None reported,Yes,36000,10,True,201,True,Mid-Range
Porsche,Panamera 4,2011,"85,000 mi.",Gasoline,300.0HP 3.6L V6 Cylinder Engine Gasoline Fuel,A/T,Gray,Beige,None reported,Yes,21500,15,False,201,True,Budget
Genesis,G70 3.3T Advanced,2019,"48,000 mi.",Gasoline,365.0HP 3.3L V6 Cylinder Engine Gasoline Fuel,8-Speed A/T,Black,Black,None reported,Yes,29999,7,False,20,False,Mid-Range
Jeep,Wrangler Sport,2021,"11,756 mi.",Gasoline,"2L I-4 gasoline direct injection, DOHC, intercooled turbo, engin",Automatic,Granite Crystal Metallic Clearcoat,Black,At least 1 accident or damage reported,Yes,33400,5,True,143,False,Mid-Range
Audi,Q5 2.0T Premium Plus,2018,"50,400 mi.",Gasoline,252.0HP 2.0L 4 Cylinder Engine Gasoline Fuel,Transmission w/Dual Shift Mode,White,Beige,None reported,Yes,28500,8,False,200,True,Mid-Range
BMW,335 i xDrive,2012,"153,600 mi.",Gasoline,300.0HP 3.0L Straight 6 Cylinder Engine Gasoline Fuel,6-Speed M/T,Black,Black,None reported,Yes,17500,14,False,375,True,Budget
Land,Rover Range Rover P530 SE,2023,"1,869 mi.",Gasoline,4.4L V8 32V GDI DOHC Twin Turbo,Automatic,Eiger Grey,Deep Garnet,None reported,Yes,164725,3,True,130,True,Premium
Dodge,Durango SRT 392,2022,"31,917 mi.",Gasoline,475.0HP 6.4L 8 Cylinder Engine Gasoline Fuel,8-Speed A/T,Gray,Black,None reported,Yes,64683,4,True,90,False,Premium
BMW,M3 Base,2016,"56,235 mi.",Gasoline,425.0HP 3.0L Straight 6 Cylinder Engine Gasoline Fuel,6-Speed M/T,Orange,Orange,None reported,Yes,50500,10,True,375,True,Premium
Ford,Fiesta ST,2019,"28,724 mi.",Gasoline,197.0HP 1.6L 4 Cylinder Engine Gasoline Fuel,6-Speed M/T,Gray,Black,At least 1 accident or damage reported,Yes,18300,7,False,386,False,Budget
Lincoln,MKS Base,2015,"124,400 mi.",Gasoline,305.0HP 3.7L V6 Cylinder Engine Gasoline Fuel,6-Speed A/T,White,Black,At least 1 accident or damage reported,Yes,9500,11,False,52,False,Budget
Chevrolet,Tahoe Premier,2020,"137,000 mi.",Gasoline,355.0HP 5.3L 8 Cylinder Engine Gasoline Fuel,6-Speed A/T,Black,Black,None reported,Yes,46000,6,True,292,False,Premium
Ferrari,F430 Berlinetta,2005,"38,686 mi.",Gasoline,483.0HP 4.3L 8 Cylinder Engine Gasoline Fuel,Transmission w/Dual Shift Mode,White,Red,None reported,Yes,99999,21,True,12,False,Premium
Ford,F-250 Platinum,2022,"6,600 mi.",Gasoline,430.0HP 7.3L 8 Cylinder Engine Gasoline Fuel,10-Speed A/T,Blue,Black,At least 1 accident or damage reported,Yes,72900,4,True,386,False,Premium
Mercedes-Benz,SLK-Class SLK280 Roadster,2007,"67,200 mi.",Gasoline,228.0HP 3.0L V6 Cylinder Engine Gasoline Fuel,A/T,Silver,Black,None reported,Yes,11500,19,False,315,True,Budget
Porsche,Macan,2021,"16,554 mi.",Gasoline,2.0 Liter,Automatic,White,Beige,None reported,Yes,51698,5,True,201,True,Premium
BMW,X5 PHEV xDrive45e,2023,"15,736 mi.",Plug-In Hybrid,389.0HP 3.0L Straight 6 Cylinder Engine Plug-In Electric/Gas,8-Speed A/T,Blue,Brown,None reported,Yes,67900,3,True,375,True,Premium
Mercedes-Benz,E-Class E500,2005,"153,460 mi.",Gasoline,302.0HP 5.0L 8 Cylinder Engine Gasoline Fuel,A/T,Gold,Gold,At least 1 accident or damage reported,Yes,5800,21,False,315,True,Budget
Acura,TL 3.7,2012,"70,000 mi.",Gasoline,305.0HP 3.7L V6 Cylinder Engine Gasoline Fuel,A/T,Black,Black,At least 1 accident or damage reported,Yes,15051,14,False,64,False,Budget
Hyundai,Equus Signature,2011,"143,898 mi.",Gasoline,378.0HP 4.6L 8 Cylinder Engine Gasoline Fuel,6-Speed A/T,Gray,Brown,None reported,Yes,9950,15,False,72,False,Budget
Mercedes-Benz,SL-Class SL500 Roadster,2003,"26,190 mi.",Gasoline,302.0HP 5.0L 8 Cylinder Engine Gasoline Fuel,A/T,Gold,Beige,None reported,Yes,22000,23,False,315,True,Mid-Range
Toyota,Land Cruiser Base,2000,"209,193 mi.",Gasoline,230.0HP 4.7L 8 Cylinder Engine Gasoline Fuel,A/T,Black,Beige,None reported,Yes,15900,26,False,199,False,Budget
RAM,2500 Big Horn,2018,"27,839 mi.",Gasoline,6.4L V8 16V MPFI OHV,6-Speed Automatic,Granite Crystal Clearcoat Metallic,Diesel Gray / Black,None reported,Yes,41688,8,True,91,False,Mid-Range
Chevrolet,Silverado 2500 WT,2018,"141,195 mi.",E85 Flex Fuel,6.0L V8 16V MPFI OHV Flexible Fuel,6-Speed Automatic,Summit White,Dark Ash,None reported,Yes,28499,8,False,292,False,Mid-Range
Porsche,Macan S,2022,"20,250 mi.",Gasoline,375.0HP 2.9L V6 Cylinder Engine Gasoline Fuel,7-Speed A/T,White,Beige,None reported,Yes,68500,4,True,201,True,Premium
Jeep,Grand Cherokee L Limited,2022,"18,333 mi.",Gasoline,3.6L V6 24V MPFI DOHC,8-Speed Automatic,Velvet Red Pearlcoat,Global Black,None reported,Yes,41599,4,True,143,False,Mid-Range
Mercedes-Benz,E-Class E 350,2014,"35,000 mi.",Gasoline,302.0HP 3.5L V6 Cylinder Engine Gasoline Fuel,7-Speed A/T,Red,Beige,None reported,Yes,29998,12,False,315,True,Mid-Range
Dodge,Magnum Base,2006,"133,255 mi.",Gasoline,250.0HP 3.5L V6 Cylinder Engine Gasoline Fuel,A/T,Silver,Gray,None reported,Yes,4000,20,False,90,False,Budget
Porsche,Macan Turbo,2021,"14,526 mi.",Gasoline,2.9 Liter Turbo,Automatic,Black,–,None reported,Yes,79998,5,True,201,True,Premium
Mercedes-Benz,E-Class E 550,2014,"43,690 mi.",Gasoline,402.0HP 4.7L 8 Cylinder Engine Gasoline Fuel,A/T,Black,Black,None reported,Yes,23500,12,False,315,True,Mid-Range
Porsche,Macan S,2020,"29,136 mi.",Gasoline,3.0 Liter Turbo,Automatic,White,Red,None reported,Yes,58598,6,True,201,True,Premium
Cadillac,XT5 Luxury,2017,"72,060 mi.",Gasoline,3.6L V6 24V GDI DOHC,8-Speed Automatic,Stellar Black Metallic,Shara Beige,None reported,Yes,24590,9,False,107,False,Mid-Range
Toyota,Tundra Platinum,2023,"8,800 mi.",Gasoline,389.0HP 3.4L V6 Cylinder Engine Gasoline Fuel,A/T,Silver,Black,None reported,Yes,68500,3,True,199,False,Premium
Nissan,Versa 1.6 SL,2015,"85,768 mi.",Gasoline,109.0HP 1.6L 4 Cylinder Engine Gasoline Fuel,CVT Transmission,White,Black,At least 1 accident or damage reported,Yes,8250,11,False,116,False,Budget
Mercedes-Benz,AMG GT 53 Base,2022,"2,235 mi.",Hybrid,429.0HP 3.0L Straight 6 Cylinder Engine Gasoline/Mild Electric Hybrid,Transmission w/Dual Shift Mode,Gray,Red,None reported,Yes,110000,4,True,315,True,Premium
Buick,Enclave Avenir,2019,"121,521 mi.",Gasoline,3.6L V6 24V GDI DOHC,9-Speed Automatic,Dark Slate Metallic,Ebony / Ebony Accents,None reported,Yes,26772,7,False,30,False,Mid-Range
Porsche,911 GT3,2015,"23,700 mi.",Gasoline,475.0HP 3.8L Flat 6 Cylinder Engine Gasoline Fuel,Transmission w/Dual Shift Mode,Black,Black,None reported,Yes,144940,11,True,201,True,Premium
BMW,328 i,2013,"124,000 mi.",Gasoline,230.0HP 3.0L Straight 6 Cylinder Engine Gasoline Fuel,A/T,White,Beige,None reported,Yes,11900,13,False,375,True,Budget
Acura,ILX Premium Package,2018,"32,260 mi.",Gasoline,201.0HP 2.4L 4 Cylinder Engine Gasoline Fuel,A/T,Black,Black,None reported,Yes,20999,8,False,64,False,Budget
Lexus,GX 460 Base,2015,"92,000 mi.",Gasoline,301.0HP 4.6L 8 Cylinder Engine Gasoline Fuel,6-Speed A/T,Black,Black,None reported,Yes,28000,11,False,163,True,Mid-Range
Toyota,Land Cruiser Base,2010,"269,885 mi.",Gasoline,381.0HP 5.7L 8 Cylinder Engine Gasoline Fuel,6-Speed A/T,Black,Beige,At least 1 accident or damage reported,Yes,22500,16,False,199,False,Mid-Range
Chevrolet,Corvette Base,2008,"51,855 mi.",Gasoline,430.0HP 6.2L 8 Cylinder Engine Gasoline Fuel,6-Speed A/T,Red,Red,None reported,Yes,35900,18,True,292,False,Mid-Range
Mazda,Mazda6 i Touring,2015,"124,000 mi.",Gasoline,184.0HP 2.5L 4 Cylinder Engine Gasoline Fuel,6-Speed M/T,White,Beige,At least 1 accident or damage reported,Yes,12900,11,False,64,False,Budget
Jaguar,F-TYPE R,2015,"26,000 mi.",Gasoline,550.0HP 5.0L 8 Cylinder Engine Gasoline Fuel,8-Speed A/T,Blue,Red,None reported,Yes,52500,11,True,47,True,Premium
Audi,A3 2.0T Premium,2018,"36,500 mi.",Gasoline,220.0HP 2.0L 4 Cylinder Engine Gasoline Fuel,6-Speed A/T,Gray,Silver,At least 1 accident or damage reported,Yes,25500,8,False,200,True,Mid-Range
Chevrolet,Camaro 2SS,2022,"1,400 mi.",Gasoline,455.0HP 6.2L 8 Cylinder Engine Gasoline Fuel,10-Speed A/T,Black,Black,None reported,Yes,54900,4,True,292,False,Premium
Jeep,Wrangler Unlimited Sport S,2018,"17,000 mi.",Gasoline,285.0HP 3.6L V6 Cylinder Engine Gasoline Fuel,A/T,Black,Black,None reported,Yes,38500,8,True,143,False,Mid-Range
Honda,Civic Sport,2021,"42,750 mi.",Gasoline,1.5L I4 16V GDI DOHC Turbo,Automatic CVT,Black,Black,None reported,Yes,25698,5,False,63,False,Mid-Range
Porsche,Cayman Base,2011,"67,998 mi.",Gasoline,265.0HP 2.9L Flat 6 Cylinder Engine Gasoline Fuel,6-Speed M/T,White,Beige,None reported,Yes,30000,15,False,201,True,Mid-Range
Ford,Mustang GT,2008,"64,500 mi.",Gasoline,300.0HP 4.6L 8 Cylinder Engine Gasoline Fuel,5-Speed M/T,Black,Red,At least 1 accident or damage reported,Yes,16000,18,False,386,False,Budget
Toyota,FJ Cruiser Base,2007,"102,000 mi.",Gasoline,239.0HP 4.0L V6 Cylinder Engine Gasoline Fuel,6-Speed M/T,Blue,Black,None reported,Yes,24900,19,False,199,False,Mid-Range
Land,Rover Discovery SE,2004,"145,000 mi.",Gasoline,217.0HP 4.6L 8 Cylinder Engine Gasoline Fuel,A/T,Green,Beige,None reported,Yes,15500,22,False,130,True,Budget
Porsche,718 Boxster S,2018,"50,000 mi.",Gasoline,350.0HP 2.5L 4 Cylinder Engine Gasoline Fuel,A/T,Blue,Black,At least 1 accident or damage reported,Yes,55000,8,True,201,True,Premium
Chevrolet,Corvette Base,2004,"37,622 mi.",Gasoline,350.0HP 5.7L 8 Cylinder Engine Gasoline Fuel,A/T,Blue,Beige,None reported,Yes,25500,22,False,292,False,Mid-Range
Toyota,Avalon Limited,2006,"89,987 mi.",Gasoline,268.0HP 3.5L V6 Cylinder Engine Gasoline Fuel,5-Speed A/T,Green,Beige,None reported,Yes,9499,20,False,199,False,Budget
INFINITI,QX80 Base,2015,"136,390 mi.",Gasoline,5.6L V8 32V GDI DOHC,7-Speed Automatic,Black Obsidian,Black,None reported,Yes,20470,11,False,59,False,Budget
Cadillac,DeVille Base,1994,"90,000 mi.",–,–,A/T,Green,Beige,At least 1 accident or damage reported,Yes,2990,32,False,107,False,Budget
Chevrolet,Camaro 2SS,2015,"27,000 mi.",Gasoline,426.0HP 6.2L 8 Cylinder Engine Gasoline Fuel,Transmission w/Dual Shift Mode,Black,Beige,None reported,Yes,33000,11,True,292,False,Mid-Range
Jeep,Liberty Renegade,2004,"144,770 mi.",Gasoline,210.0HP 3.7L V6 Cylinder Engine Gasoline Fuel,4-Speed A/T,Beige,Beige,At least 1 accident or damage reported,Yes,6500,22,False,143,False,Budget
Toyota,4Runner Trail,2011,"157,000 mi.",Gasoline,270.0HP 4.0L V6 Cylinder Engine Gasoline Fuel,Transmission w/Dual Shift Mode,Black,Beige,None reported,Yes,23500,15,False,199,False,Mid-Range
BMW,328 i xDrive,2010,"132,000 mi.",Gasoline,230.0HP 3.0L Straight 6 Cylinder Engine Gasoline Fuel,Transmission w/Dual Shift Mode,Silver,Black,At least 1 accident or damage reported,Yes,8500,16,False,375,True,Budget
Ford,Excursion Limited Ultimate,2002,"137,000 mi.",Diesel,250.0HP 7.3L 8 Cylinder Engine Diesel Fuel,4-Speed A/T,Gold,Gold,None reported,Yes,15000,24,False,386,False,Budget
Lexus,IS 300 Base,2018,"50,992 mi.",Gasoline,260.0HP 3.5L V6 Cylinder Engine Gasoline Fuel,A/T,White,Gray,At least 1 accident or damage reported,Yes,28000,8,False,163,True,Mid-Range
Cadillac,CTS Performance,2010,"105,760 mi.",Gasoline,270.0HP 3.0L V6 Cylinder Engine Gasoline Fuel,6-Speed A/T,Black,Black,None reported,Yes,12900,16,False,107,False,Budget
Lexus,LC 500 Base,2018,"29,800 mi.",Gasoline,471.0HP 5.0L 8 Cylinder Engine Gasoline Fuel,10-Speed A/T,Black,Black,None reported,Yes,68495,8,True,163,True,Premium
BMW,540 i xDrive,2019,"21,000 mi.",Gasoline,335.0HP 3.0L Straight 6 Cylinder Engine Gasoline Fuel,Transmission w/Dual Shift Mode,Blue,Black,At least 1 accident or damage reported,Yes,42000,7,True,375,True,Mid-Range
Chevrolet,Corvette Base,1998,"152,195 mi.",Gasoline,340.0HP 5.7L 8 Cylinder Engine Gasoline Fuel,A/T,Black,Black,None reported,Yes,9900,28,False,292,False,Budget
Hummer,H2 Base,2006,"169,900 mi.",Gasoline,325.0HP 6.0L 8 Cylinder Engine Gasoline Fuel,A/T,Orange,Black,At least 1 accident or damage reported,Yes,16900,20,False,16,False,Budget
Volvo,XC90 3.2,2008,"196,000 mi.",Gasoline,235.0HP 3.2L Straight 6 Cylinder Engine Gasoline Fuel,A/T,Black,Beige,None reported,Yes,6499,18,False,38,False,Budget
Jeep,Wrangler Unlimited Sahara,2009,"180,036 mi.",Gasoline,202.0HP 3.8L V6 Cylinder Engine Gasoline Fuel,A/T,Black,Black,At least 1 accident or damage reported,Yes,9100,17,False,143,False,Budget
Land,Rover Discovery HSE LUXURY,2017,"57,918 mi.",Gasoline,340.0HP 3.0L V6 Cylinder Engine Gasoline Fuel,Transmission w/Dual Shift Mode,Gray,Gray,None reported,Yes,33500,9,True,130,True,Mid-Range
BMW,340 i,2017,"98,600 mi.",Gasoline,320.0HP 3.0L Straight 6 Cylinder Engine Gasoline Fuel,8-Speed A/T,Silver,Black,None reported,Yes,26500,9,False,375,True,Mid-Range
Ford,F-250 Lariat,2018,"120,000 mi.",Diesel,450.0HP 6.7L 8 Cylinder Engine Diesel Fuel,6-Speed A/T,Silver,Black,At least 1 accident or damage reported,Yes,55000,8,True,386,False,Premium
BMW,M3 Competition,2022,"14,269 mi.",Gasoline,503.0HP 3.0L Straight 6 Cylinder Engine Gasoline Fuel,8-Speed A/T,Gray,Orange,None reported,Yes,80000,4,True,375,True,Premium
Lexus,LC 500 Base,2022,"6,875 mi.",Gasoline,471.0HP 5.0L 8 Cylinder Engine Gasoline Fuel,A/T,White,Black,None reported,Yes,89000,4,True,163,True,Premium
Honda,CR-V Touring,2019,"55,100 mi.",Gasoline,1.5L I4 16V GDI DOHC Turbo,Automatic CVT,White,Gray,None reported,Yes,28324,7,False,63,False,Mid-Range
Porsche,Panamera S,2012,"49,000 mi.",Gasoline,400.0HP 4.8L 8 Cylinder Engine Gasoline Fuel,7-Speed A/T,White,Black,None reported,Yes,41500,14,True,201,True,Mid-Range
BMW,750 i,2009,"74,600 mi.",Gasoline,400.0HP 4.4L 8 Cylinder Engine Gasoline Fuel,A/T,White,Brown,None reported,Yes,15000,17,False,375,True,Budget
Audi,A7 3.0T Premium,2019,"45,900 mi.",Hybrid,335.0HP 3.0L V6 Cylinder Engine Gasoline/Mild Electric Hybrid,Transmission w/Dual Shift Mode,Black,Black,At least 1 accident or damage reported,Yes,41500,7,True,200,True,Mid-Range
Chrysler,200 Limited,2015,"95,271 mi.",E85 Flex Fuel,184.0HP 2.4L 4 Cylinder Engine Flex Fuel Capability,A/T,Black,Black,None reported,Yes,12468,11,False,28,False,Budget
Ford,F-150 XL,2021,"88,883 mi.",Gasoline,2.7L V6 24V PDI DOHC Twin Turbo,10-Speed Automatic,Agate Black Metallic,Black,None reported,Yes,33172,5,True,386,False,Mid-Range
Dodge,Grand Caravan R/T,2013,"43,000 mi.",E85 Flex Fuel,283.0HP 3.6L V6 Cylinder Engine Flex Fuel Capability,6-Speed A/T,Red,Black,None reported,Yes,35000,13,True,90,False,Mid-Range
Ford,Focus SE,2018,"33,700 mi.",E85 Flex Fuel,160.0HP 2.0L 4 Cylinder Engine Flex Fuel Capability,A/T,Gray,Black,At least 1 accident or damage reported,Yes,12000,8,False,386,False,Budget
RAM,2500 Big Horn,2016,"95,115 mi.",Diesel,6.7L I6 24V DDI OHV Turbo Diesel,6-Speed Automatic,Bright White Clearcoat,Diesel Gray / Black,None reported,Yes,43640,10,True,91,False,Premium
Lotus,Elise Base,2005,"25,250 mi.",Gasoline,190.0HP 1.8L 4 Cylinder Engine Gasoline Fuel,M/T,Red,Black,None reported,Yes,44000,21,True,4,False,Premium
Chevrolet,Corvette Base,2007,"20,200 mi.",Gasoline,400.0HP 6.0L 8 Cylinder Engine Gasoline Fuel,6-Speed A/T,Red,Red,None reported,Yes,27500,19,False,292,False,Mid-Range
Audi,allroad 2.0T Prestige,2013,"104,457 mi.",Gasoline,211.0HP 2.0L 4 Cylinder Engine Gasoline Fuel,8-Speed A/T,Silver,Black,None reported,Yes,17900,13,False,200,True,Budget
McLaren,570S Spider,2018,"8,984 mi.",Gasoline,3.8L V8 32V MPFI DOHC Twin Turbo,7-Speed Automatic with Auto-Shift,Vega Blue,Black,None reported,Yes,171900,8,True,6,False,Premium
Chevrolet,Express 2500 Work Van,2017,"76,000 mi.",Gasoline,285.0HP 4.8L 8 Cylinder Engine Gasoline Fuel,A/T,Silver,–,None reported,Yes,41400,9,True,292,False,Mid-Range
Chevrolet,Traverse High Country,2020,"56,247 mi.",Gasoline,3.6L V6 24V GDI DOHC,9-Speed Automatic,Stone Gray Metallic,Jet Black,None reported,Yes,39244,6,True,292,False,Mid-Range
Jeep,Wrangler S,1994,"50,750 mi.",–,–,5-Speed M/T,Blue,Gray,None reported,Yes,15000,32,False,143,False,Budget
Acura,ILX Technology Plus Package,2016,"61,000 mi.",Gasoline,201.0HP 2.4L 4 Cylinder Engine Gasoline Fuel,A/T,Black,Black,At least 1 accident or damage reported,Yes,21000,10,False,64,False,Budget
Chevrolet,Camaro 1LT,2019,"9,111 mi.",Gasoline,3.6L V6 GDI DOHC,8-Speed Automatic,Summit White,Jet Black,None reported,Yes,27599,7,False,292,False,Mid-Range
Lexus,ES 350 Base,2015,"100,900 mi.",Gasoline,3.5 Liter,Automatic,Matador Red Mica,Parchment,None reported,Yes,21998,11,False,163,True,Mid-Range
Ford,F-150 XLT,2021,"24,207 mi.",Gasoline,2.7L V6 24V PDI DOHC Twin Turbo,10-Speed Automatic,Black,–,None reported,Yes,43430,5,True,386,False,Premium
Tesla,Model Y Long Range,2022,"9,411 mi.",Gasoline,Dual Motor - Standard,Automatic,Silver,Black,None reported,Yes,47998,4,True,87,False,Premium
Chevrolet,Corvette Z06,2006,"21,000 mi.",Gasoline,505.0HP 7.0L 8 Cylinder Engine Gasoline Fuel,6-Speed M/T,Silver,Black,None reported,Yes,47500,20,True,292,False,Premium
Cadillac,CTS 3.6L Premium Luxury,2019,"136,150 mi.",Gasoline,335.0HP 3.6L V6 Cylinder Engine Gasoline Fuel,Transmission w/Dual Shift Mode,Silver,Black,At least 1 accident or damage reported,Yes,22500,7,False,107,False,Mid-Range
BMW,M3 Base,2009,"78,414 mi.",Gasoline,420.0HP 4.0L 8 Cylinder Engine Gasoline Fuel,7-Speed A/T,Silver,Gray,At least 1 accident or damage reported,Yes,28750,17,False,375,True,Mid-Range
Mazda,Mazda3 FWD w/Preferred Package,2019,"60,800 mi.",Gasoline,186.0HP 2.5L 4 Cylinder Engine Gasoline Fuel,6-Speed A/T,Red,Beige,None reported,Yes,19900,7,False,64,False,Budget
Ford,Maverick XLT,2022,"16,400 mi.",Hybrid,191.0HP 2.5L 4 Cylinder Engine Gas/Electric Hybrid,CVT Transmission,Gray,Gray,None reported,Yes,34000,4,True,386,False,Mid-Range
Toyota,Highlander Hybrid Limited,2018,"62,200 mi.",Hybrid,306.0HP 3.5L V6 Cylinder Engine Gas/Electric Hybrid,CVT Transmission,Brown,Beige,None reported,Yes,35707,8,True,199,False,Mid-Range
BMW,X6 xDrive40i,2021,"72,903 mi.",Hybrid,3.0 Liter Turbo,SCHEDULED FOR OR IN PRODUCTION,Black Sapphire Metallic,Black,At least 1 accident or damage reported,Yes,53998,5,True,375,True,Premium
Lincoln,Town Car Signature,2003,"142,215 mi.",Gasoline,239.0HP 4.6L 8 Cylinder Engine Gasoline Fuel,4-Speed A/T,Gray,Beige,None reported,Yes,5000,23,False,52,False,Budget
Mercedes-Benz,SL-Class SL550 Roadster,2007,"150,000 mi.",Gasoline,382.0HP 5.5L 8 Cylinder Engine Gasoline Fuel,A/T,Black,Black,None reported,Yes,8000,19,False,315,True,Budget
Ford,Mustang GT,1998,"49,170 mi.",Gasoline,225.0HP 4.6L 8 Cylinder Engine Gasoline Fuel,A/T,Silver,Black,None reported,Yes,12500,28,False,386,False,Budget
Chevrolet,Suburban 1500 LT,2015,"167,500 mi.",Gasoline,355.0HP 5.3L 8 Cylinder Engine Gasoline Fuel,6-Speed A/T,Silver,Black,None reported,Yes,18000,11,False,292,False,Budget
Ford,Fusion SE,2016,"110,450 mi.",Gasoline,231.0HP 2.0L 4 Cylinder Engine Gasoline Fuel,6-Speed A/T,Silver,Brown,None reported,Yes,11000,10,False,386,False,Budget
Audi,S4 3.0T Premium Plus,2014,"106,000 mi.",Gasoline,333.0HP 3.0L V6 Cylinder Engine Gasoline Fuel,6-Speed M/T,Gray,Black,At least 1 accident or damage reported,Yes,23000,12,False,200,True,Mid-Range
Chevrolet,Suburban Premier,2017,"92,728 mi.",Gasoline,355.0HP 5.3L 8 Cylinder Engine Gasoline Fuel,6-Speed A/T,White,Black,None reported,Yes,34900,9,True,292,False,Mid-Range
Ford,Bronco Big Bend,2022,"17,000 mi.",Gasoline,275.0HP 2.3L 4 Cylinder Engine Gasoline Fuel,A/T,Gray,–,None reported,Yes,44000,4,True,386,False,Premium
Ford,F-250 XL,2016,"75,200 mi.",E85 Flex Fuel,385.0HP 6.2L 8 Cylinder Engine Flex Fuel Capability,6-Speed A/T,White,Gray,None reported,Yes,22000,10,False,386,False,Mid-Range
Dodge,Challenger SRT Hellcat,2015,"1,800 mi.",Gasoline,707.0HP 6.2L 8 Cylinder Engine Gasoline Fuel,A/T,Green,Black,None reported,Yes,64990,11,True,90,False,Premium
Toyota,Tacoma TRD Sport,2019,"36,283 mi.",Gasoline,3.5 Liter,Automatic,Barcelona Red,Black,None reported,Yes,39598,7,True,199,False,Mid-Range
Audi,Q5 S line Premium Plus,2023,"6,682 mi.",Hybrid,2.0 Liter TFSI,Automatic,Mythos Black Metallic,Rock Gray,None reported,Yes,47798,3,True,200,True,Premium
Jeep,Wrangler Sport,2018,"23,399 mi.",Gasoline,2.0L I4 16V GDI DOHC Turbo,8-Speed Automatic,Black Clearcoat,Black,None reported,Yes,28999,8,False,143,False,Mid-Range
Genesis,G80 3.8,2017,"29,720 mi.",Gasoline,311.0HP 3.8L V6 Cylinder Engine Gasoline Fuel,8-Speed A/T,Brown,Beige,None reported,Yes,29500,9,False,20,False,Mid-Range
Mercedes-Benz,SL-Class SL63 AMG Roadster,2009,"56,000 mi.",Gasoline,518.0HP 6.3L 8 Cylinder Engine Gasoline Fuel,A/T,Black,Black,None reported,Yes,44850,17,True,315,True,Premium
Lexus,LX 570 Three-Row,2020,"59,419 mi.",Gasoline,383.0HP 5.7L 8 Cylinder Engine Gasoline Fuel,A/T,Silver,Beige,None reported,Yes,73000,6,True,163,True,Premium
Kia,Stinger GT2,2018,"69,100 mi.",Gasoline,365.0HP 3.3L V6 Cylinder Engine Gasoline Fuel,8-Speed A/T,Red,Black,None reported,Yes,32500,8,True,76,False,Mid-Range
Nissan,GT-R Premium,2021,"22,185 mi.",Gasoline,3.8L V6 24V MPFI DOHC Twin Turbo,6-Speed Automatic with Auto-Shift,Bayside Blue,Gray,None reported,Yes,131999,5,True,116,False,Premium
Chevrolet,Trailblazer SS,2008,"29,586 mi.",Gasoline,390.0HP 6.0L 8 Cylinder Engine Gasoline Fuel,A/T,White,Black,None reported,Yes,47900,18,True,292,False,Premium
Chevrolet,Silverado 2500 WT,2021,"63,866 mi.",Gasoline,6.6L V8 16V GDI OHV,Automatic,Silver Ice Metallic,Jet Black,None reported,Yes,41885,5,True,292,False,Mid-Range
Chevrolet,Suburban LTZ,2016,"135,484 mi.",Gasoline,5.3L V8 16V GDI OHV,6-Speed Automatic,Tungsten Metallic,Cocoa / Dune,None reported,Yes,29748,10,False,292,False,Mid-Range
Mercedes-Benz,E-Class E 350,2014,"78,500 mi.",Gasoline,302.0HP 3.5L V6 Cylinder Engine Gasoline Fuel,7-Speed A/T,Silver,Black,At least 1 accident or damage reported,Yes,17900,12,False,315,True,Budget
BMW,M3 Base,2012,"7,982 mi.",Gasoline,414.0HP 4.0L 8 Cylinder Engine Gasoline Fuel,7-Speed A/T,Silver,Red,None reported,Yes,51900,14,True,375,True,Premium
Bentley,Continental GT V8,2022,"1,795 mi.",Gasoline,"4L V-8 gasoline direct injection, DOHC, variable valve control,",Automatic,Onyx Black,Beluga,None reported,Yes,269991,4,True,33,False,Premium
Volkswagen,Golf R Base,2022,"1,067 mi.",Gasoline,315.0HP 2.0L 4 Cylinder Engine Gasoline Fuel,7-Speed A/T,White,Blue,None reported,Yes,48000,4,True,59,False,Premium
Ford,Explorer Limited,2017,"152,000 mi.",Gasoline,290.0HP 3.5L V6 Cylinder Engine Gasoline Fuel,6-Speed A/T,Gray,Black,None reported,Yes,15499,9,False,386,False,Budget
Honda,Odyssey LX,2011,"185,000 mi.",Gasoline,248.0HP 3.5L V6 Cylinder Engine Gasoline Fuel,A/T,Purple,–,None reported,Yes,8900,15,False,63,False,Budget
Dodge,Ram 2500 SLT Mega Cab,2007,"97,724 mi.",Diesel,350.0HP 6.7L Straight 6 Cylinder Engine Diesel Fuel,A/T,Red,Gray,None reported,Yes,19998,19,False,90,False,Budget
Honda,Civic Sport,2020,"22,227 mi.",Gasoline,2.0L I4 16V MPFI DOHC,Automatic CVT,Red,Black,None reported,Yes,25980,6,False,63,False,Mid-Range
Honda,Civic LX,2016,"111,000 mi.",Gasoline,158.0HP 2.0L 4 Cylinder Engine Gasoline Fuel,A/T,Blue,Black,None reported,Yes,13000,10,False,63,False,Budget
Ford,F-250 XLT,2019,"32,268 mi.",E85 Flex Fuel,385.0HP 6.2L 8 Cylinder Engine Flex Fuel Capability,6-Speed A/T,White,Gray,None reported,Yes,46500,7,True,386,False,Premium
Nissan,Pathfinder SV,2019,"122,009 mi.",Gasoline,3.5 Liter,Automatic,Gray,Black,None reported,Yes,18998,7,False,116,False,Budget
Land,Rover Range Rover HSE SWB,2020,"57,785 mi.",Hybrid,395.0HP 3.0L Straight 6 Cylinder Engine Gasoline/Mild Electric Hybrid,A/T,Black,Black,None reported,Yes,63995,6,True,130,True,Premium
BMW,M3 Base,2002,"204,884 mi.",Gasoline,333.0HP 3.2L Straight 6 Cylinder Engine Gasoline Fuel,6-Speed M/T,Silver,Black,At least 1 accident or damage reported,Yes,21500,24,False,375,True,Budget
Hummer,H2 Base,2003,"179,400 mi.",Gasoline,316.0HP 6.0L 8 Cylinder Engine Gasoline Fuel,A/T,White,Brown,At least 1 accident or damage reported,Yes,15000,23,False,16,False,Budget
Mazda,RX-8 R3,2009,"57,000 mi.",Gasoline,232.0HP 1.3L Rotary engine Gasoline Fuel,6-Speed M/T,Red,Black,None reported,Yes,14000,17,False,64,False,Budget
Lexus,LX 570 Three-Row,2021,"25,997 mi.",Gasoline,383.0HP 5.7L 8 Cylinder Engine Gasoline Fuel,A/T,Green,Brown,None reported,Yes,87000,5,True,163,True,Premium
Chevrolet,Suburban Z71,2022,"36,555 mi.",Gasoline,5.3L V8 16V GDI OHV,Automatic,Summit White,Jet Black,None reported,Yes,64288,4,True,292,False,Premium
Mercedes-Benz,S-Class S 580 4MATIC,2023,989 mi.,Gasoline,4.0L V8 32V GDI DOHC Twin Turbo,9-Speed Automatic,Black,Black,None reported,Yes,122950,3,True,315,True,Premium
Chevrolet,Corvette Base,2007,"28,514 mi.",Gasoline,400.0HP 6.0L 8 Cylinder Engine Gasoline Fuel,Transmission w/Dual Shift Mode,Red,Gray,None reported,Yes,32000,19,True,292,False,Mid-Range
Ford,Mustang GT Premium,2019,"10,400 mi.",Gasoline,460.0HP 5.0L 8 Cylinder Engine Gasoline Fuel,10-Speed A/T,Red,Gray,None reported,Yes,40000,7,True,386,False,Mid-Range
Chevrolet,Equinox Premier w/2LZ,2020,"51,133 mi.",Gasoline,2.0L I4 16V GDI DOHC Turbo,9-Speed Automatic,Iridescent Pearl Tricoat,Jet Black,At least 1 accident or damage reported,Yes,25800,6,False,292,False,Mid-Range
Chevrolet,Camaro Z28,1999,"58,800 mi.",Gasoline,305.0HP 5.7L 8 Cylinder Engine Gasoline Fuel,A/T,White,White,None reported,Yes,15000,27,False,292,False,Budget
Land,Rover Discovery HSE,2018,"85,000 mi.",Gasoline,340.0HP 3.0L V6 Cylinder Engine Gasoline Fuel,8-Speed A/T,Gray,Black,None reported,Yes,33000,8,True,130,True,Mid-Range
Jeep,Wrangler SE,2000,"95,200 mi.",Gasoline,120.0HP 2.5L 4 Cylinder Engine Gasoline Fuel,5-Speed M/T,Black,Black,None reported,Yes,11999,26,False,143,False,Budget
Toyota,Highlander XLE,2015,"68,575 mi.",Gasoline,270.0HP 3.5L V6 Cylinder Engine Gasoline Fuel,A/T,Silver,Gray,At least 1 accident or damage reported,Yes,26000,11,False,199,False,Mid-Range
Chevrolet,Corvette Grand Sport,2011,"12,300 mi.",Gasoline,430.0HP 6.2L 8 Cylinder Engine Gasoline Fuel,6-Speed A/T,Red,Black,None reported,Yes,45000,15,True,292,False,Premium
Chevrolet,Corvette Stingray,2018,"13,900 mi.",Gasoline,455.0HP 6.2L 8 Cylinder Engine Gasoline Fuel,8-Speed A/T,White,Red,None reported,Yes,54490,8,True,292,False,Premium
Mercedes-Benz,SLK-Class SLK230 Kompressor,2001,"58,800 mi.",Gasoline,190.0HP 2.3L 4 Cylinder Engine Gasoline Fuel,A/T,Silver,Black,None reported,Yes,9000,25,False,315,True,Budget
Nissan,Juke NISMO RS,2016,"30,700 mi.",Gasoline,215.0HP 1.6L 4 Cylinder Engine Gasoline Fuel,6-Speed M/T,Black,Black,At least 1 accident or damage reported,Yes,21500,10,False,116,False,Budget
Porsche,911 Carrera C2S,2005,"104,000 mi.",Gasoline,355.0HP 3.8L Flat 6 Cylinder Engine Gasoline Fuel,6-Speed M/T,Silver,Black,None reported,Yes,44800,21,True,201,True,Premium
Chevrolet,Colorado LT,2019,"139,116 mi.",Gasoline,3.6L V6 24V GDI DOHC,Automatic,Red,Jet Black,At least 1 accident or damage reported,Yes,24899,7,False,292,False,Mid-Range
Porsche,Macan S,2019,"36,700 mi.",Gasoline,348.0HP 3.0L V6 Cylinder Engine Gasoline Fuel,7-Speed A/T,Blue,Blue,At least 1 accident or damage reported,Yes,48990,7,True,201,True,Premium
Mercedes-Benz,GLE 350 Base 4MATIC,2022,"24,500 mi.",Gasoline,255.0HP 2.0L 4 Cylinder Engine Gasoline Fuel,9-Speed A/T,White,Beige,None reported,Yes,82150,4,True,315,True,Premium
Toyota,Land Cruiser Base,2017,"65,000 mi.",Gasoline,381.0HP 5.7L 8 Cylinder Engine Gasoline Fuel,A/T,Black,Brown,At least 1 accident or damage reported,Yes,65000,9,True,199,False,Premium
BMW,X6 xDrive40i,2021,"27,654 mi.",Hybrid,3.0 Liter Turbo,Automatic,Mineral White,Black,None reported,Yes,61998,5,True,375,True,Premium
Rivian,R1S Adventure Package,2023,542 mi.,Gasoline,835.0HP Electric Motor Electric Fuel System,A/T,Black,Black,None reported,Yes,92500,3,True,17,False,Premium
Toyota,Highlander Platinum,2020,"41,000 mi.",Gasoline,295.0HP 3.5L V6 Cylinder Engine Gasoline Fuel,8-Speed A/T,Blue,Black,None reported,Yes,38700,6,True,199,False,Mid-Range
Mercedes-Benz,SL-Class SL 63 AMG,2011,"47,400 mi.",Gasoline,518.0HP 6.3L 8 Cylinder Engine Gasoline Fuel,7-Speed A/T,White,Black,At least 1 accident or damage reported,Yes,41000,15,True,315,True,Mid-Range
Ford,Thunderbird Deluxe,2002,"40,110 mi.",Gasoline,252.0HP 3.9L 8 Cylinder Engine Gasoline Fuel,A/T,Yellow,Black,None reported,Yes,18500,24,False,386,False,Budget
RAM,2500 Big Horn,2014,"124,700 mi.",Gasoline,410.0HP 6.4L 8 Cylinder Engine Gasoline Fuel,6-Speed A/T,Silver,–,None reported,Yes,30000,12,False,91,False,Mid-Range
Ford,F-350 XLT,2013,"31,000 mi.",E85 Flex Fuel,316.0HP 6.2L 8 Cylinder Engine Flex Fuel Capability,A/T,Black,Gray,At least 1 accident or damage reported,Yes,35000,13,True,386,False,Mid-Range
Toyota,RAV4 Prime XSE,2022,"7,100 mi.",Plug-In Hybrid,302.0HP 2.5L 4 Cylinder Engine Plug-In Electric/Gas,A/T,Gray,Black,None reported,Yes,49000,4,True,199,False,Premium
Jeep,Grand Cherokee Limited,2018,"91,677 mi.",Gasoline,3.6L V6 24V MPFI DOHC,8-Speed Automatic,Granite Crystal Clearcoat Metallic,Black,None reported,Yes,26816,8,False,143,False,Mid-Range
Ford,Focus SE,2009,"107,500 mi.",Gasoline,132.0HP 2.0L 4 Cylinder Engine Gasoline Fuel,A/T,White,Black,None reported,Yes,9500,17,False,386,False,Budget
Porsche,911 Carrera 4 GTS,2023,"1,518 mi.",Gasoline,473.0HP 3.0L Flat 6 Cylinder Engine Gasoline Fuel,8-Speed A/T,Beige,Brown,None reported,Yes,194965,3,True,201,True,Premium
Chevrolet,Corvette Stingray w/2LT,2023,"5,200 mi.",Gasoline,490.0HP 6.2L 8 Cylinder Engine Gasoline Fuel,8-Speed A/T,White,Red,None reported,Yes,88900,3,True,292,False,Premium
Ford,F-150 XLT SuperCab,1999,"48,054 mi.",Gasoline,220.0HP 4.6L 8 Cylinder Engine Gasoline Fuel,A/T,White,Gray,None reported,Yes,9500,27,False,386,False,Budget
Porsche,Macan Base,2018,"87,500 mi.",Gasoline,252.0HP 2.0L 4 Cylinder Engine Gasoline Fuel,Transmission w/Dual Shift Mode,Blue,Beige,None reported,Yes,28000,8,False,201,True,Mid-Range
Acura,ZDX Base,2012,"106,335 mi.",Gasoline,300.0HP 3.7L V6 Cylinder Engine Gasoline Fuel,6-Speed A/T,White,Gray,None reported,Yes,19000,14,False,64,False,Budget
Chevrolet,Suburban Premier,2017,"133,598 mi.",Gasoline,5.3L V8 16V GDI OHV,6-Speed Automatic,Siren Red Tintcoat,Jet Black,At least 1 accident or damage reported,Yes,29999,9,False,292,False,Mid-Range
Chevrolet,Traverse Premier,2018,"68,455 mi.",Gasoline,3.6L V6 24V GDI DOHC,9-Speed Automatic,Silver Ice Metallic,Jet Black,None reported,Yes,30989,8,False,292,False,Mid-Range
Mercedes-Benz,E-Class E 400,2018,"28,690 mi.",Gasoline,329.0HP 3.0L V6 Cylinder Engine Gasoline Fuel,A/T,White,Beige,None reported,Yes,38880,8,True,315,True,Mid-Range
BMW,M3 Base,2012,"83,000 mi.",Gasoline,414.0HP 4.0L 8 Cylinder Engine Gasoline Fuel,7-Speed A/T,Black,Red,At least 1 accident or damage reported,Yes,31000,14,False,375,True,Mid-Range
Ford,F-250 XLT,2019,"38,600 mi.",Diesel,450.0HP 6.7L 8 Cylinder Engine Diesel Fuel,6-Speed A/T,Blue,–,None reported,Yes,54500,7,True,386,False,Premium
Toyota,Highlander SE,2019,"92,000 mi.",Gasoline,295.0HP 3.5L V6 Cylinder Engine Gasoline Fuel,A/T,Red,Beige,At least 1 accident or damage reported,Yes,30000,7,False,199,False,Mid-Range
Saturn,Sky Red Line,2009,"134,000 mi.",Gasoline,260.0HP 2.0L 4 Cylinder Engine Gasoline Fuel,5-Speed M/T,Blue,Black,At least 1 accident or damage reported,Yes,9500,17,False,5,False,Budget
Lexus,LS 460 Base,2012,"103,000 mi.",Gasoline,380.0HP 4.6L 8 Cylinder Engine Gasoline Fuel,A/T,White,Beige,None reported,Yes,20500,14,False,163,True,Budget
Honda,CR-V LX,2004,"176,261 mi.",Gasoline,160.0HP 2.4L 4 Cylinder Engine Gasoline Fuel,M/T,Gray,Gray,None reported,Yes,3750,22,False,63,False,Budget
Ford,Mustang GT Premium,2010,"58,500 mi.",Gasoline,315.0HP 4.6L 8 Cylinder Engine Gasoline Fuel,5-Speed M/T,White,Red,At least 1 accident or damage reported,Yes,20000,16,False,386,False,Budget
Ford,F-250 Limited,2018,"64,000 mi.",Diesel,450.0HP 6.7L 8 Cylinder Engine Diesel Fuel,A/T,Red,Beige,None reported,Yes,64000,8,True,386,False,Premium
Porsche,Boxster Black Edition,2016,"24,881 mi.",Gasoline,265.0HP 2.7L Flat 6 Cylinder Engine Gasoline Fuel,Transmission w/Dual Shift Mode,Black,Black,At least 1 accident or damage reported,Yes,49999,10,True,201,True,Premium
Chevrolet,Corvette Base,1998,"134,000 mi.",Gasoline,340.0HP 5.7L 8 Cylinder Engine Gasoline Fuel,A/T,Red,Beige,None reported,Yes,11500,28,False,292,False,Budget
Ford,Explorer XLT,2013,"82,900 mi.",Gasoline,290.0HP 3.5L V6 Cylinder Engine Gasoline Fuel,6-Speed A/T,White,Gray,At least 1 accident or damage reported,Yes,16000,13,False,386,False,Budget
BMW,Z4 3.0si,2008,"59,257 mi.",Gasoline,255.0HP 3.0L Straight 6 Cylinder Engine Gasoline Fuel,6-Speed M/T,Gray,Black,None reported,Yes,18200,18,False,375,True,Budget
Lexus,RX 350 F Sport,2016,"81,400 mi.",Gasoline,295.0HP 3.5L V6 Cylinder Engine Gasoline Fuel,8-Speed A/T,Gray,Red,At least 1 accident or damage reported,Yes,26000,10,False,163,True,Mid-Range
Hyundai,Accent SEL,2022,"5,100 mi.",Gasoline,120.0HP 1.6L 4 Cylinder Engine Gasoline Fuel,A/T,Blue,Black,None reported,Yes,19500,4,False,72,False,Budget
Ford,Expedition Max XLT,2020,"67,072 mi.",Gasoline,375.0HP 3.5L V6 Cylinder Engine Gasoline Fuel,A/T,Purple,Black,None reported,Yes,38500,6,True,386,False,Mid-Range
BMW,328 i xDrive,2016,"65,000 mi.",Gasoline,240.0HP 2.0L 4 Cylinder Engine Gasoline Fuel,Transmission w/Dual Shift Mode,Silver,Black,None reported,Yes,19500,10,False,375,True,Budget
Ford,Fusion SE,2014,"80,800 mi.",Gasoline,175.0HP 2.5L 4 Cylinder Engine Gasoline Fuel,A/T,Blue,Beige,None reported,Yes,10000,12,False,386,False,Budget
Ford,F-150 XLT,2020,"53,401 mi.",Gasoline,375.0HP 3.5L V6 Cylinder Engine Gasoline Fuel,10-Speed A/T,Gray,Black,None reported,Yes,39500,6,True,386,False,Mid-Range
Ford,F-150 Platinum,2021,"15,555 mi.",Gasoline,5.0L 8 Cylinder,10-Speed Automatic,Blue,Black,None reported,Yes,62890,5,True,386,False,Premium
Dodge,Ram 1500 SLT Mega Cab,2006,"201,509 mi.",Gasoline,345.0HP 5.7L 8 Cylinder Engine Gasoline Fuel,5-Speed A/T,Gray,Gray,At least 1 accident or damage reported,Yes,11000,20,False,90,False,Budget
Honda,Civic EX,2013,"107,000 mi.",Gasoline,140.0HP 1.8L 4 Cylinder Engine Gasoline Fuel,A/T,Silver,Black,None reported,Yes,14000,13,False,63,False,Budget
Land,Rover Range Rover Velar P250 S R-Dynamic,2020,"30,500 mi.",Gasoline,247.0HP 2.0L 4 Cylinder Engine Gasoline Fuel,A/T,Silver,Beige,None reported,Yes,44000,6,True,130,True,Premium
Toyota,Tacoma Base,2011,"36,000 mi.",Gasoline,159.0HP 2.7L 4 Cylinder Engine Gasoline Fuel,5-Speed M/T,Gray,Gray,None reported,Yes,20000,15,False,199,False,Budget
Ford,F-250 XLT,2019,"38,514 mi.",E85 Flex Fuel,385.0HP 6.2L 8 Cylinder Engine Flex Fuel Capability,A/T,Black,Gray,At least 1 accident or damage reported,Yes,45998,7,True,386,False,Premium
Mercedes-Benz,Sprinter 2500 Standard Roof,2022,"4,590 mi.",Gasoline,188.0HP 2.0L 4 Cylinder Engine Gasoline Fuel,A/T,White,Black,None reported,Yes,64000,4,True,315,True,Premium
RAM,2500 Big Horn,2019,"97,000 mi.",Diesel,370.0HP 6.7L Straight 6 Cylinder Engine Diesel Fuel,A/T,White,Gray,At least 1 accident or damage reported,Yes,45000,7,True,91,False,Premium
BMW,328 i xDrive,2011,"110,000 mi.",Gasoline,230.0HP 3.0L Straight 6 Cylinder Engine Gasoline Fuel,6-Speed A/T,Black,Beige,At least 1 accident or damage reported,Yes,6000,15,False,375,True,Budget
Ford,Explorer XLT,2017,"53,000 mi.",E85 Flex Fuel,290.0HP 3.5L V6 Cylinder Engine Flex Fuel Capability,6-Speed A/T,Red,Gray,At least 1 accident or damage reported,Yes,25000,9,False,386,False,Mid-Range
Chevrolet,Suburban LTZ,2016,"110,000 mi.",E85 Flex Fuel,355.0HP 5.3L 8 Cylinder Engine Flex Fuel Capability,A/T,Brown,Brown,None reported,Yes,30999,10,False,292,False,Mid-Range
Mazda,MX-5 Miata Sport,2006,"218,000 mi.",Gasoline,170.0HP 2.0L 4 Cylinder Engine Gasoline Fuel,6-Speed M/T,Black,Black,At least 1 accident or damage reported,Yes,4999,20,False,64,False,Budget
INFINITI,G35 Base,2003,"106,500 mi.",Gasoline,280.0HP 3.5L V6 Cylinder Engine Gasoline Fuel,6-Speed M/T,Red,Beige,None reported,Yes,9500,23,False,59,False,Budget
Chevrolet,Express 2500 Work Van,2012,"140,500 mi.",E85 Flex Fuel,324.0HP 6.0L 8 Cylinder Engine Flex Fuel Capability,A/T,White,Gray,None reported,Yes,11800,14,False,292,False,Budget
Ford,Explorer Eddie Bauer,2010,"144,200 mi.",Gasoline,210.0HP 4.0L V6 Cylinder Engine Gasoline Fuel,5-Speed A/T,Black,Beige,None reported,Yes,9999,16,False,386,False,Budget
Chevrolet,Suburban RST,2022,"21,400 mi.",Diesel,277.0HP 3.0L Straight 6 Cylinder Engine Diesel Fuel,10-Speed A/T,Gray,Black,None reported,Yes,69000,4,True,292,False,Premium
Mercedes-Benz,GL-Class GL 550 4MATIC,2015,"130,000 mi.",Gasoline,429.0HP 4.7L 8 Cylinder Engine Gasoline Fuel,7-Speed A/T,Blue,Black,None reported,Yes,24500,11,False,315,True,Mid-Range
Ford,Focus SE,2012,"108,045 mi.",Gasoline,160.0HP 2.0L 4 Cylinder Engine Gasoline Fuel,6-Speed A/T,Blue,Gray,None reported,Yes,6500,14,False,386,False,Budget
Subaru,Crosstrek Premium,2022,"10,000 mi.",Gasoline,152.0HP 2.0L 4 Cylinder Engine Gasoline Fuel,CVT Transmission,White,Black,None reported,Yes,28000,4,False,64,False,Mid-Range
Hyundai,Genesis Coupe 3.8 Track,2011,"75,000 mi.",Gasoline,306.0HP 3.8L V6 Cylinder Engine Gasoline Fuel,Transmission w/Dual Shift Mode,Red,Black,At least 1 accident or damage reported,Yes,12000,15,False,72,False,Budget
Chrysler,Town & Country LX,2009,"73,500 mi.",Gasoline,170.0HP 3.3L V6 Cylinder Engine Gasoline Fuel,A/T,Silver,Gray,At least 1 accident or damage reported,Yes,7858,17,False,28,False,Budget
Porsche,Panamera Turbo,2018,"29,850 mi.",Gasoline,550.0HP 4.0L 8 Cylinder Engine Gasoline Fuel,8-Speed A/T,Silver,Red,None reported,Yes,89750,8,True,201,True,Premium
Honda,Pilot EX-L,2016,"135,350 mi.",Gasoline,280.0HP 3.5L V6 Cylinder Engine Gasoline Fuel,6-Speed A/T,White,Beige,At least 1 accident or damage reported,Yes,19900,10,False,63,False,Budget
Mercedes-Benz,GLC 300 GLC 300,2022,"16,983 mi.",Gasoline,2.0 Liter Turbo,Automatic,Black,Black,None reported,Yes,40998,4,True,315,True,Mid-Range
Audi,A8 L 55,2019,"35,580 mi.",Hybrid,335.0HP 3.0L V6 Cylinder Engine Gasoline/Mild Electric Hybrid,8-Speed A/T,Black,Black,None reported,Yes,49500,7,True,200,True,Premium
Ford,Edge SE,2020,"71,200 mi.",Gasoline,250.0HP 2.0L 4 Cylinder Engine Gasoline Fuel,8-Speed A/T,White,Beige,None reported,Yes,18900,6,False,386,False,Budget
Dodge,Durango GT,2022,"24,778 mi.",Gasoline,3.6L V6 24V MPFI DOHC,8-Speed Automatic,Octane Red Pearlcoat,Black,At least 1 accident or damage reported,Yes,36599,4,True,90,False,Mid-Range
BMW,328 i,2015,"109,330 mi.",Gasoline,240.0HP 2.0L 4 Cylinder Engine Gasoline Fuel,A/T,Black,Beige,None reported,Yes,13349,11,False,375,True,Budget
Alfa,Romeo Stelvio Ti,2023,"6,645 mi.",Gasoline,2.0L I4 16V GDI SOHC Turbo,8-Speed Automatic,Alfa White,Black,None reported,Yes,43900,3,True,19,False,Premium
Mercedes-Benz,GL-Class GL 450 4MATIC,2007,"90,400 mi.",Gasoline,335.0HP 4.7L 8 Cylinder Engine Gasoline Fuel,7-Speed A/T,Silver,Beige,None reported,Yes,10199,19,False,315,True,Budget
Ford,Ranger XLT SuperCab,2002,"192,100 mi.",Gasoline,207.0HP 4.0L V6 Cylinder Engine Gasoline Fuel,5-Speed A/T,Gold,Beige,At least 1 accident or damage reported,Yes,6450,24,False,386,False,Budget
BMW,M3 CS,2018,"32,000 mi.",Gasoline,453.0HP 3.0L Straight 6 Cylinder Engine Gasoline Fuel,Transmission w/Dual Shift Mode,White,Black,None reported,Yes,70000,8,True,375,True,Premium
Volkswagen,Golf GTI 2.0T Autobahn,2022,"6,400 mi.",Gasoline,241.0HP 2.0L 4 Cylinder Engine Gasoline Fuel,A/T,Green,Black,None reported,Yes,41500,4,True,59,False,Mid-Range
Toyota,4Runner SR5 Premium,2021,"36,180 mi.",Gasoline,270.0HP 4.0L V6 Cylinder Engine Gasoline Fuel,A/T,Black,–,None reported,Yes,36990,5,True,199,False,Mid-Range
GMC,Yukon SLT,2014,"142,400 mi.",E85 Flex Fuel,320.0HP 5.3L 8 Cylinder Engine Flex Fuel Capability,A/T,Black,Black,At least 1 accident or damage reported,Yes,13500,12,False,91,False,Budget
Cadillac,ATS 2.0L Turbo Luxury,2016,"83,000 mi.",Gasoline,272.0HP 2.0L 4 Cylinder Engine Gasoline Fuel,8-Speed A/T,Red,Beige,None reported,Yes,16500,10,False,107,False,Budget
Nissan,Xterra S,2012,"80,000 mi.",Gasoline,261.0HP 4.0L V6 Cylinder Engine Gasoline Fuel,A/T,Black,Gray,None reported,Yes,14800,14,False,116,False,Budget
Ford,Bronco Badlands,2021,"32,437 mi.",Gasoline,315.0HP 2.7L V6 Cylinder Engine Gasoline Fuel,10-Speed A/T,Gray,Black,None reported,Yes,51000,5,True,386,False,Premium
BMW,328 i,2011,"67,500 mi.",Gasoline,230.0HP 3.0L Straight 6 Cylinder Engine Gasoline Fuel,6-Speed A/T,White,Beige,None reported,Yes,18000,15,False,375,True,Budget
Toyota,4Runner Limited,2021,"25,882 mi.",Gasoline,"4L V-6 DOHC, VVT-i variable valve control, engine with 270HP",Automatic,Midnight Black Metallic,–,None reported,Yes,43837,5,True,199,False,Premium
Porsche,911 Turbo,2018,"12,088 mi.",Gasoline,540.0HP 3.8L Flat 6 Cylinder Engine Gasoline Fuel,A/T,Gray,Black,None reported,Yes,169000,8,True,201,True,Premium
Toyota,Tundra SR5 Double Cab,2005,"170,000 mi.",Gasoline,282.0HP 4.7L 8 Cylinder Engine Gasoline Fuel,A/T,Silver,Beige,At least 1 accident or damage reported,Yes,11200,21,False,199,False,Budget
Ford,F-250 Lariat,2023,"3,763 mi.",Diesel,475.0HP 6.7L 8 Cylinder Engine Diesel Fuel,10-Speed A/T,Red,Black,None reported,Yes,92000,3,True,386,False,Premium
Land,Rover Range Rover Velar P380 S,2018,"46,000 mi.",Gasoline,380.0HP 3.0L V6 Cylinder Engine Gasoline Fuel,A/T,Red,Beige,None reported,Yes,40000,8,True,130,True,Mid-Range
Ford,F-250 XLT Crew Cab Super Duty,2008,"190,321 mi.",Diesel,350.0HP 6.4L 8 Cylinder Engine Diesel Fuel,A/T,White,Beige,None reported,Yes,15900,18,False,386,False,Budget
Porsche,Macan S,2018,"40,950 mi.",Gasoline,340.0HP 3.0L V6 Cylinder Engine Gasoline Fuel,7-Speed A/T,Black,Black,None reported,Yes,39750,8,True,201,True,Mid-Range
Mercedes-Benz,C-Class C 63 AMG,2014,"42,000 mi.",Gasoline,451.0HP 6.2L 8 Cylinder Engine Gasoline Fuel,7-Speed A/T,Gray,Black,None reported,Yes,45000,12,True,315,True,Premium
Nissan,Pathfinder S,2014,"135,000 mi.",Gasoline,260.0HP 3.5L V6 Cylinder Engine Gasoline Fuel,A/T,White,Brown,None reported,Yes,8500,12,False,116,False,Budget
Jeep,Gladiator Overland,2020,"20,655 mi.",Gasoline,3.6L V6 24V MPFI DOHC,8-Speed Automatic,Firecracker Red Clearcoat,Black,None reported,Yes,42850,6,True,143,False,Premium
Porsche,911 Carrera S,2023,"1,877 mi.",Gasoline,443.0HP 3.0L Flat 6 Cylinder Engine Gasoline Fuel,8-Speed A/T,Red,Red,None reported,Yes,185950,3,True,201,True,Premium
Ford,F-250 XLT,2019,"33,000 mi.",Diesel,450.0HP 6.7L 8 Cylinder Engine Diesel Fuel,6-Speed A/T,Black,Gray,None reported,Yes,59000,7,True,386,False,Premium
Ford,Fusion SE,2016,"68,000 mi.",Gasoline,175.0HP 2.5L 4 Cylinder Engine Gasoline Fuel,A/T,Black,Black,None reported,Yes,12500,10,False,386,False,Budget
Honda,Accord Sport,2013,"405,000 mi.",Gasoline,185.0HP 2.4L 4 Cylinder Engine Gasoline Fuel,CVT Transmission,Black,Black,None reported,Yes,6000,13,False,63,False,Budget
BMW,330 i xDrive,2018,"117,000 mi.",Gasoline,248.0HP 2.0L 4 Cylinder Engine Gasoline Fuel,8-Speed A/T,Black,Beige,None reported,Yes,17000,8,False,375,True,Budget
Acura,MDX Sport,2007,"183,455 mi.",Gasoline,300.0HP 3.7L V6 Cylinder Engine Gasoline Fuel,5-Speed A/T,White,Beige,At least 1 accident or damage reported,Yes,7700,19,False,64,False,Budget
Chevrolet,Suburban Premier,2021,"51,890 mi.",Gasoline,5.3L V8 16V GDI OHV,10-Speed Automatic,Shadow Gray Metallic,Jet Black,None reported,Yes,59980,5,True,292,False,Premium
Chevrolet,Suburban High Country,2021,"59,528 mi.",Gasoline,6.2L V8 16V GDI OHV,10-Speed Automatic,Satin Steel Metallic,Jet Black,None reported,Yes,68995,5,True,292,False,Premium
Cadillac,CTS-V Base,2006,"123,000 mi.",Gasoline,400.0HP 6.0L 8 Cylinder Engine Gasoline Fuel,6-Speed M/T,Black,Black,None reported,Yes,15000,20,False,107,False,Budget
Kia,Niro EV EX,2022,"20,000 mi.",Gasoline,201.0HP Electric Motor Electric Fuel System,1-Speed A/T,Silver,Black,None reported,Yes,29998,4,False,76,False,Mid-Range
BMW,X3 xDrive30i,2021,"38,352 mi.",Gasoline,2.0L I4 16V GDI DOHC Turbo,8-Speed Automatic,Phytonic Blue Metallic,Canberra Beige,None reported,Yes,37400,5,True,375,True,Mid-Range
Porsche,Taycan Base,2021,"13,344 mi.",Gasoline,321.0HP Electric Motor Electric Fuel System,2-Speed A/T,Black,Beige,At least 1 accident or damage reported,Yes,83499,5,True,201,True,Premium
Honda,S2000 CR,2008,"44,300 mi.",Gasoline,237.0HP 2.2L 4 Cylinder Engine Gasoline Fuel,M/T,Yellow,Black,None reported,Yes,62000,18,True,63,False,Premium
Lexus,HS 250h Premium,2010,"123,500 mi.",Hybrid,147.0HP 2.4L 4 Cylinder Engine Gas/Electric Hybrid,A/T,Red,Black,At least 1 accident or damage reported,Yes,9500,16,False,163,True,Budget
Lincoln,Navigator Base,2013,"134,000 mi.",E85 Flex Fuel,310.0HP 5.4L 8 Cylinder Engine Flex Fuel Capability,6-Speed A/T,Red,Black,None reported,Yes,21500,13,False,52,False,Budget
Ford,F-150 XLT,2020,"57,000 mi.",Gasoline,375.0HP 3.5L V6 Cylinder Engine Gasoline Fuel,10-Speed A/T,Gray,Gray,At least 1 accident or damage reported,Yes,37500,6,True,386,False,Mid-Range
Kia,K5 GT-Line,2021,"100,312 mi.",Gasoline,1.6L I4 16V GDI DOHC Turbo,8-Speed Automatic,Wolf Gray,Black,None reported,Yes,19980,5,False,76,False,Budget
Bentley,Continental GT W12,2021,"16,146 mi.",Gasoline,"6L W-12 port/direct injection, DOHC, variable valve control, twi",Automatic,Fountain Blue,Linen,None reported,Yes,239991,5,True,33,False,Premium
Tesla,Model S Performance,2012,"61,000 mi.",Gasoline,416.0HP Electric Motor Electric Fuel System,A/T,Green,Black,None reported,Yes,29000,14,False,87,False,Mid-Range
BMW,Z4 sDrive28i,2014,"15,889 mi.",Gasoline,240.0HP 2.0L 4 Cylinder Engine Gasoline Fuel,8-Speed A/T,Blue,Beige,None reported,Yes,34500,12,True,375,True,Mid-Range
BMW,528 i xDrive,2015,"125,500 mi.",Gasoline,240.0HP 2.0L 4 Cylinder Engine Gasoline Fuel,A/T,Black,Black,At least 1 accident or damage reported,Yes,12950,11,False,375,True,Budget
Ford,Expedition Limited,2013,"163,500 mi.",E85 Flex Fuel,310.0HP 5.4L 8 Cylinder Engine Flex Fuel Capability,A/T,Gray,Black,None reported,Yes,16490,13,False,386,False,Budget
Buick,Enclave Leather,2015,"89,726 mi.",Gasoline,288.0HP 3.6L V6 Cylinder Engine Gasoline Fuel,A/T,White,Brown,None reported,Yes,16000,11,False,30,False,Budget
Mercedes-Benz,SL-Class SL600 Roadster,2005,"93,000 mi.",Gasoline,493.0HP 5.5L 12 Cylinder Engine Gasoline Fuel,A/T,Black,Black,None reported,Yes,22500,21,False,315,True,Mid-Range
MINI,Cooper S Base,2012,"128,000 mi.",Gasoline,181.0HP 1.6L 4 Cylinder Engine Gasoline Fuel,6-Speed A/T,Black,Black,None reported,Yes,8500,14,False,33,False,Budget
Porsche,Cayenne Turbo,2017,"70,800 mi.",Gasoline,520.0HP 4.8L 8 Cylinder Engine Gasoline Fuel,Transmission w/Dual Shift Mode,White,Black,None reported,Yes,52999,9,True,201,True,Premium
Saturn,Vue Hybrid Base,2009,"115,000 mi.",Hybrid,172.0HP 2.4L 4 Cylinder Engine Gas/Electric Hybrid,A/T,Blue,Beige,None reported,Yes,4400,17,False,5,False,Budget
RAM,2500 Laramie,2018,"98,650 mi.",Diesel,350.0HP 6.7L Straight 6 Cylinder Engine Diesel Fuel,6-Speed A/T,Black,Black,None reported,Yes,56750,8,True,91,False,Premium
RAM,1500 Limited,2019,"87,768 mi.",Hybrid,395.0HP 5.7L 8 Cylinder Engine Gasoline/Mild Electric Hybrid,A/T,Silver,Black,None reported,Yes,44000,7,True,91,False,Premium
Chevrolet,Traverse RS,2023,"6,000 mi.",Gasoline,310.0HP 3.6L V6 Cylinder Engine Gasoline Fuel,9-Speed A/T,Gray,Black,None reported,Yes,48500,3,True,292,False,Premium
Lexus,RX 350 F SPORT Appearance,2021,"28,262 mi.",Gasoline,3.5 Liter,Automatic,Obsidian,–,None reported,Yes,49998,5,True,163,True,Premium
Mazda,CX-50 2.5 Turbo Premium Package,2023,"16,200 mi.",Gasoline,227.0HP 2.5L 4 Cylinder Engine Gasoline Fuel,6-Speed A/T,Blue,Beige,None reported,Yes,36900,3,True,64,False,Mid-Range
Cadillac,SRX Luxury Collection,2012,"87,500 mi.",E85 Flex Fuel,308.0HP 3.6L V6 Cylinder Engine Flex Fuel Capability,A/T,White,Beige,None reported,Yes,11499,14,False,107,False,Budget
FIAT,500 Lounge,2013,"85,458 mi.",Gasoline,101.0HP 1.4L 4 Cylinder Engine Gasoline Fuel,A/T,White,Beige,None reported,Yes,9000,13,False,5,False,Budget
Mercedes-Benz,EQS 450+ Base,2022,"16,500 mi.",Gasoline,329.0HP Electric Motor Electric Fuel System,A/T,Blue,White,None reported,Yes,69500,4,True,315,True,Premium
MINI,Cooper S Clubman Base,2009,"83,853 mi.",Gasoline,172.0HP 1.6L 4 Cylinder Engine Gasoline Fuel,6-Speed M/T,Gray,Black,At least 1 accident or damage reported,Yes,6950,17,False,33,False,Budget
BMW,X6 M50i,2022,"22,500 mi.",Gasoline,523.0HP 4.4L 8 Cylinder Engine Gasoline Fuel,Transmission w/Dual Shift Mode,Black,–,At least 1 accident or damage reported,Yes,74999,4,True,375,True,Premium
Lexus,LS 460 Base,2013,"99,524 mi.",Gasoline,386.0HP 4.6L 8 Cylinder Engine Gasoline Fuel,8-Speed A/T,Gray,Black,At least 1 accident or damage reported,Yes,24900,13,False,163,True,Mid-Range
Genesis,GV80 2.5T,2023,"8,100 mi.",Gasoline,300.0HP 2.5L 4 Cylinder Engine Gasoline Fuel,Transmission w/Dual Shift Mode,Silver,Beige,None reported,Yes,57300,3,True,20,False,Premium
MINI,Hardtop Cooper S,2016,"43,073 mi.",Gasoline,2.0L I4 16V GDI DOHC Turbo,6-Speed Automatic,Volcanic Orange,Carbon Black,None reported,Yes,17999,10,False,33,False,Budget
Land,Rover Range Rover Velar R-Dynamic S,2023,"12,425 mi.",Gasoline,I4,Automatic,Firenze Red,Ebony,None reported,Yes,57619,3,True,130,True,Premium
BMW,530 i xDrive,2020,"23,195 mi.",Gasoline,2.0L I4 16V GDI DOHC Turbo,8-Speed Automatic,Dark Graphite Metallic,Black,None reported,Yes,38900,6,True,375,True,Mid-Range
Jeep,Grand Cherokee Laredo,2011,"118,000 mi.",Gasoline,360.0HP 5.7L 8 Cylinder Engine Gasoline Fuel,A/T,Gold,Black,At least 1 accident or damage reported,Yes,12500,15,False,143,False,Budget
Toyota,Tacoma SR5,2018,"65,290 mi.",Gasoline,278.0HP 3.5L V6 Cylinder Engine Gasoline Fuel,6-Speed A/T,Blue,Black,At least 1 accident or damage reported,Yes,26450,8,False,199,False,Mid-Range
Porsche,911 Carrera Cabriolet,2001,"47,885 mi.",Gasoline,300.0HP 3.4L Flat 6 Cylinder Engine Gasoline Fuel,6-Speed M/T,Gray,Black,None reported,Yes,31995,25,True,201,True,Mid-Range
Jeep,Gladiator Sport S,2020,"13,000 mi.",Gasoline,285.0HP 3.6L V6 Cylinder Engine Gasoline Fuel,8-Speed A/T,Gray,–,None reported,Yes,39500,6,True,143,False,Mid-Range
Dodge,Challenger SRT Hellcat,2018,"29,475 mi.",Gasoline,707.0HP 6.2L 8 Cylinder Engine Gasoline Fuel,8-Speed A/T,Orange,Black,None reported,Yes,62999,8,True,90,False,Premium
Jeep,Renegade Trailhawk,2017,"78,717 mi.",Gasoline,180.0HP 2.4L 4 Cylinder Engine Gasoline Fuel,A/T,Black,Black,None reported,Yes,17500,9,False,143,False,Budget
Ford,F-150 Lariat,2021,"9,142 mi.",Hybrid,430.0HP 3.5L V6 Cylinder Engine Gas/Electric Hybrid,10-Speed A/T,Black,Gray,None reported,Yes,61500,5,True,386,False,Premium
Jaguar,XF Premium,2011,"106,000 mi.",Gasoline,385.0HP 5.0L 8 Cylinder Engine Gasoline Fuel,6-Speed A/T,Brown,Beige,At least 1 accident or damage reported,Yes,9400,15,False,47,True,Budget
RAM,1500 Laramie,2022,"3,521 mi.",Gasoline,5.7L V8 16V MPFI OHV,Automatic,Diamond Black,Black,None reported,Yes,51074,4,True,91,False,Premium
Volkswagen,Golf GTI 2.0T SE 4-Door,2016,"90,000 mi.",Gasoline,210.0HP 2.0L 4 Cylinder Engine Gasoline Fuel,6-Speed A/T,Gray,Black,None reported,Yes,16750,10,False,59,False,Budget
Porsche,Macan Turbo,2016,"46,000 mi.",Gasoline,400.0HP 3.6L V6 Cylinder Engine Gasoline Fuel,Transmission w/Dual Shift Mode,Gray,–,None reported,Yes,38000,10,True,201,True,Mid-Range
BMW,X4 M Competition,2020,"18,362 mi.",Gasoline,503.0HP 3.0L Straight 6 Cylinder Engine Gasoline Fuel,A/T,Black,Orange,None reported,Yes,60000,6,True,375,True,Premium
Lexus,RX 350 Base,2013,"164,500 mi.",Gasoline,270.0HP 3.5L V6 Cylinder Engine Gasoline Fuel,6-Speed A/T,White,Black,At least 1 accident or damage reported,Yes,16500,13,False,163,True,Budget
GMC,Terrain SLT,2020,"55,018 mi.",Gasoline,170.0HP 1.5L 4 Cylinder Engine Gasoline Fuel,9-Speed A/T,Black,Black,At least 1 accident or damage reported,Yes,25500,6,False,91,False,Mid-Range
Nissan,Maxima SV,2022,"36,466 mi.",Gasoline,3.5L V6 24V GDI DOHC,Automatic CVT,Brilliant Silver Metallic,Charcoal,None reported,Yes,24980,4,False,116,False,Mid-Range
Volvo,S60 B5 Inscription,2022,"14,280 mi.",Hybrid,247.0HP 2.0L 4 Cylinder Engine Gasoline/Mild Electric Hybrid,A/T,Blue,Black,None reported,Yes,36500,4,True,38,False,Mid-Range
Subaru,Outback 2.5i Premium,2013,"116,000 mi.",Gasoline,173.0HP 2.5L 4 Cylinder Engine Gasoline Fuel,A/T,Blue,Beige,At least 1 accident or damage reported,Yes,12500,13,False,64,False,Budget
RAM,1500 Laramie,2022,"16,184 mi.",Gasoline,5.7L V8 16V MPFI OHV,8-Speed Automatic,Granite Crystal Clearcoat Metallic,Black,None reported,Yes,46999,4,True,91,False,Premium
Porsche,Boxster Base,1997,"132,800 mi.",Gasoline,201.0HP 2.5L Flat 6 Cylinder Engine Gasoline Fuel,5-Speed M/T,Red,Beige,None reported,Yes,8500,29,False,201,True,Budget
Ford,Explorer XLT,2020,"45,000 mi.",Gasoline,300.0HP 2.3L 4 Cylinder Engine Gasoline Fuel,10-Speed A/T,Silver,Black,None reported,Yes,33500,6,True,386,False,Mid-Range
Ford,F-150 Lariat,2013,"102,000 mi.",Gasoline,365.0HP 3.5L V6 Cylinder Engine Gasoline Fuel,6-Speed A/T,White,Black,None reported,Yes,23000,13,False,386,False,Mid-Range
Ford,Excursion XLS,2004,"163,000 mi.",Diesel,325.0HP 6.0L 8 Cylinder Engine Diesel Fuel,5-Speed A/T,Silver,Gray,At least 1 accident or damage reported,Yes,18000,22,False,386,False,Budget
BMW,M8 Competition,2023,"3,500 mi.",Gasoline,617.0HP 4.4L 8 Cylinder Engine Gasoline Fuel,8-Speed A/T,Gray,Gray,None reported,Yes,129000,3,True,375,True,Premium
Porsche,Panamera GTS,2016,"42,526 mi.",Gasoline,440.0HP 4.8L 8 Cylinder Engine Gasoline Fuel,7-Speed A/T,Blue,Black,None reported,Yes,66200,10,True,201,True,Premium
Mazda,Mazda3 i Touring,2012,"144,900 mi.",Gasoline,155.0HP 2.0L 4 Cylinder Engine Gasoline Fuel,Transmission w/Dual Shift Mode,Black,–,None reported,Yes,6000,14,False,64,False,Budget
GMC,Sierra 1500 SLT,2016,"85,000 mi.",Gasoline,355.0HP 5.3L 8 Cylinder Engine Gasoline Fuel,A/T,White,Black,None reported,Yes,32750,10,True,91,False,Mid-Range
Mercedes-Benz,Sprinter 2500 Standard Roof,2022,"16,113 mi.",Diesel,188.0HP 3.0L V6 Cylinder Engine Diesel Fuel,A/T,Gray,Black,None reported,Yes,111000,4,True,315,True,Premium
Mercedes-Benz,GL-Class GL 450,2011,"93,000 mi.",Gasoline,335.0HP 4.7L 8 Cylinder Engine Gasoline Fuel,A/T,Gray,Beige,At least 1 accident or damage reported,Yes,11900,15,False,315,True,Budget
RAM,1500 Big Horn,2022,"11,468 mi.",Gasoline,5.7L V8 16V MPFI OHV,Automatic,Bright White Clearcoat,Black,None reported,Yes,50204,4,True,91,False,Premium
Lexus,NX 300 Base,2019,"25,470 mi.",Gasoline,235.0HP 2.0L 4 Cylinder Engine Gasoline Fuel,Transmission w/Dual Shift Mode,Silver,Red,None reported,Yes,32500,7,True,163,True,Mid-Range
BMW,435 i xDrive,2014,"90,347 mi.",Gasoline,300.0HP 3.0L Straight 6 Cylinder Engine Gasoline Fuel,8-Speed A/T,Silver,Black,None reported,Yes,21800,12,False,375,True,Mid-Range
GMC,Yukon SLE,2017,"96,000 mi.",Gasoline,355.0HP 5.3L 8 Cylinder Engine Gasoline Fuel,A/T,Gray,Black,None reported,Yes,34000,9,True,91,False,Mid-Range
Honda,Pilot EX-L,2016,"80,500 mi.",Gasoline,280.0HP 3.5L V6 Cylinder Engine Gasoline Fuel,6-Speed A/T,Gray,Black,None reported,Yes,23000,10,False,63,False,Mid-Range
Audi,A5 Sportback S line Premium Plus,2021,"35,000 mi.",Hybrid,261.0HP 2.0L 4 Cylinder Engine Gasoline/Mild Electric Hybrid,7-Speed A/T,Black,Black,None reported,Yes,37499,5,True,200,True,Mid-Range
Porsche,911 Carrera,1995,"49,900 mi.",–,–,6-Speed M/T,Silver,Gray,At least 1 accident or damage reported,Yes,97993,31,True,201,True,Premium
Honda,Civic Sport,2020,"121,212 mi.",Gasoline,1.5L I4 16V GDI DOHC Turbo,Automatic CVT,White,Sport,At least 1 accident or damage reported,Yes,18387,6,False,63,False,Budget
Mercedes-Benz,G 550 4x4 Squared Base,2018,"14,381 mi.",Gasoline,4.0L V8 32V GDI DOHC Twin Turbo,7-Speed Automatic,Designo Magno Matte,Black,None reported,Yes,204900,8,True,315,True,Premium
Porsche,Panamera Platinum Edition,2022,"13,500 mi.",Gasoline,325.0HP 2.9L V6 Cylinder Engine Gasoline Fuel,8-Speed A/T,Green,Black,None reported,Yes,86999,4,True,201,True,Premium
BMW,740e xDrive iPerformance,2019,"33,214 mi.",Plug-In Hybrid,322.0HP 2.0L 4 Cylinder Engine Plug-In Electric/Gas,A/T,White,Black,None reported,Yes,43500,7,True,375,True,Premium
Ford,F-250 XLT,2017,"29,719 mi.",E85 Flex Fuel,385.0HP 6.2L 8 Cylinder Engine Flex Fuel Capability,A/T,White,Gray,None reported,Yes,31000,9,False,386,False,Mid-Range
Lincoln,Corsair Standard,2022,"4,520 mi.",Gasoline,250.0HP 2.0L 4 Cylinder Engine Gasoline Fuel,8-Speed A/T,Beige,Beige,None reported,Yes,38500,4,True,52,False,Mid-Range
Hyundai,Sonata Sport,2017,"84,129 mi.",Gasoline,2.4L I4 16V GDI DOHC,6-Speed Automatic,Phantom Black,Graphite,None reported,Yes,14599,9,False,72,False,Budget
Nissan,Maxima 3.5 SR,2019,"72,150 mi.",Gasoline,300.0HP 3.5L V6 Cylinder Engine Gasoline Fuel,CVT Transmission,White,Black,At least 1 accident or damage reported,Yes,26999,7,False,116,False,Mid-Range
GMC,Yukon SLT,2015,"94,500 mi.",Gasoline,355.0HP 5.3L 8 Cylinder Engine Gasoline Fuel,A/T,White,Beige,At least 1 accident or damage reported,Yes,30000,11,False,91,False,Mid-Range
Mercedes-Benz,GLS 550 Base 4MATIC,2017,"88,454 mi.",Gasoline,449.0HP 4.7L 8 Cylinder Engine Gasoline Fuel,9-Speed A/T,White,Beige,None reported,Yes,39999,9,True,315,True,Mid-Range
Cadillac,CTS Base,2010,"81,696 mi.",Gasoline,270.0HP 3.0L V6 Cylinder Engine Gasoline Fuel,6-Speed A/T,Silver,Beige,At least 1 accident or damage reported,Yes,9499,16,False,107,False,Budget
Cadillac,CTS Base,2005,"94,100 mi.",Gasoline,255.0HP 3.6L V6 Cylinder Engine Gasoline Fuel,6-Speed M/T,White,Beige,None reported,Yes,6099,21,False,107,False,Budget
Ford,Explorer Limited,2022,"17,500 mi.",Hybrid,318.0HP 3.3L V6 Cylinder Engine Gas/Electric Hybrid,10-Speed A/T,White,Black,None reported,Yes,46000,4,True,386,False,Premium
Acura,RDX,2016,"132,252 mi.",Gasoline,3.5 Liter,Automatic,Crystal Black,Black,None reported,Yes,18998,10,False,64,False,Budget
Toyota,Highlander XLE,2022,"4,437 mi.",Gasoline,295.0HP 3.5L V6 Cylinder Engine Gasoline Fuel,Transmission w/Dual Shift Mode,Gray,Black,None reported,Yes,42000,4,True,199,False,Mid-Range
Volkswagen,Golf GTI 2.0T SE 4-Door,2018,"70,500 mi.",Gasoline,220.0HP 2.0L 4 Cylinder Engine Gasoline Fuel,Transmission w/Dual Shift Mode,White,Black,None reported,Yes,23000,8,False,59,False,Mid-Range
Nissan,Pickup Truck XE,1994,"89,144 mi.",–,–,A/T,Red,Gray,None reported,Yes,5899,32,False,116,False,Budget
Toyota,Corolla CE,2008,"170,000 mi.",Gasoline,126.0HP 1.8L 4 Cylinder Engine Gasoline Fuel,A/T,Gray,Gray,None reported,Yes,5199,18,False,199,False,Budget
Honda,Element EX,2008,"122,000 mi.",Gasoline,166.0HP 2.4L 4 Cylinder Engine Gasoline Fuel,A/T,Blue,Gray,None reported,Yes,10500,18,False,63,False,Budget
Toyota,Camry Solara SE,2008,"57,852 mi.",Gasoline,210.0HP 3.3L V6 Cylinder Engine Gasoline Fuel,A/T,Silver,Gray,None reported,Yes,13900,18,False,199,False,Budget
Hyundai,Genesis 4.6,2010,"120,321 mi.",Gasoline,378.0HP 4.6L 8 Cylinder Engine Gasoline Fuel,Transmission w/Dual Shift Mode,White,Beige,None reported,Yes,10500,16,False,72,False,Budget
BMW,325 Ci,2004,"178,000 mi.",Gasoline,184.0HP 2.5L Straight 6 Cylinder Engine Gasoline Fuel,5-Speed A/T,Blue,Brown,None reported,Yes,5750,22,False,375,True,Budget
BMW,M3 Base,2002,"60,255 mi.",Gasoline,333.0HP 3.2L Straight 6 Cylinder Engine Gasoline Fuel,6-Speed M/T,Yellow,Black,None reported,Yes,28750,24,False,375,True,Mid-Range
Land,Rover Range Rover Sport HSE Dynamic,2019,"77,690 mi.",Gasoline,380.0HP 3.0L V6 Cylinder Engine Gasoline Fuel,8-Speed A/T,White,Beige,None reported,Yes,43500,7,True,130,True,Premium
Chevrolet,Corvette ZR-1,2009,"18,000 mi.",Gasoline,638.0HP 6.2L 8 Cylinder Engine Gasoline Fuel,6-Speed M/T,Gray,Black,None reported,Yes,78000,17,True,292,False,Premium
Honda,Prelude Type SH,2001,"125,000 mi.",Gasoline,200.0HP 2.2L 4 Cylinder Engine Gasoline Fuel,5-Speed M/T,Red,Black,None reported,Yes,18000,25,False,63,False,Budget
Lexus,NX 300 Base,2021,"6,449 mi.",Gasoline,2.0L I4 16V PDI DOHC Turbo,6-Speed Automatic,Silver,Black,At least 1 accident or damage reported,Yes,35999,5,True,163,True,Mid-Range
Volkswagen,Golf GTI 2.0T SE 4-Door,2019,"33,000 mi.",Gasoline,228.0HP 2.0L 4 Cylinder Engine Gasoline Fuel,6-Speed M/T,Black,Black,None reported,Yes,27500,7,False,59,False,Mid-Range
Nissan,Armada LE,2009,"87,130 mi.",Gasoline,317.0HP 5.6L 8 Cylinder Engine Gasoline Fuel,A/T,Brown,Black,None reported,Yes,20000,17,False,116,False,Budget
Lexus,SC 300 Base,1998,"165,000 mi.",Gasoline,225.0HP 3.0L Straight 6 Cylinder Engine Gasoline Fuel,A/T,Purple,Beige,None reported,Yes,8700,28,False,163,True,Budget
Toyota,Camry Solara SLE,2008,"73,000 mi.",Gasoline,210.0HP 3.3L V6 Cylinder Engine Gasoline Fuel,5-Speed A/T,Blue,Beige,At least 1 accident or damage reported,Yes,11500,18,False,199,False,Budget
Porsche,Macan S,2020,"22,354 mi.",Gasoline,3.0L V6 24V GDI DOHC Turbo,7-Speed Automatic with Auto-Shift,Black,Black,None reported,Yes,54900,6,True,201,True,Premium
Tesla,Model Y Performance,2023,"6,188 mi.",Gasoline,455.0HP Electric Motor Electric Fuel System,A/T,Gray,White,None reported,Yes,53900,3,True,87,False,Premium
GMC,Terrain SLT,2019,"60,807 mi.",Gasoline,2.0L I4 16V GDI DOHC Turbo,9-Speed Automatic,Red Quartz Tintcoat,Medium Ash Gray,At least 1 accident or damage reported,Yes,25925,7,False,91,False,Mid-Range
Jeep,Compass Latitude,2014,"105,000 mi.",Gasoline,158.0HP 2.0L 4 Cylinder Engine Gasoline Fuel,A/T,Black,Black,None reported,Yes,10950,12,False,143,False,Budget
Audi,Q7 3.0T Prestige,2018,"63,400 mi.",Gasoline,333.0HP 3.0L V6 Cylinder Engine Gasoline Fuel,A/T,Black,Black,None reported,Yes,29900,8,False,200,True,Mid-Range
Ford,F-250 Platinum,2022,"4,500 mi.",Gasoline,430.0HP 7.3L 8 Cylinder Engine Gasoline Fuel,10-Speed A/T,Black,Black,None reported,Yes,86500,4,True,386,False,Premium
Jeep,Gladiator Overland,2020,"8,025 mi.",Gasoline,3.6L V6 24V MPFI DOHC,8-Speed Automatic,Firecracker Red Clearcoat,Black,None reported,Yes,42433,6,True,143,False,Mid-Range
Lincoln,Navigator L Reserve,2019,"49,131 mi.",Gasoline,3.5L V6 24V PDI DOHC Twin Turbo,10-Speed Automatic,Tan,–,None reported,Yes,55460,7,True,52,False,Premium
Tesla,Model X P100D,2017,"100,346 mi.",Gasoline,Electric Motor Electric Fuel System,1-Speed A/T,Silver,White,None reported,Yes,45999,9,True,87,False,Premium
Mercedes-Benz,CLS-Class CLS 400 4MATIC,2016,"62,285 mi.",Gasoline,329.0HP 3.0L V6 Cylinder Engine Gasoline Fuel,7-Speed A/T,Black,Black,At least 1 accident or damage reported,Yes,29950,10,False,315,True,Mid-Range
Lexus,RX 350 Base,2021,"5,040 mi.",Gasoline,295.0HP 3.5L V6 Cylinder Engine Gasoline Fuel,8-Speed A/T,Beige,Beige,At least 1 accident or damage reported,Yes,48900,5,True,163,True,Premium
RAM,1500 Laramie,2022,"12,940 mi.",Gasoline,5.7L V8 16V MPFI OHV,8-Speed Automatic,Bright White Clearcoat,Black,At least 1 accident or damage reported,Yes,46999,4,True,91,False,Premium
Mitsubishi,Outlander Sport ES,2015,"98,385 mi.",Gasoline,166.0HP 2.4L 4 Cylinder Engine Gasoline Fuel,CVT Transmission,Silver,Black,At least 1 accident or damage reported,Yes,10500,11,False,20,False,Budget
Hyundai,Sonata SE,2013,"43,903 mi.",Gasoline,200.0HP 2.4L 4 Cylinder Engine Gasoline Fuel,A/T,Red,Black,At least 1 accident or damage reported,Yes,12500,13,False,72,False,Budget
Ford,Mustang EcoBoost Premium,2017,"41,650 mi.",Gasoline,310.0HP 2.3L 4 Cylinder Engine Gasoline Fuel,A/T,Blue,Black,None reported,Yes,23600,9,False,386,False,Mid-Range
BMW,X5 PHEV xDrive45e,2022,"31,850 mi.",Plug-In Hybrid,389.0HP 3.0L Straight 6 Cylinder Engine Plug-In Electric/Gas,Transmission w/Dual Shift Mode,White,Black,None reported,Yes,60500,4,True,375,True,Premium
Hyundai,Sonata Hybrid Limited,2013,"96,419 mi.",Hybrid,199.0HP 2.4L 4 Cylinder Engine Gas/Electric Hybrid,6-Speed A/T,Black,Gray,At least 1 accident or damage reported,Yes,14999,13,False,72,False,Budget
Honda,Odyssey EX-L,2007,"170,000 mi.",Gasoline,244.0HP 3.5L V6 Cylinder Engine Gasoline Fuel,A/T,Black,Beige,None reported,Yes,7700,19,False,63,False,Budget
Chevrolet,Colorado LT Crew Cab,2009,"139,000 mi.",Gasoline,300.0HP 5.3L 8 Cylinder Engine Gasoline Fuel,A/T,Black,Black,None reported,Yes,14500,17,False,292,False,Budget
Buick,Enclave Premium,2016,"134,655 mi.",Gasoline,3.6L V6 24V GDI DOHC,6-Speed Automatic,Ebony Twilight Metallic,Ebony,None reported,Yes,18051,10,False,30,False,Budget
BMW,M235 i,2015,"81,000 mi.",Gasoline,320.0HP 3.0L Straight 6 Cylinder Engine Gasoline Fuel,6-Speed M/T,White,Red,None reported,Yes,27890,11,False,375,True,Mid-Range
McLaren,720S Performance,2020,"9,989 mi.",Gasoline,710.0HP 4.0L 8 Cylinder Engine Gasoline Fuel,7-Speed A/T,Black,Black,None reported,Yes,324995,6,True,6,False,Premium
Kia,Telluride SX,2022,"46,347 mi.",Gasoline,3.8L V6 24V GDI DOHC,8-Speed Automatic,Glacial White Pearl,Black,None reported,Yes,46120,4,True,76,False,Premium
Chevrolet,Corvette Base,2007,"4,048 mi.",Gasoline,400.0HP 6.0L 8 Cylinder Engine Gasoline Fuel,6-Speed M/T,Yellow,Gray,None reported,Yes,38000,19,True,292,False,Mid-Range
Mercedes-Benz,S-Class S 63 AMG,2015,"79,876 mi.",Gasoline,577.0HP 5.5L 8 Cylinder Engine Gasoline Fuel,7-Speed A/T,Black,White,None reported,Yes,45750,11,True,315,True,Premium
Toyota,Mirai Limited,2021,"44,000 mi.",not supported,182.0HP Electric Motor Hydrogen Fuel,A/T,Gray,Black,None reported,Yes,18500,5,False,199,False,Budget
Alfa,Romeo Giulia Ti,2017,"56,910 mi.",Gasoline,280.0HP 2.0L 4 Cylinder Engine Gasoline Fuel,Transmission w/Dual Shift Mode,Blue,Black,None reported,Yes,23000,9,False,19,False,Mid-Range
Land,Rover Range Rover Sport HSE,2019,"65,019 mi.",Gasoline,340.0HP 3.0L V6 Cylinder Engine Gasoline Fuel,A/T,Black,Beige,None reported,Yes,40500,7,True,130,True,Mid-Range
Nissan,370Z Touring,2009,"133,409 mi.",Gasoline,332.0HP 3.7L V6 Cylinder Engine Gasoline Fuel,6-Speed M/T,Silver,Gray,At least 1 accident or damage reported,Yes,14999,17,False,116,False,Budget
BMW,330 i xDrive,2018,"74,381 mi.",Gasoline,248.0HP 2.0L 4 Cylinder Engine Gasoline Fuel,8-Speed A/T,White,Brown,At least 1 accident or damage reported,Yes,22995,8,False,375,True,Mid-Range
Porsche,Macan,2023,"2,925 mi.",Gasoline,2.0L I4 16V GDI DOHC Turbo,7-Speed Automatic with Auto-Shift,Carrara White Metallic,Black,None reported,Yes,73300,3,True,201,True,Premium
BMW,128 i,2013,"67,874 mi.",Gasoline,230.0HP 3.0L Straight 6 Cylinder Engine Gasoline Fuel,6-Speed A/T,Gray,Black,None reported,Yes,18000,13,False,375,True,Budget
Mercedes-Benz,AMG GLE 63 S Coupe 4MATIC,2018,"71,500 mi.",Gasoline,577.0HP 5.5L 8 Cylinder Engine Gasoline Fuel,7-Speed A/T,White,White,None reported,Yes,61000,8,True,315,True,Premium
Jeep,Wrangler Sport,2014,"71,000 mi.",Gasoline,285.0HP 3.6L V6 Cylinder Engine Gasoline Fuel,5-Speed A/T,Gray,Black,None reported,Yes,22000,12,False,143,False,Mid-Range
Ford,F-150 Raptor,2018,"64,517 mi.",Gasoline,450.0HP 3.5L V6 Cylinder Engine Gasoline Fuel,10-Speed A/T,Black,Black,None reported,Yes,47995,8,True,386,False,Premium
Dodge,Sprinter 2500 High Roof,2004,"55,000 mi.",Diesel,154.0HP 2.7L 5 Cylinder Engine Diesel Fuel,A/T,White,Gray,None reported,Yes,24000,22,False,90,False,Mid-Range
BMW,M550 i xDrive,2019,"7,580 mi.",Gasoline,456.0HP 4.4L 8 Cylinder Engine Gasoline Fuel,Transmission w/Dual Shift Mode,Black,Black,None reported,Yes,51500,7,True,375,True,Premium
Hyundai,Sonata GLS,2010,"135,000 mi.",Gasoline,168.0HP 2.4L 4 Cylinder Engine Gasoline Fuel,Transmission w/Dual Shift Mode,Blue,Gray,None reported,Yes,3999,16,False,72,False,Budget
Honda,Accord EX-L,2019,"62,200 mi.",Gasoline,192.0HP 1.5L 4 Cylinder Engine Gasoline Fuel,A/T,White,Black,At least 1 accident or damage reported,Yes,21500,7,False,63,False,Budget
Cadillac,CTS 3.6L Premium,2014,"69,001 mi.",Gasoline,321.0HP 3.6L V6 Cylinder Engine Gasoline Fuel,6-Speed A/T,Red,Black,None reported,Yes,19500,12,False,107,False,Budget
Toyota,4Runner Venture Special Edition,2021,"28,567 mi.",Gasoline,"4L V-6 DOHC, VVT-i variable valve control, regular unleaded, eng",Automatic,–,Black/Graphite,None reported,Yes,44775,5,True,199,False,Premium
Jaguar,XJ8 L,2006,"78,049 mi.",Gasoline,300.0HP 4.2L 8 Cylinder Engine Gasoline Fuel,6-Speed A/T,White,Beige,None reported,Yes,13980,20,False,47,True,Budget
Ford,F-150 Lariat,2021,"36,821 mi.",Gasoline,3.5L V6 24V PDI DOHC Twin Turbo,Automatic,Agate Black Metallic,Black,None reported,Yes,49273,5,True,386,False,Premium
Chevrolet,Suburban High Country,2021,"23,292 mi.",Gasoline,420.0HP 6.2L 8 Cylinder Engine Gasoline Fuel,10-Speed A/T,Brown,Black,None reported,Yes,73500,5,True,292,False,Premium
Chevrolet,Suburban 1500 LTZ,2010,"162,671 mi.",E85 Flex Fuel,320.0HP 5.3L 8 Cylinder Engine Flex Fuel Capability,A/T,Black,Black,None reported,Yes,12000,16,False,292,False,Budget
Land,Rover LR2 HSE,2010,"100,472 mi.",Gasoline,230.0HP 3.2L Straight 6 Cylinder Engine Gasoline Fuel,6-Speed A/T,Gray,Beige,None reported,Yes,9975,16,False,130,True,Budget
Subaru,WRX Limited,2017,"73,120 mi.",Gasoline,268.0HP 2.0L 4 Cylinder Engine Gasoline Fuel,CVT Transmission,White,Black,At least 1 accident or damage reported,Yes,19950,9,False,64,False,Budget
Ford,Expedition Timberline,2022,"23,300 mi.",Gasoline,440.0HP 3.5L V6 Cylinder Engine Gasoline Fuel,10-Speed A/T,Green,Green,None reported,Yes,67500,4,True,386,False,Premium
Honda,Clarity Plug-In Hybrid Base,2018,"71,000 mi.",Plug-In Hybrid,212.0HP 1.5L 4 Cylinder Engine Plug-In Electric/Gas,A/T,Red,Beige,At least 1 accident or damage reported,Yes,17500,8,False,63,False,Budget
RAM,3500 Laramie,2022,"16,648 mi.",Diesel,6.7L I6 24V DDI OHV Turbo Diesel,6-Speed Automatic,Flame Red Clearcoat,Black,None reported,Yes,70999,4,True,91,False,Premium
Chevrolet,Silverado 2500 LT,2011,"240,000 mi.",Diesel,335.0HP 6.6L 8 Cylinder Engine Diesel Fuel,6-Speed A/T,White,Black,None reported,Yes,18500,15,False,292,False,Budget
Lexus,RX 450h Base,2013,"119,755 mi.",Hybrid,295.0HP 3.5L V6 Cylinder Engine Gas/Electric Hybrid,Transmission w/Dual Shift Mode,Silver,Black,None reported,Yes,19500,13,False,163,True,Budget
Mercedes-Benz,M-Class ML 350 4MATIC,2015,"88,000 mi.",E85 Flex Fuel,302.0HP 3.5L V6 Cylinder Engine Flex Fuel Capability,A/T,Silver,Gray,None reported,Yes,19500,11,False,315,True,Budget
BMW,X5 xDrive40i,2021,"41,000 mi.",Hybrid,335.0HP 3.0L Straight 6 Cylinder Engine Gasoline/Mild Electric Hybrid,8-Speed A/T,White,Black,None reported,Yes,50000,5,True,375,True,Premium
Chevrolet,Camaro 2SS,2022,"7,458 mi.",Gasoline,455.0HP 6.2L 8 Cylinder Engine Gasoline Fuel,6-Speed M/T,Red,Black,None reported,Yes,47500,4,True,292,False,Premium
Jeep,Gladiator Sport S,2022,"23,000 mi.",Gasoline,285.0HP 3.6L V6 Cylinder Engine Gasoline Fuel,A/T,Green,Black,None reported,Yes,43000,4,True,143,False,Premium
Land,Rover Discovery LSE,1998,"149,437 mi.",Gasoline,182.0HP 4.0L 8 Cylinder Engine Gasoline Fuel,A/T,Green,Beige,None reported,Yes,9995,28,False,130,True,Budget
Ford,F-250 XLT,2017,"244,000 mi.",Diesel,440.0HP 6.7L 8 Cylinder Engine Diesel Fuel,6-Speed A/T,Red,Beige,None reported,Yes,35500,9,True,386,False,Mid-Range
RAM,1500 Rebel,2019,"46,000 mi.",Hybrid,305.0HP 3.6L V6 Cylinder Engine Gasoline/Mild Electric Hybrid,8-Speed A/T,White,–,None reported,Yes,37900,7,True,91,False,Mid-Range
Audi,Q5 S line Premium Plus,2022,"13,133 mi.",Hybrid,2.0 Liter TFSI,Automatic,Silver,Black,None reported,Yes,42998,4,True,200,True,Premium
RAM,1500 SLT,2017,"45,000 mi.",Gasoline,395.0HP 5.7L 8 Cylinder Engine Gasoline Fuel,A/T,Black,Gray,None reported,Yes,29999,9,False,91,False,Mid-Range
Mazda,CX-30 Premium Package,2021,"18,385 mi.",Gasoline,2.5L I4 16V GDI DOHC,6-Speed Automatic,Soul Red Crystal Metallic,White / Brown,None reported,Yes,29255,5,False,64,False,Mid-Range
BMW,840 Gran Coupe i xDrive,2020,"25,793 mi.",Gasoline,3.0L I6 24V GDI DOHC Turbo,8-Speed Automatic,Black Sapphire Metallic,Black,None reported,Yes,52999,6,True,375,True,Premium
Porsche,Boxster S,2005,"44,400 mi.",Gasoline,280.0HP 3.2L Flat 6 Cylinder Engine Gasoline Fuel,6-Speed M/T,Silver,Black,None reported,Yes,29800,21,False,201,True,Mid-Range
Chevrolet,Malibu Limited LT,2016,"104,000 mi.",Gasoline,2.5L 4 Cylinder Engine Gasoline Fuel,6-Speed A/T,Silver,Gray,None reported,Yes,10500,10,False,292,False,Budget
Cadillac,Escalade Premium Luxury,2023,600 mi.,Gasoline,420.0HP 6.2L 8 Cylinder Engine Gasoline Fuel,A/T,Black,Black,None reported,Yes,103000,3,True,107,False,Premium
MINI,Cooper S Base,2007,"45,000 mi.",Gasoline,172.0HP 1.6L 4 Cylinder Engine Gasoline Fuel,6-Speed M/T,Yellow,Black,None reported,Yes,7900,19,False,33,False,Budget
Jeep,Gladiator Mojave,2022,"24,500 mi.",Gasoline,285.0HP 3.6L V6 Cylinder Engine Gasoline Fuel,8-Speed A/T,Blue,Black,None reported,Yes,64000,4,True,143,False,Premium
Buick,Encore GX Essence,2020,"35,569 mi.",Gasoline,1.3L I3 12V MPFI DOHC Turbo,Automatic CVT,Satin Steel Metallic,Ebony,None reported,Yes,21999,6,False,30,False,Mid-Range
Toyota,Highlander XLE,2020,"35,000 mi.",Gasoline,295.0HP 3.5L V6 Cylinder Engine Gasoline Fuel,A/T,Silver,Black,None reported,Yes,36999,6,True,199,False,Mid-Range
Acura,MDX Touring,2003,"165,000 mi.",Gasoline,260.0HP 3.5L V6 Cylinder Engine Gasoline Fuel,A/T,Silver,Black,At least 1 accident or damage reported,Yes,4000,23,False,64,False,Budget
Land,Rover Range Rover Sport SE MHEV,2021,"15,000 mi.",Hybrid,355.0HP 3.0L Straight 6 Cylinder Engine Gasoline/Mild Electric Hybrid,A/T,Black,Black,None reported,Yes,69000,5,True,130,True,Premium
BMW,535 i xDrive,2014,"119,750 mi.",Gasoline,300.0HP 3.0L Straight 6 Cylinder Engine Gasoline Fuel,8-Speed A/T,White,Beige,None reported,Yes,15499,12,False,375,True,Budget
Nissan,350Z Touring,2007,"90,000 mi.",Gasoline,306.0HP 3.5L V6 Cylinder Engine Gasoline Fuel,M/T,White,Green,At least 1 accident or damage reported,Yes,12000,19,False,116,False,Budget
Ford,Transit Connect XLT,2015,"112,000 mi.",Gasoline,169.0HP 2.5L 4 Cylinder Engine Gasoline Fuel,A/T,White,Black,At least 1 accident or damage reported,Yes,14500,11,False,386,False,Budget
Mercedes-Benz,SL-Class SL550 Roadster,2008,"150,000 mi.",Gasoline,382.0HP 5.5L 8 Cylinder Engine Gasoline Fuel,7-Speed A/T,Black,Beige,None reported,Yes,16800,18,False,315,True,Budget
Porsche,911 Turbo S,2021,"1,912 mi.",Gasoline,640.0HP 3.8L Flat 6 Cylinder Engine Gasoline Fuel,8-Speed A/T,Silver,Black,None reported,Yes,240000,5,True,201,True,Premium
Hyundai,Sonata Sport 2.0T,2015,"82,900 mi.",Gasoline,245.0HP 2.0L 4 Cylinder Engine Gasoline Fuel,A/T,Black,Black,At least 1 accident or damage reported,Yes,13995,11,False,72,False,Budget
Audi,TT 1.8T,2004,"79,500 mi.",Gasoline,180.0HP 1.8L 4 Cylinder Engine Gasoline Fuel,A/T,Silver,Black,None reported,Yes,12000,22,False,200,True,Budget
Volvo,XC90 T6 Inscription,2019,"60,000 mi.",Gasoline,316.0HP 2.0L 4 Cylinder Engine Gasoline Fuel,8-Speed A/T,White,Black,None reported,Yes,37000,7,True,38,False,Mid-Range
RAM,1500 Big Horn,2021,"41,800 mi.",Diesel,260.0HP 3.0L V6 Cylinder Engine Diesel Fuel,8-Speed A/T,White,Black,None reported,Yes,44900,5,True,91,False,Premium
Chevrolet,Tahoe LT,2021,"71,536 mi.",Gasoline,5.3L V8 16V GDI OHV,10-Speed Automatic,Black,Jet Black,None reported,Yes,49685,5,True,292,False,Premium
Ford,Explorer XLT,2014,"127,558 mi.",Gasoline,3.5L V6 24V MPFI DOHC,6-Speed Automatic,Green,Charcoal Black,None reported,Yes,13715,12,False,386,False,Budget
Ford,Mustang Mach-E Premium,2023,"13,232 mi.",Gasoline,346.0HP Electric Motor Electric Fuel System,1-Speed A/T,Gray,Black,None reported,Yes,45000,3,True,386,False,Premium
Chevrolet,Camaro 1SS,2017,"39,000 mi.",Gasoline,455.0HP 6.2L 8 Cylinder Engine Gasoline Fuel,8-Speed A/T,Yellow,Black,None reported,Yes,31500,9,True,292,False,Mid-Range
Ford,Bronco Big Bend Advanced,2023,"11,500 mi.",Gasoline,315.0HP 2.7L V6 Cylinder Engine Gasoline Fuel,10-Speed A/T,Gray,Black,None reported,Yes,54490,3,True,386,False,Premium
Chrysler,Pacifica Launch Edition,2020,"22,200 mi.",Gasoline,287.0HP 3.6L V6 Cylinder Engine Gasoline Fuel,9-Speed A/T,Black,Black,None reported,Yes,36800,6,True,28,False,Mid-Range
Tesla,Model Y Long Range,2023,"7,414 mi.",Gasoline,425.0HP Electric Motor Electric Fuel System,A/T,Black,White,None reported,Yes,56515,3,True,87,False,Premium
Lamborghini,Huracan LP580-2,2017,"14,586 mi.",Gasoline,"5.2L V-10 gasoline direct injection, DOHC, variable valve contro",Automatic,Blue Caelum,Nero Ade,None reported,Yes,209991,9,True,26,False,Premium
RAM,1500 Rebel,2021,"32,000 mi.",Hybrid,395.0HP 5.7L 8 Cylinder Engine Gasoline/Mild Electric Hybrid,8-Speed A/T,White,Black,None reported,Yes,50927,5,True,91,False,Premium
Toyota,86 Base,2020,"14,700 mi.",Gasoline,200.0HP 2.0L 4 Cylinder Engine Gasoline Fuel,A/T,White,Black,None reported,Yes,27350,6,False,199,False,Mid-Range
BMW,X5 xDrive50i,2016,"79,995 mi.",Gasoline,445.0HP 4.4L 8 Cylinder Engine Gasoline Fuel,Transmission w/Dual Shift Mode,Black,Black,None reported,Yes,23995,10,False,375,True,Mid-Range
GMC,Yukon Denali,2018,"76,000 mi.",Gasoline,420.0HP 6.2L 8 Cylinder Engine Gasoline Fuel,A/T,Black,Black,None reported,Yes,44500,8,True,91,False,Premium
Honda,Accord EX-L,2014,"62,000 mi.",Gasoline,185.0HP 2.4L 4 Cylinder Engine Gasoline Fuel,CVT Transmission,Gray,Black,At least 1 accident or damage reported,Yes,18987,12,False,63,False,Budget
Maserati,Ghibli S Q4,2017,"53,500 mi.",Gasoline,404.0HP 3.0L V6 Cylinder Engine Gasoline Fuel,8-Speed A/T,Gray,Black,None reported,Yes,28700,9,False,34,False,Mid-Range
Hyundai,Kona EV SEL,2022,"9,400 mi.",Gasoline,201.0HP Electric Motor Electric Fuel System,1-Speed A/T,Red,Black,None reported,Yes,31999,4,True,72,False,Mid-Range
BMW,435 i,2014,"86,500 mi.",Gasoline,300.0HP 3.0L Straight 6 Cylinder Engine Gasoline Fuel,A/T,Silver,Black,None reported,Yes,20900,12,False,375,True,Budget
Mercedes-Benz,GL-Class GL 450,2011,"148,000 mi.",Gasoline,335.0HP 4.7L 8 Cylinder Engine Gasoline Fuel,A/T,Black,Black,At least 1 accident or damage reported,Yes,9900,15,False,315,True,Budget
GMC,Sierra 1500 SLE,2014,"100,080 mi.",E85 Flex Fuel,285.0HP 4.3L V6 Cylinder Engine Flex Fuel Capability,6-Speed A/T,White,Gray,None reported,Yes,22989,12,False,91,False,Mid-Range
Dodge,Challenger SRT Demon,2018,"2,620 mi.",Gasoline,808.0HP 6.2L 8 Cylinder Engine Gasoline Fuel,8-Speed A/T,Black,Black,None reported,Yes,155700,8,True,90,False,Premium
BMW,X5 PHEV xDrive45e,2023,"3,099 mi.",Plug-In Hybrid,389.0HP 3.0L Straight 6 Cylinder Engine Plug-In Electric/Gas,8-Speed A/T,Black,Black,None reported,Yes,74995,3,True,375,True,Premium
Dodge,Durango R/T,2020,"78,000 mi.",Gasoline,360.0HP 5.7L 8 Cylinder Engine Gasoline Fuel,8-Speed A/T,Black,Red,At least 1 accident or damage reported,Yes,29500,6,False,90,False,Mid-Range
Ferrari,488 Spider Base,2019,"9,005 mi.",Gasoline,3.9L V8 32V GDI DOHC Twin Turbo,7-Speed Automatic with Auto-Shift,White,–,None reported,Yes,319900,7,True,12,False,Premium
Ford,Bronco Sport Big Bend,2022,"16,700 mi.",Gasoline,181.0HP 1.5L 3 Cylinder Engine Gasoline Fuel,8-Speed A/T,Blue,Black,None reported,Yes,31000,4,False,386,False,Mid-Range
Honda,Civic LX,2015,"51,300 mi.",Gasoline,143.0HP 1.8L 4 Cylinder Engine Gasoline Fuel,5-Speed M/T,Black,Black,None reported,Yes,17500,11,False,63,False,Budget
Ford,Shelby GT350 Base,2018,"8,237 mi.",Gasoline,526.0HP 5.2L 8 Cylinder Engine Gasoline Fuel,6-Speed M/T,Gray,Black,None reported,Yes,62900,8,True,386,False,Premium
Volkswagen,Jetta S,2010,"99,000 mi.",Gasoline,170.0HP 2.5L 5 Cylinder Engine Gasoline Fuel,A/T,Gray,Black,At least 1 accident or damage reported,Yes,6000,16,False,59,False,Budget
Mazda,CX-5 Grand Touring,2021,"62,377 mi.",Gasoline,2.5L I4 16V,6-Speed Automatic,Jet Black Mica,Black,None reported,Yes,26288,5,False,64,False,Mid-Range
Jeep,Wrangler Rubicon,2009,"130,000 mi.",Gasoline,202.0HP 3.8L V6 Cylinder Engine Gasoline Fuel,6-Speed M/T,Black,Gray,None reported,Yes,15500,17,False,143,False,Budget
Ford,F-250 XLT,2016,"94,300 mi.",E85 Flex Fuel,385.0HP 6.2L 8 Cylinder Engine Flex Fuel Capability,6-Speed A/T,Silver,Gray,At least 1 accident or damage reported,Yes,28999,10,False,386,False,Mid-Range
Tesla,Model Y Performance,2022,"24,115 mi.",Gasoline,455.0HP Electric Motor Electric Fuel System,A/T,Gray,White,None reported,Yes,46500,4,True,87,False,Premium
BMW,528 i,2016,"82,000 mi.",Gasoline,240.0HP 2.0L 4 Cylinder Engine Gasoline Fuel,8-Speed A/T,Silver,Black,At least 1 accident or damage reported,Yes,16995,10,False,375,True,Budget
Kia,Rio S,2021,"67,686 mi.",Gasoline,120.0HP 1.6L 4 Cylinder Engine Gasoline Fuel,A/T,Silver,Black,None reported,Yes,15700,5,False,76,False,Budget
Tesla,Model S 85,2014,"96,800 mi.",Gasoline,362.0HP Electric Motor Electric Fuel System,A/T,Blue,Black,None reported,Yes,28450,12,False,87,False,Mid-Range
Jeep,Wrangler Sport,1997,"131,000 mi.",Gasoline,181.0HP 4.0L Straight 6 Cylinder Engine Gasoline Fuel,5-Speed M/T,Green,Gray,At least 1 accident or damage reported,Yes,5500,29,False,143,False,Budget
Tesla,Model 3 Standard Range,2020,"23,097 mi.",Gasoline,271.0HP Electric Motor Electric Fuel System,A/T,Black,Black,None reported,Yes,29900,6,False,87,False,Mid-Range
Ferrari,GTC4Lusso T,2018,"31,000 mi.",Gasoline,602.0HP 3.9L 8 Cylinder Engine Gasoline Fuel,A/T,White,Red,None reported,Yes,197499,8,True,12,False,Premium
BMW,X5 M50i,2021,"28,898 mi.",Gasoline,523.0HP 4.4L 8 Cylinder Engine Gasoline Fuel,A/T,Black,Orange,None reported,Yes,71000,5,True,375,True,Premium
Mazda,MX-5 Miata RF Club,2022,"7,250 mi.",Gasoline,181.0HP 2.0L 4 Cylinder Engine Gasoline Fuel,6-Speed M/T,Gray,Black,None reported,Yes,35619,4,True,64,False,Mid-Range
Ford,F-250 XLT,2014,"59,459 mi.",Diesel,400.0HP 6.7L 8 Cylinder Engine Diesel Fuel,6-Speed A/T,Black,Silver,At least 1 accident or damage reported,Yes,40999,12,True,386,False,Mid-Range
Jeep,Wrangler Sahara,2012,"78,000 mi.",Gasoline,285.0HP 3.6L V6 Cylinder Engine Gasoline Fuel,5-Speed A/T,Beige,Black,At least 1 accident or damage reported,Yes,22000,14,False,143,False,Mid-Range
RAM,1500 Laramie,2021,"24,213 mi.",Gasoline,395.0HP 5.7L 8 Cylinder Engine Gasoline Fuel,8-Speed A/T,White,Black,None reported,Yes,46500,5,True,91,False,Premium
RAM,1500 Laramie,2020,"21,165 mi.",Gasoline,5.7L V8 16V MPFI OHV,8-Speed Automatic,Bright White Clearcoat,Black,None reported,Yes,46105,6,True,91,False,Premium
GMC,Yukon Denali,2016,"107,750 mi.",Gasoline,420.0HP 6.2L 8 Cylinder Engine Gasoline Fuel,8-Speed A/T,Black,Black,None reported,Yes,35500,10,True,91,False,Mid-Range
Ford,F-150 Lariat,2016,"117,000 mi.",Gasoline,365.0HP 3.5L V6 Cylinder Engine Gasoline Fuel,A/T,White,Black,None reported,Yes,26500,10,False,386,False,Mid-Range
Chevrolet,Corvette Base,2006,"39,132 mi.",Gasoline,400.0HP 6.0L 8 Cylinder Engine Gasoline Fuel,Transmission w/Dual Shift Mode,Red,Beige,None reported,Yes,35000,20,True,292,False,Mid-Range
BMW,Z4 2.5i,2004,"94,500 mi.",Gasoline,184.0HP 2.5L Straight 6 Cylinder Engine Gasoline Fuel,5-Speed M/T,Gray,Black,None reported,Yes,9000,22,False,375,True,Budget
Subaru,Crosstrek 2.0i Premium,2017,"50,011 mi.",Gasoline,148.0HP 2.0L 4 Cylinder Engine Gasoline Fuel,A/T,Red,Beige,At least 1 accident or damage reported,Yes,21495,9,False,64,False,Budget
Lexus,GX 470 Base,2004,"215,000 mi.",Gasoline,235.0HP 4.7L 8 Cylinder Engine Gasoline Fuel,5-Speed A/T,White,Beige,At least 1 accident or damage reported,Yes,7350,22,False,163,True,Budget
RAM,1500 Laramie,2022,"16,616 mi.",Gasoline,5.7L V8 16V MPFI OHV,8-Speed Automatic,Diamond Black,Black,None reported,Yes,45999,4,True,91,False,Premium
Ford,F-150 XLT,2022,"33,818 mi.",Gasoline,5.0L V8 32V PDI DOHC,Automatic,Agate Black Metallic,Black,None reported,Yes,46552,4,True,386,False,Premium
Jeep,Wagoneer Series III,2022,"9,099 mi.",Gasoline,5.7L V8 16V MPFI OHV,8-Speed Automatic,Velvet Red Pearlcoat,Global Black,None reported,Yes,68362,4,True,143,False,Premium
Volkswagen,GTI Base,2008,"95,798 mi.",Gasoline,200.0HP 2.0L 4 Cylinder Engine Gasoline Fuel,6-Speed M/T,White,Black,None reported,Yes,9850,18,False,59,False,Budget
Mercedes-Benz,AMG GLE AMG GLE 63 S-Model 4MATIC,2016,"35,943 mi.",Gasoline,577.0HP 5.5L 8 Cylinder Engine Gasoline Fuel,7-Speed A/T,Black,White,None reported,Yes,51700,10,True,315,True,Premium
Mazda,Mazda6 iSport VE,2008,"106,000 mi.",Gasoline,156.0HP 2.3L 4 Cylinder Engine Gasoline Fuel,5-Speed A/T,Black,Beige,None reported,Yes,4300,18,False,64,False,Budget
Kia,Telluride EX X-Line,2023,"10,400 mi.",Gasoline,291.0HP 3.8L V6 Cylinder Engine Gasoline Fuel,8-Speed A/T,Green,Green,None reported,Yes,48000,3,True,76,False,Premium
Chevrolet,Tahoe LT,2022,"2,894 mi.",Gasoline,355.0HP 5.3L 8 Cylinder Engine Gasoline Fuel,10-Speed A/T,Blue,Beige,None reported,Yes,63900,4,True,292,False,Premium
Dodge,Durango GT,2022,"15,592 mi.",Gasoline,3.6L V6 24V MPFI DOHC,8-Speed Automatic,DB Black Clearcoat,Black,None reported,Yes,39985,4,True,90,False,Mid-Range
Mercedes-Benz,AMG C 63 Base,2020,"33,548 mi.",Gasoline,469.0HP 4.0L 8 Cylinder Engine Gasoline Fuel,9-Speed A/T,Silver,Black,None reported,Yes,57999,6,True,315,True,Premium
BMW,320 i xDrive,2016,"185,000 mi.",Gasoline,180.0HP 2.0L 4 Cylinder Engine Gasoline Fuel,8-Speed A/T,Black,Beige,At least 1 accident or damage reported,Yes,7500,10,False,375,True,Budget
Porsche,Macan GTS,2023,"6,483 mi.",Gasoline,2.9L V6 24V GDI DOHC Twin Turbo,7-Speed Automatic with Auto-Shift,Chalk,Black,None reported,Yes,96900,3,True,201,True,Premium
Honda,Pilot EX-L,2020,"28,886 mi.",Gasoline,3.5L V6 24V GDI SOHC,6-Speed Automatic,Gray,Gray,None reported,Yes,35645,6,True,63,False,Mid-Range
Mercedes-Benz,GLE 350 Base,2020,"26,293 mi.",Gasoline,2.0 Liter Turbo,Automatic,designo Diamond White Bright,Macchiato/Magmagrey,None reported,Yes,49998,6,True,315,True,Premium
Chevrolet,Camaro 2SS,2017,"62,000 mi.",Gasoline,455.0HP 6.2L 8 Cylinder Engine Gasoline Fuel,Transmission w/Dual Shift Mode,Blue,Black,None reported,Yes,34500,9,True,292,False,Mid-Range
Jaguar,XF 35t Prestige,2017,"101,453 mi.",Gasoline,340.0HP 3.0L V6 Cylinder Engine Gasoline Fuel,A/T,White,Beige,At least 1 accident or damage reported,Yes,18500,9,False,47,True,Budget
RAM,3500 Laramie,2013,"106,385 mi.",Diesel,385.0HP 6.7L Straight 6 Cylinder Engine Diesel Fuel,6-Speed A/T,White,Black,At least 1 accident or damage reported,Yes,42900,13,True,91,False,Premium
BMW,335 is,2012,"86,629 mi.",Gasoline,320.0HP 3.0L Straight 6 Cylinder Engine Gasoline Fuel,7-Speed A/T,White,Red,None reported,Yes,20995,14,False,375,True,Budget
Audi,S6 4.0T Premium Plus,2018,"61,258 mi.",Gasoline,450.0HP 4.0L 8 Cylinder Engine Gasoline Fuel,7-Speed A/T,White,Black,None reported,Yes,49999,8,True,200,True,Premium
Chrysler,300 S,2014,"121,500 mi.",Gasoline,363.0HP 5.7L 8 Cylinder Engine Gasoline Fuel,5-Speed A/T,Blue,Black,None reported,Yes,15999,12,False,28,False,Budget
GMC,Sierra 1500 AT4,2022,100 mi.,Diesel,277.0HP 3.0L Straight 6 Cylinder Engine Diesel Fuel,10-Speed A/T,White,Black,None reported,Yes,62499,4,True,91,False,Premium
Chrysler,200 C,2015,"170,000 mi.",E85 Flex Fuel,295.0HP 3.6L V6 Cylinder Engine Flex Fuel Capability,9-Speed A/T,Silver,Black,At least 1 accident or damage reported,Yes,5995,11,False,28,False,Budget
Ford,F-150 XLT SuperCab,2010,"232,000 mi.",Gasoline,292.0HP 4.6L 8 Cylinder Engine Gasoline Fuel,A/T,Blue,Gray,None reported,Yes,3000,16,False,386,False,Budget
MINI,Cooper S Base,2006,"95,000 mi.",Gasoline,168.0HP 1.6L 4 Cylinder Engine Gasoline Fuel,6-Speed M/T,Gray,–,None reported,Yes,12500,20,False,33,False,Budget
Toyota,Venza XLE,2013,"103,466 mi.",Gasoline,268.0HP 3.5L V6 Cylinder Engine Gasoline Fuel,A/T,White,Gray,At least 1 accident or damage reported,Yes,14200,13,False,199,False,Budget
Toyota,Camry Hybrid Base,2011,"133,121 mi.",Hybrid,147.0HP 2.4L 4 Cylinder Engine Gas/Electric Hybrid,A/T,White,White,At least 1 accident or damage reported,Yes,7900,15,False,199,False,Budget
Chevrolet,Tahoe LT,2012,"162,731 mi.",E85 Flex Fuel,320.0HP 5.3L 8 Cylinder Engine Flex Fuel Capability,A/T,Brown,Gray,None reported,Yes,14500,14,False,292,False,Budget
Mercedes-Benz,CLS-Class CLS 63 AMG S-Model 4MATIC,2014,"64,500 mi.",Gasoline,577.0HP 5.5L 8 Cylinder Engine Gasoline Fuel,7-Speed A/T,Silver,Black,None reported,Yes,37500,12,True,315,True,Mid-Range
Ford,Shelby GT500 Base,2021,568 mi.,Gasoline,760.0HP 5.2L 8 Cylinder Engine Gasoline Fuel,7-Speed A/T,Orange,Black,None reported,Yes,90788,5,True,386,False,Premium
Lexus,RX 300 4WD,1999,"249,083 mi.",Gasoline,220.0HP 3.0L V6 Cylinder Engine Gasoline Fuel,A/T,Red,Beige,At least 1 accident or damage reported,Yes,3500,27,False,163,True,Budget
Porsche,Macan S,2015,"80,300 mi.",Gasoline,340.0HP 3.0L V6 Cylinder Engine Gasoline Fuel,7-Speed A/T,Gray,Beige,None reported,Yes,23999,11,False,201,True,Mid-Range
Ford,F-150 XLT SuperCab,2004,"187,000 mi.",Gasoline,300.0HP 5.4L 8 Cylinder Engine Gasoline Fuel,A/T,Beige,Beige,None reported,Yes,6299,22,False,386,False,Budget
Subaru,Outback 2.5 i Special Edition,2009,"181,870 mi.",Gasoline,169.0HP 2.5L 4 Cylinder Engine Gasoline Fuel,A/T,Black,Black,None reported,Yes,6500,17,False,64,False,Budget
GMC,Sierra 2500 AT4,2022,"22,600 mi.",Diesel,6.6L V8 32V DDI OHV Turbo Diesel,Automatic,Ebony Twilight Metallic,Jet Black,None reported,Yes,76740,4,True,91,False,Premium
BMW,X5 xDrive40i,2020,"37,000 mi.",Gasoline,335.0HP 3.0L Straight 6 Cylinder Engine Gasoline Fuel,8-Speed A/T,Black,Black,At least 1 accident or damage reported,Yes,50000,6,True,375,True,Premium
Porsche,Taycan Base,2022,"9,728 mi.",Gasoline,375.0HP Electric Motor Electric Fuel System,A/T,White,Beige,None reported,Yes,89000,4,True,201,True,Premium
Lexus,GX 470 Base,2006,"152,000 mi.",Gasoline,263.0HP 4.7L 8 Cylinder Engine Gasoline Fuel,A/T,Blue,Gray,At least 1 accident or damage reported,Yes,13995,20,False,163,True,Budget
Ford,F-150 Heritage XL SuperCab Flareside,2004,"60,260 mi.",Gasoline,380.0HP 5.4L 8 Cylinder Engine Gasoline Fuel,4-Speed A/T,Blue,Gray,At least 1 accident or damage reported,Yes,30500,22,False,386,False,Mid-Range
Mazda,MazdaSpeed Miata MX-5 Base,2004,"33,362 mi.",Gasoline,178.0HP 1.8L 4 Cylinder Engine Gasoline Fuel,6-Speed M/T,Silver,Black,At least 1 accident or damage reported,Yes,17599,22,False,64,False,Budget
GMC,Acadia Denali,2021,"47,907 mi.",Gasoline,3.6L V6 24V GDI DOHC,9-Speed Automatic,Ebony Twilight Metallic,Jet Black,None reported,Yes,38436,5,True,91,False,Mid-Range
Mercedes-Benz,Metris Base,2016,"17,340 mi.",Gasoline,208.0HP 2.0L 4 Cylinder Engine Gasoline Fuel,A/T,White,Black,None reported,Yes,29000,10,False,315,True,Mid-Range
Cadillac,DeVille Base,1994,"85,000 mi.",–,–,A/T,White,Blue,None reported,Yes,7900,32,False,107,False,Budget
Ford,Expedition EL XLT,2011,"195,500 mi.",E85 Flex Fuel,310.0HP 5.4L 8 Cylinder Engine Flex Fuel Capability,6-Speed A/T,White,Beige,None reported,Yes,8999,15,False,386,False,Budget
Chevrolet,Monte Carlo SS,2000,"74,000 mi.",Gasoline,200.0HP 3.8L V6 Cylinder Engine Gasoline Fuel,4-Speed A/T,Red,–,None reported,Yes,4700,26,False,292,False,Budget
RAM,1500 Big Horn,2015,"140,500 mi.",Gasoline,395.0HP 5.7L 8 Cylinder Engine Gasoline Fuel,8-Speed A/T,Red,Gray,At least 1 accident or damage reported,Yes,14000,11,False,91,False,Budget
Jeep,Commander Base,2006,"212,500 mi.",Gasoline,210.0HP 3.7L V6 Cylinder Engine Gasoline Fuel,A/T,Black,Gray,None reported,Yes,6500,20,False,143,False,Budget
Lexus,IS-F Base,2010,"77,400 mi.",Gasoline,416.0HP 5.0L 8 Cylinder Engine Gasoline Fuel,8-Speed A/T,White,Red,At least 1 accident or damage reported,Yes,34500,16,True,163,True,Mid-Range
Ford,Utility Police Interceptor Base,2017,"118,000 mi.",Gasoline,365.0HP 3.5L V6 Cylinder Engine Gasoline Fuel,6-Speed A/T,Black,Black,None reported,Yes,15000,9,False,386,False,Budget
Porsche,Carrera GT Base,2005,"4,400 mi.",Gasoline,605.0HP 5.7L 10 Cylinder Engine Gasoline Fuel,6-Speed M/T,Gray,Black,None reported,Yes,1599000,21,True,201,True,Premium
Cadillac,Escalade ESV Luxury,2016,"146,200 mi.",Gasoline,420.0HP 6.2L 8 Cylinder Engine Gasoline Fuel,8-Speed A/T,White,Beige,None reported,Yes,24500,10,False,107,False,Mid-Range
Tesla,Model Y Performance,2020,"39,000 mi.",Gasoline,455.0HP Electric Motor Electric Fuel System,1-Speed A/T,Silver,Black,None reported,Yes,43000,6,True,87,False,Premium
Chevrolet,Avalanche 1500 LS,2005,"130,000 mi.",E85 Flex Fuel,295.0HP 5.3L 8 Cylinder Engine Flex Fuel Capability,A/T,Red,Gray,None reported,Yes,7200,21,False,292,False,Budget
Ford,F-150 Lariat,2021,"33,080 mi.",Gasoline,325.0HP 2.7L V6 Cylinder Engine Gasoline Fuel,10-Speed A/T,White,Black,None reported,Yes,47850,5,True,386,False,Premium
Mercedes-Benz,GLB 250 Base 4MATIC,2023,"1,219 mi.",Gasoline,2.0L I4 16V GDI DOHC Turbo,Automatic,Midnight Black,Classic Red,None reported,Yes,46479,3,True,315,True,Premium
Jeep,Wrangler Sport,2016,"41,000 mi.",Gasoline,285.0HP 3.6L V6 Cylinder Engine Gasoline Fuel,5-Speed A/T,White,Black,None reported,Yes,25000,10,False,143,False,Mid-Range
Nissan,350Z Touring,2004,"110,897 mi.",Gasoline,287.0HP 3.5L V6 Cylinder Engine Gasoline Fuel,6-Speed M/T,Black,Orange,At least 1 accident or damage reported,Yes,11500,22,False,116,False,Budget
Chevrolet,Corvette Z06,2016,"49,000 mi.",Gasoline,650.0HP 6.2L 8 Cylinder Engine Gasoline Fuel,7-Speed M/T,Orange,–,None reported,Yes,75000,10,True,292,False,Premium
Pontiac,Solstice GXP,2007,"47,000 mi.",Gasoline,260.0HP 2.0L 4 Cylinder Engine Gasoline Fuel,5-Speed M/T,Black,Black,None reported,Yes,13300,19,False,15,False,Budget
Hyundai,Sonata SE,2018,"57,690 mi.",Gasoline,185.0HP 2.4L 4 Cylinder Engine Gasoline Fuel,A/T,Gray,Gray,At least 1 accident or damage reported,Yes,15900,8,False,72,False,Budget
Mercedes-Benz,SLS AMG Base,2012,"17,941 mi.",Gasoline,6.2L V8 32V MPFI DOHC,7-Speed Automatic with Auto-Shift,Iridium Silver Metallic,Red,None reported,Yes,226000,14,True,315,True,Premium
Lincoln,Navigator Reserve,2018,"54,000 mi.",Gasoline,450.0HP 3.5L V6 Cylinder Engine Gasoline Fuel,10-Speed A/T,Brown,Orange,At least 1 accident or damage reported,Yes,46500,8,True,52,False,Premium
Nissan,Maxima SL,2007,"101,600 mi.",Gasoline,255.0HP 3.5L V6 Cylinder Engine Gasoline Fuel,A/T,Silver,Black,None reported,Yes,6700,19,False,116,False,Budget
Ford,Ranger XLT,2021,"89,000 mi.",Gasoline,270.0HP 2.3L 4 Cylinder Engine Gasoline Fuel,10-Speed A/T,Black,Black,None reported,Yes,34000,5,True,386,False,Mid-Range
Tesla,Model 3 Long Range,2021,"18,000 mi.",Gasoline,Electric Motor Electric Fuel System,A/T,Black,Black,None reported,Yes,42500,5,True,87,False,Mid-Range
Jaguar,XE 35t Premium,2017,"55,000 mi.",Gasoline,340.0HP 3.0L V6 Cylinder Engine Gasoline Fuel,A/T,Gray,Black,None reported,Yes,25000,9,False,47,True,Mid-Range
Lincoln,MKZ Reserve,2017,"71,964 mi.",Gasoline,240.0HP 2.0L 4 Cylinder Engine Gasoline Fuel,6-Speed A/T,Blue,Black,None reported,Yes,18750,9,False,52,False,Budget
Cadillac,Escalade ESV Platinum,2020,"92,000 mi.",Gasoline,420.0HP 6.2L 8 Cylinder Engine Gasoline Fuel,A/T,Black,Black,None reported,Yes,50000,6,True,107,False,Premium
Ford,Fusion SE,2012,"160,000 mi.",E85 Flex Fuel,240.0HP 3.0L V6 Cylinder Engine Flex Fuel Capability,A/T,Gray,Black,None reported,Yes,4500,14,False,386,False,Budget
Mercedes-Benz,E-Class E 350,2012,"95,816 mi.",Gasoline,302.0HP 3.5L V6 Cylinder Engine Gasoline Fuel,7-Speed A/T,White,Beige,None reported,Yes,12000,14,False,315,True,Budget
Jeep,Wrangler Unlimited Sport,2014,"132,600 mi.",Gasoline,285.0HP 3.6L V6 Cylinder Engine Gasoline Fuel,5-Speed A/T,White,–,At least 1 accident or damage reported,Yes,17000,12,False,143,False,Budget
Cadillac,DeVille Base,1994,"47,000 mi.",–,–,A/T,White,Blue,None reported,Yes,5990,32,False,107,False,Budget
Jeep,Wrangler Sport,2010,"149,460 mi.",Gasoline,202.0HP 3.8L V6 Cylinder Engine Gasoline Fuel,4-Speed A/T,Black,Black,None reported,Yes,10700,16,False,143,False,Budget
Jeep,Wrangler Sport,2011,"109,646 mi.",Gasoline,3.8L V6 12V MPFI OHV,4-Speed Automatic,Mango Tango Pearlcoat,Black,None reported,Yes,16998,15,False,143,False,Budget
Acura,MDX 3.5L w/Technology Package,2019,"90,605 mi.",Gasoline,3.5 Liter,Automatic,White,Parchment,None reported,Yes,27698,7,False,64,False,Mid-Range
Volkswagen,Jetta 1.4T S,2019,"59,000 mi.",Gasoline,147.0HP 1.4L 4 Cylinder Engine Gasoline Fuel,A/T,Gray,Black,None reported,Yes,17000,7,False,59,False,Budget
Chevrolet,Camaro Z28,2002,"48,000 mi.",Gasoline,310.0HP 5.7L 8 Cylinder Engine Gasoline Fuel,A/T,White,Black,None reported,Yes,21999,24,False,292,False,Mid-Range
Chevrolet,Corvette Z06,2016,"41,500 mi.",Gasoline,650.0HP 6.2L 8 Cylinder Engine Gasoline Fuel,7-Speed M/T,White,Black,None reported,Yes,66000,10,True,292,False,Premium
Porsche,Cayman R,2012,"54,000 mi.",Gasoline,330.0HP 3.4L Flat 6 Cylinder Engine Gasoline Fuel,7-Speed A/T,Black,Gray,None reported,Yes,75000,14,True,201,True,Premium
Porsche,Cayenne Base,2018,"70,455 mi.",Gasoline,300.0HP 3.6L V6 Cylinder Engine Gasoline Fuel,8-Speed A/T,White,Black,None reported,Yes,45855,8,True,201,True,Premium
Subaru,Crosstrek 2.0i Limited,2018,"84,054 mi.",Gasoline,152.0HP 2.0L 4 Cylinder Engine Gasoline Fuel,CVT Transmission,Gray,Black,None reported,Yes,21499,8,False,64,False,Budget
BMW,750 Li,2007,"114,528 mi.",Gasoline,360.0HP 4.8L 8 Cylinder Engine Gasoline Fuel,A/T,Black,Black,None reported,Yes,9000,19,False,375,True,Budget
Jeep,Wrangler Sahara,2013,"111,850 mi.",Gasoline,285.0HP 3.6L V6 Cylinder Engine Gasoline Fuel,A/T,Red,Black,At least 1 accident or damage reported,Yes,26500,13,False,143,False,Mid-Range
GMC,Sierra 2500 AT4,2020,"52,673 mi.",Diesel,445.0HP 6.6L 8 Cylinder Engine Diesel Fuel,6-Speed A/T,Black,Beige,None reported,Yes,69500,6,True,91,False,Premium
BMW,X3 M AWD,2021,"31,500 mi.",Gasoline,473.0HP 3.0L Straight 6 Cylinder Engine Gasoline Fuel,8-Speed A/T,Black,Black,None reported,Yes,54500,5,True,375,True,Premium
BMW,335 i,2011,"73,000 mi.",Gasoline,300.0HP 3.0L Straight 6 Cylinder Engine Gasoline Fuel,Transmission w/Dual Shift Mode,Red,Beige,None reported,Yes,16000,15,False,375,True,Budget
Jeep,Wrangler Unlimited Sahara,2019,"59,692 mi.",Gasoline,285.0HP 3.6L V6 Cylinder Engine Gasoline Fuel,8-Speed A/T,Gray,Black,None reported,Yes,35900,7,True,143,False,Mid-Range
Toyota,Corolla S Plus,2016,"68,364 mi.",Gasoline,132.0HP 1.8L 4 Cylinder Engine Gasoline Fuel,Transmission w/Dual Shift Mode,White,Black,None reported,Yes,16000,10,False,199,False,Budget
Land,Rover Discovery HSE LUXURY,2017,"47,200 mi.",Gasoline,340.0HP 3.0L V6 Cylinder Engine Gasoline Fuel,8-Speed A/T,Black,Beige,At least 1 accident or damage reported,Yes,29000,9,False,130,True,Mid-Range
Mercedes-Benz,E-Class E 450 4MATIC,2021,"18,000 mi.",Hybrid,362.0HP 3.0L Straight 6 Cylinder Engine Gasoline/Mild Electric Hybrid,9-Speed A/T,Gray,Black,At least 1 accident or damage reported,Yes,62000,5,True,315,True,Premium
Ford,Fusion Hybrid Base,2012,"158,366 mi.",Hybrid,191.0HP 2.5L 4 Cylinder Engine Gas/Electric Hybrid,A/T,Gray,Black,At least 1 accident or damage reported,Yes,8250,14,False,386,False,Budget
BMW,X1 xDrive 28i,2017,"49,700 mi.",Gasoline,228.0HP 2.0L 4 Cylinder Engine Gasoline Fuel,8-Speed A/T,Blue,Black,None reported,Yes,26000,9,False,375,True,Mid-Range
GMC,Terrain SLE,2010,"81,500 mi.",Gasoline,182.0HP 2.4L 4 Cylinder Engine Gasoline Fuel,A/T,Brown,Gray,None reported,Yes,12250,16,False,91,False,Budget
BMW,i3 120Ah w/Range Extender,2019,"16,975 mi.",Gasoline,170.0HP 0.65L Electric Motor Electric Fuel System,A/T,Black,Black,None reported,Yes,26990,7,False,375,True,Mid-Range
Porsche,911 GT3,2018,"5,989 mi.",Gasoline,"4L H-6 gasoline direct injection, DOHC, VarioCam Plus variable v","Manual, 6-Spd",GT SILVER,BLACK,None reported,Yes,209000,8,True,201,True,Premium
Ford,Mustang SVT Cobra,2003,"16,100 mi.",Gasoline,390.0HP 4.6L 8 Cylinder Engine Gasoline Fuel,M/T,Red,Beige,None reported,Yes,35500,23,True,386,False,Mid-Range
Land,Rover Range Rover Supercharged LWB,2020,"54,225 mi.",Gasoline,518.0HP 5.0L 8 Cylinder Engine Gasoline Fuel,A/T,White,White,None reported,Yes,67500,6,True,130,True,Premium
RAM,2500 Big Horn,2016,"89,500 mi.",Gasoline,410.0HP 6.4L 8 Cylinder Engine Gasoline Fuel,A/T,Black,Gray,None reported,Yes,35000,10,True,91,False,Mid-Range
Ford,E250 Cargo,2013,"87,501 mi.",E85 Flex Fuel,225.0HP 4.6L 8 Cylinder Engine Flex Fuel Capability,4-Speed A/T,White,Gray,At least 1 accident or damage reported,Yes,17777,13,False,386,False,Budget
MINI,Countryman Cooper S ALL4,2018,"12,370 mi.",Gasoline,189.0HP 2.0L 4 Cylinder Engine Gasoline Fuel,8-Speed A/T,Blue,Black,None reported,Yes,28900,8,False,33,False,Mid-Range
RAM,1500 Classic Tradesman,2019,"12,466 mi.",Gasoline,395.0HP 5.7L 8 Cylinder Engine Gasoline Fuel,8-Speed A/T,Gray,Gray,None reported,Yes,28995,7,False,91,False,Mid-Range
Volvo,C70 T5,2011,"199,000 mi.",Gasoline,227.0HP 2.5L 5 Cylinder Engine Gasoline Fuel,Transmission w/Dual Shift Mode,Red,Beige,At least 1 accident or damage reported,Yes,5500,15,False,38,False,Budget
Mercedes-Benz,SL-Class SL600 Roadster,2007,"78,200 mi.",Gasoline,510.0HP 5.5L 12 Cylinder Engine Gasoline Fuel,5-Speed A/T,Black,Brown,At least 1 accident or damage reported,Yes,22999,19,False,315,True,Mid-Range
Toyota,Camry Hybrid XLE,2018,"22,000 mi.",Hybrid,208.0HP 2.5L 4 Cylinder Engine Gas/Electric Hybrid,A/T,White,Beige,None reported,Yes,29500,8,False,199,False,Mid-Range
GMC,Acadia SLE-2,2016,"100,795 mi.",Gasoline,3.6L V6 24V GDI DOHC,6-Speed Automatic,White Frost Tri-Coat,Ebony,At least 1 accident or damage reported,Yes,12995,10,False,91,False,Budget
Chevrolet,Impala 1LT,2019,"99,941 mi.",Gasoline,3.6L V6 24V GDI DOHC,6-Speed Automatic,Silver Ice Metallic,Jet Black,None reported,Yes,17816,7,False,292,False,Budget
Jeep,Grand Cherokee L Laredo,2021,"23,588 mi.",Gasoline,3.6L V6 24V MPFI DOHC,8-Speed Automatic,Metallic,Global Black,None reported,Yes,38633,5,True,143,False,Mid-Range
Jeep,Liberty Sport,2003,"103,000 mi.",Gasoline,210.0HP 3.7L V6 Cylinder Engine Gasoline Fuel,A/T,Black,Gray,None reported,Yes,5200,23,False,143,False,Budget
Jaguar,XF Luxury,2009,"91,491 mi.",Gasoline,300.0HP 4.2L 8 Cylinder Engine Gasoline Fuel,6-Speed A/T,Blue,Beige,None reported,Yes,7000,17,False,47,True,Budget
Honda,Civic Sport,2020,"23,131 mi.",Gasoline,2.0L I4 16V MPFI DOHC,Automatic CVT,Crystal Black Pearl,Black,At least 1 accident or damage reported,Yes,23739,6,False,63,False,Mid-Range
Subaru,Outback 2.5i Premium,2019,"77,000 mi.",Gasoline,175.0HP 2.5L 4 Cylinder Engine Gasoline Fuel,CVT Transmission,Gray,Gray,At least 1 accident or damage reported,Yes,18749,7,False,64,False,Budget
Land,Rover Range Rover Sport HSE Dynamic,2019,"20,500 mi.",Gasoline,380.0HP 3.0L V6 Cylinder Engine Gasoline Fuel,A/T,White,White,None reported,Yes,76000,7,True,130,True,Premium
Tesla,Model Y Long Range,2022,500 mi.,Gasoline,425.0HP Electric Motor Electric Fuel System,A/T,White,Black,None reported,Yes,45900,4,True,87,False,Premium
Lexus,ES 350 Base,2019,"49,810 mi.",Gasoline,302.0HP 3.5L V6 Cylinder Engine Gasoline Fuel,8-Speed A/T,Gray,Black,At least 1 accident or damage reported,Yes,33900,7,True,163,True,Mid-Range
Honda,CR-V Touring,2022,"20,229 mi.",Gasoline,1.5L I4 16V GDI DOHC Turbo,Automatic CVT,Black,Black,None reported,Yes,36727,4,True,63,False,Mid-Range
Alfa,Romeo Giulia Quadrifoglio,2021,"10,558 mi.",Gasoline,505.0HP 2.9L V6 Cylinder Engine Gasoline Fuel,8-Speed A/T,White,Black,None reported,Yes,75000,5,True,19,False,Premium
BMW,330 i,2005,"59,300 mi.",Gasoline,225.0HP 3.0L Straight 6 Cylinder Engine Gasoline Fuel,M/T,Red,Black,None reported,Yes,30900,21,False,375,True,Mid-Range
Maybach,Type 57 Base,2004,"34,254 mi.",Gasoline,543.0HP 5.5L 12 Cylinder Engine Gasoline Fuel,5-Speed A/T,Brown,–,None reported,Yes,64250,22,True,1,False,Premium
Lexus,ES 250 Base,2021,"24,364 mi.",Gasoline,2.5 Liter,Automatic,Eminent White Pearl,Chateau,None reported,Yes,37998,5,True,163,True,Mid-Range
Mercedes-Benz,Sprinter 2500,2016,"139,200 mi.",Diesel,161.0HP 2.1L 4 Cylinder Engine Diesel Fuel,A/T,White,Black,At least 1 accident or damage reported,Yes,22000,10,False,315,True,Mid-Range
Mercedes-Benz,E-Class E 350,2012,"82,046 mi.",Gasoline,302.0HP 3.5L V6 Cylinder Engine Gasoline Fuel,7-Speed A/T,Black,Beige,None reported,Yes,13999,14,False,315,True,Budget
Dodge,Dakota Sport,1997,"285,000 mi.",Gasoline,230.0HP 5.2L 8 Cylinder Engine Gasoline Fuel,4-Speed A/T,White,Gray,None reported,Yes,6399,29,False,90,False,Budget
RAM,1500 Tradesman/Express,2017,"26,269 mi.",E85 Flex Fuel,3.6L V6 24V MPFI DOHC Flexible Fuel,8-Speed Automatic,Bright White Clearcoat,Black,At least 1 accident or damage reported,Yes,25307,9,False,91,False,Mid-Range
Mazda,CX-9 Touring,2016,"127,131 mi.",Gasoline,227.0HP 2.5L 4 Cylinder Engine Gasoline Fuel,A/T,Brown,–,At least 1 accident or damage reported,Yes,16770,10,False,64,False,Budget
Porsche,911 Turbo S,2019,"31,000 mi.",Gasoline,580.0HP 3.8L Flat 6 Cylinder Engine Gasoline Fuel,Transmission w/Dual Shift Mode,White,Black,None reported,Yes,179900,7,True,201,True,Premium
BMW,X3 xDrive30i,2021,"27,000 mi.",Gasoline,248.0HP 2.0L 4 Cylinder Engine Gasoline Fuel,8-Speed A/T,Black,Brown,None reported,Yes,38400,5,True,375,True,Mid-Range
Jeep,Grand Cherokee Limited,2015,"93,400 mi.",E85 Flex Fuel,290.0HP 3.6L V6 Cylinder Engine Flex Fuel Capability,A/T,White,Black,None reported,Yes,18900,11,False,143,False,Budget
BMW,X7 xDrive40i,2021,"9,200 mi.",Hybrid,335.0HP 3.0L Straight 6 Cylinder Engine Gasoline/Mild Electric Hybrid,8-Speed A/T,White,Brown,At least 1 accident or damage reported,Yes,71200,5,True,375,True,Premium
Mercedes-Benz,SL-Class SL 550,2014,"76,850 mi.",Gasoline,429.0HP 4.7L 8 Cylinder Engine Gasoline Fuel,7-Speed A/T,Brown,Beige,At least 1 accident or damage reported,Yes,32999,12,True,315,True,Mid-Range
Bentley,Continental GT W12,2016,"61,160 mi.",Gasoline,582.0HP 6.0L 12 Cylinder Engine Gasoline Fuel,A/T,Black,Black,At least 1 accident or damage reported,Yes,98000,10,True,33,False,Premium
Jeep,Wrangler Unlimited,2005,"146,000 mi.",Gasoline,190.0HP 4.0L Straight 6 Cylinder Engine Gasoline Fuel,A/T,Red,Black,At least 1 accident or damage reported,Yes,15900,21,False,143,False,Budget
Tesla,Model S 100D,2017,"38,957 mi.",Gasoline,Electric Motor Electric Fuel System,1-Speed A/T,Silver,Beige,None reported,Yes,46750,9,True,87,False,Premium
Volkswagen,Golf SportWagen TSI SE,2017,"33,850 mi.",Gasoline,170.0HP 1.8L 4 Cylinder Engine Gasoline Fuel,6-Speed A/T,Blue,Beige,None reported,Yes,16500,9,False,59,False,Budget
Jeep,Wrangler Unlimited Sahara,2020,"61,830 mi.",Gasoline,2.0L I4 16V GDI DOHC Turbo,8-Speed Automatic,Granite Crystal Clearcoat Metallic,Black,At least 1 accident or damage reported,Yes,39860,6,True,143,False,Mid-Range
Kia,Sorento SXL,2017,"108,559 mi.",Gasoline,3.3L V6 24V GDI DOHC,6-Speed Automatic,Titanium Silver,Satin Black,None reported,Yes,15998,9,False,76,False,Budget
Lexus,LS 430 Base,2006,"192,000 mi.",Gasoline,278.0HP 4.3L 8 Cylinder Engine Gasoline Fuel,6-Speed A/T,Silver,Gray,At least 1 accident or damage reported,Yes,7390,20,False,163,True,Budget
Mercedes-Benz,E-Class E 350 4MATIC,2014,"83,112 mi.",Gasoline,302.0HP 3.5L V6 Cylinder Engine Gasoline Fuel,7-Speed A/T,Black,Black,None reported,Yes,15500,12,False,315,True,Budget
Tesla,Model X 75D,2016,"52,000 mi.",Gasoline,518.0HP Electric Motor Electric Fuel System,A/T,Black,Beige,None reported,Yes,52000,10,True,87,False,Premium
RAM,1500 Rebel,2020,"57,300 mi.",Gasoline,395.0HP 5.7L 8 Cylinder Engine Gasoline Fuel,8-Speed A/T,Black,Black,None reported,Yes,43500,6,True,91,False,Premium
MINI,Cooper Base,2008,"104,500 mi.",Gasoline,118.0HP 1.6L 4 Cylinder Engine Gasoline Fuel,6-Speed A/T,Red,Black,At least 1 accident or damage reported,Yes,4100,18,False,33,False,Budget
Jeep,Cherokee Sport,1996,"170,552 mi.",Gasoline,190.0HP 4.0L Straight 6 Cylinder Engine Gasoline Fuel,4-Speed A/T,Black,Gray,At least 1 accident or damage reported,Yes,6500,30,False,143,False,Budget
Ford,Mustang GT Premium,2013,"18,000 mi.",Gasoline,412.0HP 5.0L 8 Cylinder Engine Gasoline Fuel,6-Speed A/T,Silver,Black,None reported,Yes,29000,13,False,386,False,Mid-Range
Lincoln,Navigator Reserve,2019,"39,000 mi.",Gasoline,450.0HP 3.5L V6 Cylinder Engine Gasoline Fuel,10-Speed A/T,Black,Black,None reported,Yes,51999,7,True,52,False,Premium
Jeep,Gladiator Rubicon,2020,"38,000 mi.",Gasoline,285.0HP 3.6L V6 Cylinder Engine Gasoline Fuel,8-Speed A/T,Black,Black,None reported,Yes,45000,6,True,143,False,Premium
Porsche,Cayman GT4,2016,"15,168 mi.",Gasoline,385.0HP 3.8L Flat 6 Cylinder Engine Gasoline Fuel,6-Speed M/T,White,Black,None reported,Yes,115000,10,True,201,True,Premium
Honda,Civic EX,2012,"167,506 mi.",Gasoline,140.0HP 1.8L 4 Cylinder Engine Gasoline Fuel,A/T,Black,–,None reported,Yes,6500,14,False,63,False,Budget
Jeep,Grand Cherokee Laredo,2012,"166,000 mi.",E85 Flex Fuel,290.0HP 3.6L V6 Cylinder Engine Flex Fuel Capability,A/T,White,Gray,At least 1 accident or damage reported,Yes,13000,14,False,143,False,Budget
Ford,Shelby GT500 Base,2021,"19,200 mi.",Gasoline,760.0HP 5.2L 8 Cylinder Engine Gasoline Fuel,Transmission w/Dual Shift Mode,Black,Black,None reported,Yes,82950,5,True,386,False,Premium
Land,Rover Defender SE,2022,"46,000 mi.",Hybrid,395.0HP 3.0L Straight 6 Cylinder Engine Gasoline/Mild Electric Hybrid,8-Speed A/T,Green,Beige,None reported,Yes,75000,4,True,130,True,Premium
Hummer,H3 Base,2007,"201,000 mi.",Gasoline,242.0HP 3.7L 5 Cylinder Engine Gasoline Fuel,A/T,White,Black,At least 1 accident or damage reported,Yes,7200,19,False,16,False,Budget
Kia,Sportage LX,2014,"87,000 mi.",Gasoline,182.0HP 2.4L 4 Cylinder Engine Gasoline Fuel,A/T,Black,Black,At least 1 accident or damage reported,Yes,8900,12,False,76,False,Budget
GMC,Yukon XL 1500 SLT,2015,"145,000 mi.",Gasoline,355.0HP 5.3L 8 Cylinder Engine Gasoline Fuel,6-Speed A/T,White,Beige,None reported,Yes,24950,11,False,91,False,Mid-Range
Jeep,Wrangler Unlimited Sport,2020,"33,060 mi.",Gasoline,285.0HP 3.6L V6 Cylinder Engine Gasoline Fuel,8-Speed A/T,White,Black,None reported,Yes,36500,6,True,143,False,Mid-Range
Ford,Bronco XLT,1995,"195,000 mi.",–,–,A/T,Blue,Gray,None reported,Yes,15000,31,False,386,False,Budget
Tesla,Model S Long Range Plus,2021,"10,550 mi.",Gasoline,557.0HP Electric Motor Electric Fuel System,A/T,Gray,Black,None reported,Yes,67800,5,True,87,False,Premium
Audi,A6 3.0T Prestige,2014,"89,500 mi.",Gasoline,310.0HP 3.0L V6 Cylinder Engine Gasoline Fuel,Transmission w/Dual Shift Mode,Gray,Black,None reported,Yes,18000,12,False,200,True,Budget
Jeep,Wrangler 80th Anniversary,2021,"27,000 mi.",Hybrid,285.0HP 3.6L V6 Cylinder Engine Gasoline/Mild Electric Hybrid,8-Speed A/T,Red,Black,None reported,Yes,37500,5,True,143,False,Mid-Range
Jeep,Wrangler Sport,2010,"87,250 mi.",Gasoline,202.0HP 3.8L V6 Cylinder Engine Gasoline Fuel,6-Speed M/T,Blue,Black,None reported,Yes,18500,16,False,143,False,Budget
Volkswagen,CC 2.0T Sport,2016,"76,495 mi.",Gasoline,200.0HP 2.0L 4 Cylinder Engine Gasoline Fuel,A/T,White,Black,At least 1 accident or damage reported,Yes,13000,10,False,59,False,Budget
Cadillac,SRX Luxury Collection,2016,"70,503 mi.",Gasoline,308.0HP 3.6L V6 Cylinder Engine Gasoline Fuel,6-Speed A/T,Silver,Beige,None reported,Yes,15500,10,False,107,False,Budget
Porsche,Cayenne Turbo,2009,"41,965 mi.",Gasoline,500.0HP 4.8L 8 Cylinder Engine Gasoline Fuel,Transmission w/Dual Shift Mode,Black,Beige,At least 1 accident or damage reported,Yes,35000,17,True,201,True,Mid-Range
Toyota,4Runner 4WD,1999,"267,000 mi.",Gasoline,150.0HP 2.7L 4 Cylinder Engine Gasoline Fuel,5-Speed M/T,Silver,Beige,At least 1 accident or damage reported,Yes,8000,27,False,199,False,Budget
Mitsubishi,Eclipse GT,2003,"146,000 mi.",Gasoline,200.0HP 3.0L V6 Cylinder Engine Gasoline Fuel,4-Speed A/T,Gray,Black,At least 1 accident or damage reported,Yes,4200,23,False,20,False,Budget
Chevrolet,Corvette Stingray w/1LT,2023,"9,000 mi.",Gasoline,490.0HP 6.2L 8 Cylinder Engine Gasoline Fuel,8-Speed A/T,White,White,None reported,Yes,82500,3,True,292,False,Premium
Toyota,GR86 Premium,2022,"1,050 mi.",Gasoline,228.0HP 2.4L 4 Cylinder Engine Gasoline Fuel,6-Speed A/T,Gray,Black,None reported,Yes,40000,4,True,199,False,Mid-Range
Land,Rover Range Rover P525 Westminster,2021,"22,270 mi.",Gasoline,5.0L V8 32V GDI DOHC Supercharged,8-Speed Automatic,Gray,Ebony,None reported,Yes,89900,5,True,130,True,Premium
Ford,Mustang GT Premium,2012,"19,900 mi.",Gasoline,412.0HP 5.0L 8 Cylinder Engine Gasoline Fuel,6-Speed A/T,White,Black,None reported,Yes,26500,14,False,386,False,Mid-Range
Tesla,Model Y Long Range,2020,"19,800 mi.",Gasoline,425.0HP Electric Motor Electric Fuel System,1-Speed A/T,White,White,None reported,Yes,44990,6,True,87,False,Premium
RAM,1500 Sport,2012,"113,500 mi.",Gasoline,390.0HP 5.7L 8 Cylinder Engine Gasoline Fuel,A/T,Black,Black,None reported,Yes,17900,14,False,91,False,Budget
Lamborghini,Gallardo LP550-2,2013,"22,000 mi.",Gasoline,550.0HP 5.2L 10 Cylinder Engine Gasoline Fuel,6-Speed A/T,Black,Black,None reported,Yes,150000,13,True,26,False,Premium
INFINITI,Q60 3.0t Red Sport 400,2022,"3,300 mi.",Gasoline,400.0HP 3.0L V6 Cylinder Engine Gasoline Fuel,Transmission w/Dual Shift Mode,Red,Black,None reported,Yes,54000,4,True,59,False,Premium
Volkswagen,e-Golf SE,2016,"41,615 mi.",Gasoline,115.0HP Electric Motor Electric Fuel System,1-Speed A/T,Blue,Gray,None reported,Yes,12000,10,False,59,False,Budget
Tesla,Model X Long Range,2022,"11,860 mi.",Gasoline,670.0HP Electric Motor Electric Fuel System,A/T,White,White,None reported,Yes,92500,4,True,87,False,Premium
BMW,M5 Base,2015,"27,000 mi.",Gasoline,560.0HP 4.4L 8 Cylinder Engine Gasoline Fuel,7-Speed A/T,Black,Black,None reported,Yes,52500,11,True,375,True,Premium
Kia,K5 GT-Line,2022,"22,101 mi.",Gasoline,1.6L I4 16V GDI DOHC Turbo,8-Speed Automatic,Glacial White Pearl,Black,At least 1 accident or damage reported,Yes,29430,4,False,76,False,Mid-Range
Chevrolet,Caprice Classic Base,1996,"60,000 mi.",Gasoline,260.0HP 5.7L 8 Cylinder Engine Gasoline Fuel,A/T,Purple,Gray,None reported,Yes,18500,30,False,292,False,Budget
Subaru,BRZ Limited,2013,"46,452 mi.",Gasoline,200.0HP 2.0L 4 Cylinder Engine Gasoline Fuel,6-Speed M/T,Gray,Black,None reported,Yes,22888,13,False,64,False,Mid-Range
Lincoln,MKZ Reserve I,2019,"36,000 mi.",Gasoline,245.0HP 2.0L 4 Cylinder Engine Gasoline Fuel,6-Speed A/T,White,Beige,None reported,Yes,26500,7,False,52,False,Mid-Range
Chevrolet,Corvette Grand Sport,2019,"13,100 mi.",Gasoline,460.0HP 6.2L 8 Cylinder Engine Gasoline Fuel,7-Speed M/T,Silver,Red,None reported,Yes,61950,7,True,292,False,Premium
Audi,Q5 2.0T Premium Plus,2019,"50,000 mi.",Gasoline,248.0HP 2.0L 4 Cylinder Engine Gasoline Fuel,7-Speed A/T,White,Beige,At least 1 accident or damage reported,Yes,27000,7,False,200,True,Mid-Range
Mazda,CX-9 Signature,2018,"19,500 mi.",Gasoline,227.0HP 2.5L 4 Cylinder Engine Gasoline Fuel,Transmission w/Dual Shift Mode,White,Brown,None reported,Yes,32250,8,True,64,False,Mid-Range
Ford,Mustang GT,2016,"36,000 mi.",Gasoline,435.0HP 5.0L 8 Cylinder Engine Gasoline Fuel,6-Speed M/T,Orange,Black,At least 1 accident or damage reported,Yes,31000,10,False,386,False,Mid-Range
Rolls-Royce,Wraith Base,2016,"21,000 mi.",Gasoline,624.0HP 6.6L 12 Cylinder Engine Gasoline Fuel,A/T,Brown,Black,None reported,Yes,217000,10,True,11,False,Premium
Chevrolet,Camaro 1SS,2022,"6,640 mi.",Gasoline,455.0HP 6.2L 8 Cylinder Engine Gasoline Fuel,A/T,Orange,Black,None reported,Yes,51999,4,True,292,False,Premium
BMW,X5 xDrive35i,2016,"74,850 mi.",Gasoline,300.0HP 3.0L Straight 6 Cylinder Engine Gasoline Fuel,A/T,White,Brown,At least 1 accident or damage reported,Yes,21900,10,False,375,True,Mid-Range
Nissan,Maxima SV,2014,"117,000 mi.",Gasoline,290.0HP 3.5L V6 Cylinder Engine Gasoline Fuel,Transmission w/Dual Shift Mode,White,Black,At least 1 accident or damage reported,Yes,10900,12,False,116,False,Budget
Toyota,Tundra TRD Pro,2016,"51,400 mi.",E85 Flex Fuel,381.0HP 5.7L 8 Cylinder Engine Flex Fuel Capability,6-Speed A/T,Black,Black,None reported,Yes,39900,10,True,199,False,Mid-Range
INFINITI,QX60 AUTOGRAPH,2022,"6,000 mi.",Gasoline,295.0HP 3.5L V6 Cylinder Engine Gasoline Fuel,9-Speed A/T,Gold,Brown,None reported,Yes,57999,4,True,59,False,Premium
Mitsubishi,Lancer Evolution MR,2006,"128,000 mi.",Gasoline,286.0HP 2.0L 4 Cylinder Engine Gasoline Fuel,6-Speed M/T,Silver,Black,None reported,Yes,37999,20,True,20,False,Mid-Range
BMW,X3 xDrive30i,2021,"15,000 mi.",Gasoline,248.0HP 2.0L 4 Cylinder Engine Gasoline Fuel,Transmission w/Dual Shift Mode,White,Brown,None reported,Yes,39995,5,True,375,True,Mid-Range
Toyota,Tundra SR5,2016,"119,000 mi.",Gasoline,381.0HP 5.7L 8 Cylinder Engine Gasoline Fuel,6-Speed A/T,Red,Black,None reported,Yes,29950,10,False,199,False,Mid-Range
Lincoln,Mark LT Base,2006,"87,500 mi.",Gasoline,300.0HP 5.4L 8 Cylinder Engine Gasoline Fuel,A/T,Silver,Black,At least 1 accident or damage reported,Yes,12999,20,False,52,False,Budget
Ford,Flex SEL,2011,"149,000 mi.",Gasoline,262.0HP 3.5L V6 Cylinder Engine Gasoline Fuel,6-Speed A/T,Black,Beige,None reported,Yes,7999,15,False,386,False,Budget
Audi,Q5 2.0T Premium Plus,2015,"54,700 mi.",E85 Flex Fuel,220.0HP 2.0L 4 Cylinder Engine Flex Fuel Capability,8-Speed A/T,Gray,Brown,At least 1 accident or damage reported,Yes,20995,11,False,200,True,Budget
Ford,F-150 XL,2021,"45,979 mi.",Gasoline,3.5L V6 24V PDI DOHC Twin Turbo,10-Speed Automatic,Agate Black Metallic,Black,None reported,Yes,38532,5,True,386,False,Mid-Range
Lincoln,Continental Reserve,2017,"56,846 mi.",Gasoline,335.0HP 2.7L V6 Cylinder Engine Gasoline Fuel,Transmission w/Dual Shift Mode,White,Beige,None reported,Yes,29000,9,False,52,False,Mid-Range
Tesla,Model X 75D,2017,"94,100 mi.",Gasoline,518.0HP Electric Motor Electric Fuel System,A/T,Black,Orange,At least 1 accident or damage reported,Yes,49900,9,True,87,False,Premium
Jeep,Grand Cherokee Limited,2017,"80,150 mi.",Gasoline,293.0HP 3.6L V6 Cylinder Engine Gasoline Fuel,8-Speed A/T,Blue,Black,At least 1 accident or damage reported,Yes,22500,9,False,143,False,Mid-Range
GMC,Terrain SLT-1,2013,"11,563 mi.",Gasoline,182.0HP 2.4L 4 Cylinder Engine Gasoline Fuel,A/T,Blue,Black,At least 1 accident or damage reported,Yes,12300,13,False,91,False,Budget
Tesla,Model X Long Range,2022,"7,500 mi.",Gasoline,670.0HP Electric Motor Electric Fuel System,A/T,Silver,Black,None reported,Yes,84000,4,True,87,False,Premium
Mercedes-Benz,AMG E 53 Base 4MATIC,2021,"15,615 mi.",Hybrid,429.0HP 3.0L Straight 6 Cylinder Engine Gasoline/Mild Electric Hybrid,9-Speed A/T,Gray,Black,None reported,Yes,78000,5,True,315,True,Premium
Subaru,Impreza WRX Base,2013,"113,000 mi.",Gasoline,265.0HP 2.5L 4 Cylinder Engine Gasoline Fuel,5-Speed M/T,Blue,Black,At least 1 accident or damage reported,Yes,16000,13,False,64,False,Budget
Kia,Optima S,2018,"74,000 mi.",Gasoline,185.0HP 2.4L 4 Cylinder Engine Gasoline Fuel,6-Speed A/T,White,Black,None reported,Yes,15000,8,False,76,False,Budget
Mercedes-Benz,M-Class ML 350,2011,"99,200 mi.",Gasoline,268.0HP 3.5L V6 Cylinder Engine Gasoline Fuel,A/T,Black,Black,None reported,Yes,11900,15,False,315,True,Budget
Volkswagen,Beetle 2.0T S,2018,"36,824 mi.",Gasoline,174.0HP 2.0L 4 Cylinder Engine Gasoline Fuel,6-Speed A/T,Red,Red,None reported,Yes,23999,8,False,59,False,Mid-Range
Acura,RSX Base,2005,"186,040 mi.",Gasoline,160.0HP 2.0L 4 Cylinder Engine Gasoline Fuel,A/T,Gray,Beige,At least 1 accident or damage reported,Yes,6700,21,False,64,False,Budget
GMC,Acadia SLE,2020,"58,000 mi.",Gasoline,310.0HP 3.6L V6 Cylinder Engine Gasoline Fuel,9-Speed A/T,Black,Black,None reported,Yes,27700,6,False,91,False,Mid-Range
Ford,F-150 Lariat,2020,"31,250 mi.",Gasoline,325.0HP 2.7L V6 Cylinder Engine Gasoline Fuel,A/T,Blue,Gray,None reported,Yes,42500,6,True,386,False,Mid-Range
Jeep,Gladiator Overland,2020,"43,000 mi.",Gasoline,285.0HP 3.6L V6 Cylinder Engine Gasoline Fuel,A/T,White,Beige,None reported,Yes,46500,6,True,143,False,Premium
Toyota,Tacoma TRD Sport,2020,"41,199 mi.",Gasoline,3.5 Liter,6 Speed Mt,Black,Black/Gun Metal,None reported,Yes,41598,6,True,199,False,Mid-Range
Kia,EV6 GT-Line,2022,"22,000 mi.",Gasoline,320.0HP Electric Motor Electric Fuel System,1-Speed A/T,Gray,Black,None reported,Yes,45000,4,True,76,False,Premium
Genesis,GV70 3.5T Sport,2022,"12,900 mi.",Gasoline,375.0HP 3.5L V6 Cylinder Engine Gasoline Fuel,8-Speed A/T,Gray,White,None reported,Yes,53000,4,True,20,False,Premium
Ford,Explorer ST,2022,"10,500 mi.",Gasoline,400.0HP 3.0L V6 Cylinder Engine Gasoline Fuel,Transmission w/Dual Shift Mode,Black,Black,None reported,Yes,50000,4,True,386,False,Premium
MINI,Countryman Cooper,2020,"74,725 mi.",Gasoline,1.5L I3 12V GDI DOHC Turbo,7-Speed Automatic with Auto-Shift,Black,Black,None reported,Yes,21612,6,False,33,False,Mid-Range
Mazda,CX-5 Grand Touring,2021,"61,117 mi.",Gasoline,2.5L I4 16V GDI DOHC,6-Speed Automatic,Sonic Silver Metallic,Black,None reported,Yes,26485,5,False,64,False,Mid-Range
BMW,325 i,2003,"142,000 mi.",Gasoline,184.0HP 2.5L Straight 6 Cylinder Engine Gasoline Fuel,5-Speed M/T,Silver,Black,At least 1 accident or damage reported,Yes,4800,23,False,375,True,Budget
Ford,Mustang EcoBoost Premium,2019,"31,000 mi.",–,–,6-Speed M/T,Gray,Black,None reported,Yes,34700,7,True,386,False,Mid-Range
Toyota,Yaris L,2012,"129,355 mi.",Gasoline,106.0HP 1.5L 4 Cylinder Engine Gasoline Fuel,4-Speed A/T,Black,Gray,At least 1 accident or damage reported,Yes,7950,14,False,199,False,Budget
Chevrolet,Express 1500 Base,2010,"204,000 mi.",E85 Flex Fuel,310.0HP 5.3L 8 Cylinder Engine Flex Fuel Capability,4-Speed A/T,White,Gray,At least 1 accident or damage reported,Yes,4900,16,False,292,False,Budget
Lincoln,Navigator L Select,2016,"115,600 mi.",Gasoline,380.0HP 3.5L V6 Cylinder Engine Gasoline Fuel,6-Speed A/T,Black,Black,None reported,Yes,22500,10,False,52,False,Mid-Range
Jeep,Wrangler Sahara Altitude,2023,"1,563 mi.",Hybrid,285.0HP 3.6L V6 Cylinder Engine Gasoline/Mild Electric Hybrid,A/T,Gray,Black,None reported,Yes,62500,3,True,143,False,Premium
Bentley,Continental GT Base,2007,"72,166 mi.",Gasoline,552.0HP 6.0L 12 Cylinder Engine Gasoline Fuel,A/T,Black,Black,At least 1 accident or damage reported,Yes,35995,19,True,33,False,Mid-Range
Lexus,RX 350 F Sport,2018,"26,100 mi.",Gasoline,295.0HP 3.5L V6 Cylinder Engine Gasoline Fuel,8-Speed A/T,Gray,Red,None reported,Yes,37899,8,True,163,True,Mid-Range
BMW,430 i,2017,"58,880 mi.",Gasoline,248.0HP 2.0L 4 Cylinder Engine Gasoline Fuel,8-Speed A/T,White,Brown,None reported,Yes,21000,9,False,375,True,Budget
Cadillac,Escalade Sport Platinum,2021,"26,000 mi.",Gasoline,420.0HP 6.2L 8 Cylinder Engine Gasoline Fuel,10-Speed A/T,Black,Black,None reported,Yes,104000,5,True,107,False,Premium
Honda,Civic EX,2008,"190,640 mi.",Gasoline,140.0HP 1.8L 4 Cylinder Engine Gasoline Fuel,5-Speed M/T,Silver,Silver,At least 1 accident or damage reported,Yes,5500,18,False,63,False,Budget
Porsche,Cayenne AWD,2020,"37,500 mi.",Gasoline,335.0HP 3.0L V6 Cylinder Engine Gasoline Fuel,8-Speed A/T,White,Black,None reported,Yes,59900,6,True,201,True,Premium
Ford,Mustang Mach-E GT,2022,"13,856 mi.",Gasoline,480.0HP Electric Motor Electric Fuel System,1-Speed A/T,White,Black,None reported,Yes,54000,4,True,386,False,Premium
Cadillac,ATS 2.5L Luxury,2013,"225,000 mi.",Gasoline,202.0HP 2.5L 4 Cylinder Engine Gasoline Fuel,6-Speed A/T,Blue,Black,None reported,Yes,13600,13,False,107,False,Budget
Lexus,LS 460 Base,2014,"123,256 mi.",Gasoline,386.0HP 4.6L 8 Cylinder Engine Gasoline Fuel,8-Speed A/T,White,Beige,None reported,Yes,24995,12,False,163,True,Mid-Range
Cadillac,Escalade Premium Luxury,2021,"11,459 mi.",Gasoline,420.0HP 6.2L 8 Cylinder Engine Gasoline Fuel,10-Speed A/T,White,Brown,None reported,Yes,88900,5,True,107,False,Premium
Mercedes-Benz,C-Class C 300 4MATIC Sport,2016,"67,289 mi.",Gasoline,241.0HP 2.0L 4 Cylinder Engine Gasoline Fuel,7-Speed A/T,White,Gray,None reported,Yes,20490,10,False,315,True,Budget
Hyundai,Veloster Base,2013,"56,837 mi.",Gasoline,132.0HP 1.6L 4 Cylinder Engine Gasoline Fuel,Transmission w/Dual Shift Mode,Silver,Black,At least 1 accident or damage reported,Yes,10500,13,False,72,False,Budget
Chevrolet,Corvette Base,2002,"44,168 mi.",Gasoline,350.0HP 5.7L 8 Cylinder Engine Gasoline Fuel,4-Speed A/T,Orange,Black,None reported,Yes,30000,24,False,292,False,Mid-Range
Mercedes-Benz,C-Class C 300 4MATIC,2019,"59,766 mi.",Gasoline,2.0L I4 16V GDI DOHC Turbo,9-Speed Automatic,Lunar Blue Metallic,Macchiato,None reported,Yes,26900,7,False,315,True,Mid-Range
Kia,Stinger GT,2018,"56,300 mi.",Gasoline,365.0HP 3.3L V6 Cylinder Engine Gasoline Fuel,A/T,Silver,Black,None reported,Yes,29950,8,False,76,False,Mid-Range
Volvo,S60 R,2004,"167,000 mi.",Gasoline,300.0HP 2.5L 5 Cylinder Engine Gasoline Fuel,6-Speed M/T,Black,Beige,None reported,Yes,8000,22,False,38,False,Budget
Chevrolet,Silverado 2500 LT,2015,"122,770 mi.",E85 Flex Fuel,360.0HP 6.0L 8 Cylinder Engine Flex Fuel Capability,A/T,Brown,Black,None reported,Yes,27499,11,False,292,False,Mid-Range
Land,Rover Range Rover 3.0L V6 Supercharged HSE,2019,"59,271 mi.",Gasoline,380.0HP 3.0L V6 Cylinder Engine Gasoline Fuel,A/T,Black,Black,None reported,Yes,54995,7,True,130,True,Premium
GMC,Sierra 1500 SLE,2015,"102,000 mi.",Gasoline,355.0HP 5.3L 8 Cylinder Engine Gasoline Fuel,6-Speed A/T,Silver,Black,At least 1 accident or damage reported,Yes,24500,11,False,91,False,Mid-Range
Chevrolet,Silverado 1500 RST,2020,"40,929 mi.",Gasoline,5.3L V8 16V GDI OHV,Automatic,Cajun Red Tintcoat,Jet Black,At least 1 accident or damage reported,Yes,44800,6,True,292,False,Premium
Porsche,911 Turbo S,2019,"22,000 mi.",Gasoline,580.0HP 3.8L Flat 6 Cylinder Engine Gasoline Fuel,7-Speed A/T,White,Beige,None reported,Yes,174900,7,True,201,True,Premium
Chevrolet,Suburban Z71,2022,"19,200 mi.",Gasoline,420.0HP 6.2L 8 Cylinder Engine Gasoline Fuel,10-Speed A/T,White,Black,None reported,Yes,69790,4,True,292,False,Premium
Mercedes-Benz,G-Class G 550 4MATIC,2019,"32,376 mi.",Gasoline,416.0HP 4.0L 8 Cylinder Engine Gasoline Fuel,A/T,Black,Black,None reported,Yes,128000,7,True,315,True,Premium
Porsche,911 Carrera,2023,"19,800 mi.",Gasoline,379.0HP 3.0L Flat 6 Cylinder Engine Gasoline Fuel,8-Speed A/T,Silver,Black,None reported,Yes,134900,3,True,201,True,Premium
Land,Rover Range Rover Sport HSE,2011,"105,000 mi.",Gasoline,375.0HP 5.0L 8 Cylinder Engine Gasoline Fuel,A/T,Black,Black,None reported,Yes,10000,15,False,130,True,Budget
Ford,F-250 Lariat,2016,"122,650 mi.",Diesel,440.0HP 6.7L 8 Cylinder Engine Diesel Fuel,6-Speed A/T,Gray,Black,None reported,Yes,38900,10,True,386,False,Mid-Range
Subaru,BRZ Limited,2022,"14,000 mi.",Gasoline,228.0HP 2.4L 4 Cylinder Engine Gasoline Fuel,6-Speed M/T,White,Black,None reported,Yes,34999,4,True,64,False,Mid-Range
Lexus,LS 460 Base,2008,"100,868 mi.",Gasoline,380.0HP 4.6L 8 Cylinder Engine Gasoline Fuel,8-Speed A/T,Black,Beige,None reported,Yes,15397,18,False,163,True,Budget
Land,Rover Range Rover Sport HSE,2013,"111,000 mi.",Gasoline,375.0HP 5.0L 8 Cylinder Engine Gasoline Fuel,6-Speed A/T,Black,Black,At least 1 accident or damage reported,Yes,15000,13,False,130,True,Budget
Cadillac,Escalade Sport Platinum,2021,"38,500 mi.",Gasoline,420.0HP 6.2L 8 Cylinder Engine Gasoline Fuel,A/T,White,Black,At least 1 accident or damage reported,Yes,94995,5,True,107,False,Premium
Nissan,Pathfinder S,2020,"41,250 mi.",Gasoline,284.0HP 3.5L V6 Cylinder Engine Gasoline Fuel,CVT Transmission,White,–,None reported,Yes,21865,6,False,116,False,Mid-Range
MINI,Cooper S Base,2006,"99,600 mi.",Gasoline,168.0HP 1.6L 4 Cylinder Engine Gasoline Fuel,6-Speed A/T,Orange,Black,None reported,Yes,5500,20,False,33,False,Budget
Acura,ILX 2.0L w/Premium Package,2013,"198,000 mi.",Gasoline,150.0HP 2.0L 4 Cylinder Engine Gasoline Fuel,Transmission w/Dual Shift Mode,White,Black,At least 1 accident or damage reported,Yes,11000,13,False,64,False,Budget
Lexus,RX 350 Base,2021,"20,598 mi.",Gasoline,3.5L V6 24V PDI DOHC,8-Speed Automatic,Atomic Silver,Gray,At least 1 accident or damage reported,Yes,42599,5,True,163,True,Premium
Porsche,911 Carrera S,2013,"52,044 mi.",Gasoline,400.0HP 3.8L Flat 6 Cylinder Engine Gasoline Fuel,7-Speed M/T,White,Gray,None reported,Yes,76500,13,True,201,True,Premium
MINI,Hardtop Cooper S,2022,"23,777 mi.",Gasoline,189.0HP 2.0L 4 Cylinder Engine Gasoline Fuel,6-Speed M/T,Gray,Black,None reported,Yes,30000,4,False,33,False,Mid-Range
Ford,F-150 Platinum,2018,"60,660 mi.",Gasoline,375.0HP 3.5L V6 Cylinder Engine Gasoline Fuel,A/T,Gold,Black,At least 1 accident or damage reported,Yes,46900,8,True,386,False,Premium
BMW,i3 Base,2015,"26,000 mi.",Gasoline,170.0HP 0.65L Electric Motor Electric Fuel System,1-Speed A/T,White,Beige,None reported,Yes,14999,11,False,375,True,Budget
Mazda,CX-5 Touring,2018,"61,000 mi.",Gasoline,187.0HP 2.5L 4 Cylinder Engine Gasoline Fuel,Transmission w/Dual Shift Mode,Gray,Black,None reported,Yes,21800,8,False,64,False,Mid-Range
Lexus,RX 350 F Sport Performance,2020,"53,750 mi.",Gasoline,295.0HP 3.5L V6 Cylinder Engine Gasoline Fuel,A/T,Black,Red,None reported,Yes,32600,6,True,163,True,Mid-Range
BMW,X5 M50i,2023,"13,735 mi.",Gasoline,4.4L V8 32V GDI DOHC Twin Turbo,8-Speed Automatic,Black Sapphire Metallic,Black,None reported,Yes,77897,3,True,375,True,Premium
Mercedes-Benz,E-Class E 300,2019,"32,580 mi.",Gasoline,2.0 Liter Turbo,Automatic,Obsidian Black Metallic,Beige,None reported,Yes,33998,7,True,315,True,Mid-Range
Porsche,911 Carrera Cabriolet,2006,"96,275 mi.",Gasoline,325.0HP 3.6L Flat 6 Cylinder Engine Gasoline Fuel,6-Speed M/T,Silver,Black,At least 1 accident or damage reported,Yes,52500,20,True,201,True,Premium
Ford,F-350 Lariat,2015,"162,000 mi.",Diesel,440.0HP 6.7L 8 Cylinder Engine Diesel Fuel,Transmission w/Dual Shift Mode,Red,Beige,None reported,Yes,32000,11,True,386,False,Mid-Range
BMW,X3 xDrive30i,2019,"92,040 mi.",Gasoline,2.0L I4 16V GDI DOHC Turbo,8-Speed Automatic,Alpine White,Black,None reported,Yes,24999,7,False,375,True,Mid-Range
RAM,1500 SLT,2017,"73,690 mi.",Gasoline,395.0HP 5.7L 8 Cylinder Engine Gasoline Fuel,8-Speed A/T,Blue,Gray,At least 1 accident or damage reported,Yes,27000,9,False,91,False,Mid-Range
Toyota,Tacoma Base,2009,"48,750 mi.",Gasoline,159.0HP 2.7L 4 Cylinder Engine Gasoline Fuel,M/T,Brown,Silver,None reported,Yes,17900,17,False,199,False,Budget
Cadillac,SRX Performance Collection,2011,"124,542 mi.",Gasoline,265.0HP 3.0L V6 Cylinder Engine Gasoline Fuel,6-Speed A/T,Gray,Beige,None reported,Yes,8450,15,False,107,False,Budget
Ford,Mustang GT Premium,2010,"69,000 mi.",Gasoline,315.0HP 4.6L 8 Cylinder Engine Gasoline Fuel,5-Speed A/T,White,Black,None reported,Yes,20000,16,False,386,False,Budget
Dodge,Ram 2500 Laramie Quad Cab,2004,"148,000 mi.",Diesel,250.0HP 5.9L Straight 6 Cylinder Engine Diesel Fuel,4-Speed A/T,Black,Beige,None reported,Yes,19000,22,False,90,False,Budget
BMW,650 i,2006,"122,141 mi.",Gasoline,360.0HP 4.8L 8 Cylinder Engine Gasoline Fuel,6-Speed M/T,Silver,Black,None reported,Yes,10500,20,False,375,True,Budget
Subaru,Impreza WRX,2012,"106,000 mi.",Gasoline,265.0HP 2.5L 4 Cylinder Engine Gasoline Fuel,M/T,Black,Black,None reported,Yes,15000,14,False,64,False,Budget
Ford,Edge Titanium,2017,"113,294 mi.",Gasoline,245.0HP 2.0L 4 Cylinder Engine Gasoline Fuel,6-Speed A/T,Gray,Black,At least 1 accident or damage reported,Yes,16500,9,False,386,False,Budget
Kia,Telluride SX,2021,"24,423 mi.",Gasoline,3.8L V6 24V GDI DOHC,8-Speed Automatic,Black,Black,None reported,Yes,44315,5,True,76,False,Premium
Tesla,Model S Long Range,2022,"28,000 mi.",Gasoline,670.0HP Electric Motor Electric Fuel System,1-Speed A/T,Gray,White,None reported,Yes,68750,4,True,87,False,Premium
RAM,1500 Rebel,2018,"54,800 mi.",Gasoline,395.0HP 5.7L 8 Cylinder Engine Gasoline Fuel,A/T,White,Black,At least 1 accident or damage reported,Yes,37050,8,True,91,False,Mid-Range
Ford,Explorer XLT,2017,"161,000 mi.",Gasoline,290.0HP 3.5L V6 Cylinder Engine Gasoline Fuel,6-Speed A/T,Gray,Black,None reported,Yes,17500,9,False,386,False,Budget
Mercedes-Benz,AMG GLE 43 4MATIC Coupe,2019,"28,755 mi.",Gasoline,385.0HP 3.0L V6 Cylinder Engine Gasoline Fuel,9-Speed A/T,Black,Black,None reported,Yes,61350,7,True,315,True,Premium
Audi,Q5 2.0T Premium Plus,2016,"52,105 mi.",E85 Flex Fuel,220.0HP 2.0L 4 Cylinder Engine Flex Fuel Capability,A/T,White,Beige,At least 1 accident or damage reported,Yes,20499,10,False,200,True,Budget
Nissan,Armada Platinum,2018,"119,950 mi.",Gasoline,390.0HP 5.6L 8 Cylinder Engine Gasoline Fuel,Transmission w/Dual Shift Mode,Black,Black,None reported,Yes,20999,8,False,116,False,Budget
Mercedes-Benz,SL-Class SL500 Roadster,2003,"80,081 mi.",Gasoline,302.0HP 5.0L 8 Cylinder Engine Gasoline Fuel,5-Speed A/T,White,Beige,None reported,Yes,12500,23,False,315,True,Budget
Bentley,Bentayga V8,2021,"24,500 mi.",Gasoline,542.0HP 4.0L 8 Cylinder Engine Gasoline Fuel,8-Speed A/T,White,White,None reported,Yes,165000,5,True,33,False,Premium
Jeep,Gladiator Overland,2021,"4,100 mi.",Gasoline,285.0HP 3.6L V6 Cylinder Engine Gasoline Fuel,A/T,Black,Black,None reported,Yes,55000,5,True,143,False,Premium
BMW,M2 CS,2020,"9,670 mi.",Gasoline,444.0HP 3.0L Straight 6 Cylinder Engine Gasoline Fuel,Transmission w/Dual Shift Mode,Blue,Black,None reported,Yes,103500,6,True,375,True,Premium
Dodge,Charger SE,2017,"63,250 mi.",Gasoline,292.0HP 3.6L V6 Cylinder Engine Gasoline Fuel,A/T,Red,Black,None reported,Yes,18650,9,False,90,False,Budget
Lincoln,MKX Black Label,2017,"69,431 mi.",Gasoline,335.0HP 2.7L V6 Cylinder Engine Gasoline Fuel,6-Speed A/T,Silver,Black,None reported,Yes,26500,9,False,52,False,Mid-Range
Toyota,Tundra SR5,2015,"108,044 mi.",Gasoline,5.7L V8 32V MPFI DOHC,6-Speed Automatic,Black,–,None reported,Yes,31380,11,True,199,False,Mid-Range
BMW,335 i,2008,"98,000 mi.",Gasoline,300.0HP 3.0L Straight 6 Cylinder Engine Gasoline Fuel,Transmission w/Dual Shift Mode,Black,Brown,None reported,Yes,13998,18,False,375,True,Budget
BMW,X1 xDrive28i,2019,"52,253 mi.",Gasoline,228.0HP 2.0L 4 Cylinder Engine Gasoline Fuel,Transmission w/Dual Shift Mode,White,Black,None reported,Yes,34500,7,True,375,True,Mid-Range
Ford,F-350 Platinum,2022,"23,850 mi.",Diesel,475.0HP 6.7L 8 Cylinder Engine Diesel Fuel,10-Speed A/T,Silver,Black,None reported,Yes,99750,4,True,386,False,Premium
Mercedes-Benz,Sprinter High Roof,2015,"1,500 mi.",Diesel,188.0HP 3.0L V6 Cylinder Engine Diesel Fuel,A/T,White,Gray,None reported,Yes,39500,11,True,315,True,Mid-Range
Dodge,Challenger GT,2021,"40,000 mi.",Gasoline,303.0HP 3.6L V6 Cylinder Engine Gasoline Fuel,A/T,Black,Black,None reported,Yes,32500,5,True,90,False,Mid-Range
Audi,S4 3.0 Prestige,2012,"38,718 mi.",Gasoline,333.0HP 3.0L V6 Cylinder Engine Gasoline Fuel,7-Speed A/T,Black,Black,None reported,Yes,31000,14,False,200,True,Mid-Range
Toyota,Tacoma TRD Sport,2018,"84,184 mi.",Gasoline,3.5 Liter,Automatic,Magnetic Gray Metallic,Graphite w/Gun Metal,None reported,Yes,35998,8,True,199,False,Mid-Range
Mercedes-Benz,Sprinter 2500 Standard Roof,2021,"13,344 mi.",Diesel,188.0HP 3.0L V6 Cylinder Engine Diesel Fuel,7-Speed A/T,Red,Black,None reported,Yes,56500,5,True,315,True,Premium
INFINITI,Q50 3.0t Red Sport 400,2018,"51,850 mi.",Gasoline,400.0HP 3.0L V6 Cylinder Engine Gasoline Fuel,Transmission w/Dual Shift Mode,Black,Black,None reported,Yes,28900,8,False,59,False,Mid-Range
Porsche,911 Carrera 4S,2002,"119,500 mi.",Gasoline,320.0HP 3.6L Flat 6 Cylinder Engine Gasoline Fuel,6-Speed M/T,Black,Black,At least 1 accident or damage reported,Yes,36995,24,True,201,True,Mid-Range
Ford,Expedition Max Limited,2021,"30,918 mi.",Gasoline,375.0HP 3.5L V6 Cylinder Engine Gasoline Fuel,10-Speed A/T,White,Beige,None reported,Yes,51999,5,True,386,False,Premium
Chevrolet,Corvette Stingray w/3LT,2023,"1,100 mi.",Gasoline,490.0HP 6.2L 8 Cylinder Engine Gasoline Fuel,8-Speed A/T,Gray,Beige,None reported,Yes,92000,3,True,292,False,Premium
Mercedes-Benz,C-Class C 300,2019,"40,000 mi.",Gasoline,255.0HP 2.0L 4 Cylinder Engine Gasoline Fuel,A/T,Blue,Black,None reported,Yes,27900,7,False,315,True,Mid-Range
Jeep,Grand Cherokee Limited,2005,"100,500 mi.",Gasoline,325.0HP 5.7L 8 Cylinder Engine Gasoline Fuel,A/T,Black,Gray,None reported,Yes,9998,21,False,143,False,Budget
Dodge,Charger SRT Hellcat,2020,"54,320 mi.",Gasoline,707.0HP 6.2L 8 Cylinder Engine Gasoline Fuel,8-Speed A/T,Gray,Black,At least 1 accident or damage reported,Yes,67000,6,True,90,False,Premium
Mercedes-Benz,C-Class C 300 4MATIC,2018,"49,000 mi.",Gasoline,241.0HP 2.0L 4 Cylinder Engine Gasoline Fuel,A/T,Black,Black,None reported,Yes,23450,8,False,315,True,Mid-Range
Porsche,911 Carrera S,2020,"28,000 mi.",Gasoline,443.0HP 3.0L Flat 6 Cylinder Engine Gasoline Fuel,8-Speed A/T,Gray,Black,None reported,Yes,134999,6,True,201,True,Premium
Porsche,911 GT3,2022,"1,750 mi.",Gasoline,502.0HP 4.0L Flat 6 Cylinder Engine Gasoline Fuel,7-Speed A/T,White,Black,None reported,Yes,275000,4,True,201,True,Premium
Cadillac,DTS Luxury,2007,"130,000 mi.",Gasoline,275.0HP 4.6L 8 Cylinder Engine Gasoline Fuel,A/T,Gold,Beige,At least 1 accident or damage reported,Yes,3499,19,False,107,False,Budget
Maserati,Grecale Modena,2023,"3,721 mi.",Gasoline,2.0L I4 16V GDI DOHC Turbo,8-Speed Automatic,White,Red,None reported,Yes,69645,3,True,34,False,Premium
Mercedes-Benz,S-Class S 550,2016,"78,101 mi.",Gasoline,449.0HP 4.7L 8 Cylinder Engine Gasoline Fuel,7-Speed A/T,Black,Black,None reported,Yes,34500,10,True,315,True,Mid-Range
Chevrolet,Malibu 1LT,2017,"54,000 mi.",Gasoline,160.0HP 1.5L 4 Cylinder Engine Gasoline Fuel,A/T,Gray,Gray,At least 1 accident or damage reported,Yes,16000,9,False,292,False,Budget
Nissan,Quest SL,2011,"185,000 mi.",Gasoline,260.0HP 3.5L V6 Cylinder Engine Gasoline Fuel,A/T,White,Gray,At least 1 accident or damage reported,Yes,7500,15,False,116,False,Budget
Mercedes-Benz,SLK-Class SLK 250,2015,"49,000 mi.",Gasoline,201.0HP 1.8L 4 Cylinder Engine Gasoline Fuel,7-Speed A/T,Blue,Beige,None reported,Yes,23500,11,False,315,True,Mid-Range
GMC,Sierra 2500 Denali,2024,"2,043 mi.",Gasoline,401.0HP 6.6L 8 Cylinder Engine Gasoline Fuel,10-Speed A/T,White,Black,None reported,Yes,81500,2,True,91,False,Premium
Lexus,RX 350 Base,2016,"71,750 mi.",Gasoline,295.0HP 3.5L V6 Cylinder Engine Gasoline Fuel,8-Speed A/T,Black,Brown,None reported,Yes,28000,10,False,163,True,Mid-Range
Chevrolet,Corvette Stingray w/3LT,2020,"5,194 mi.",Gasoline,6.2L V8 16V GDI OHV,8-Speed Automatic with Auto-Shift,Arctic White,Tension,None reported,Yes,87500,6,True,292,False,Premium
BMW,330 i,2019,"42,200 mi.",Gasoline,255.0HP 2.0L 4 Cylinder Engine Gasoline Fuel,8-Speed A/T,White,Black,None reported,Yes,27500,7,False,375,True,Mid-Range
Mercedes-Benz,GLC 300 Base,2020,"42,717 mi.",Gasoline,255.0HP 2.0L 4 Cylinder Engine Gasoline Fuel,A/T,Gold,Beige,None reported,Yes,33500,6,True,315,True,Mid-Range
Tesla,Model S 75D,2016,"102,260 mi.",Gasoline,518.0HP Electric Motor Electric Fuel System,1-Speed A/T,White,Black,None reported,Yes,31300,10,True,87,False,Mid-Range
Chevrolet,Corvette Stingray w/2LT,2022,"11,089 mi.",Gasoline,6.2L V8 16V GDI OHV,8-Speed Manual,Silver Flare Metallic,Adrenaline Red,None reported,Yes,80900,4,True,292,False,Premium
Jaguar,XF 25t Prestige,2018,"37,777 mi.",Gasoline,247.0HP 2.0L 4 Cylinder Engine Gasoline Fuel,Transmission w/Dual Shift Mode,Black,Black,None reported,Yes,32500,8,True,47,True,Mid-Range
Ford,F-150 XLT,2021,"35,921 mi.",Gasoline,2.7L V6 24V PDI DOHC Twin Turbo,10-Speed Automatic,Antimatter Blue Metallic,Black,None reported,Yes,42995,5,True,386,False,Premium
Ford,Bronco Outer Banks,2023,"1,800 mi.",Gasoline,275.0HP 2.3L 4 Cylinder Engine Gasoline Fuel,10-Speed A/T,Gray,Blue,None reported,Yes,54900,3,True,386,False,Premium
Scion,FR-S Monogram,2014,"163,019 mi.",Gasoline,200.0HP 2.0L 4 Cylinder Engine Gasoline Fuel,6-Speed M/T,Black,Black,At least 1 accident or damage reported,Yes,8900,12,False,6,False,Budget
Mercedes-Benz,C-Class C 300 4MATIC,2020,"14,220 mi.",Gasoline,255.0HP 2.0L 4 Cylinder Engine Gasoline Fuel,9-Speed A/T,Blue,Beige,None reported,Yes,35500,6,True,315,True,Mid-Range
Chevrolet,Tahoe Premier,2019,"48,879 mi.",Gasoline,5.3L V8 16V GDI OHV,Automatic,Silver Ice Metallic,Jet Black,None reported,Yes,49573,7,True,292,False,Premium
BMW,M3 Base,2002,"117,200 mi.",Gasoline,333.0HP 3.2L Straight 6 Cylinder Engine Gasoline Fuel,6-Speed A/T,Black,Black,None reported,Yes,15000,24,False,375,True,Budget
Ford,F-150 Lariat,2016,"25,000 mi.",E85 Flex Fuel,385.0HP 5.0L 8 Cylinder Engine Flex Fuel Capability,6-Speed A/T,Gray,Black,None reported,Yes,65000,10,True,386,False,Premium
BMW,i3 Base w/Range Extender,2014,"74,500 mi.",Gasoline,170.0HP 0.65L Electric Motor Electric Fuel System,A/T,White,Gray,None reported,Yes,11499,12,False,375,True,Budget
INFINITI,G37 Journey,2013,"33,300 mi.",Gasoline,328.0HP 3.7L V6 Cylinder Engine Gasoline Fuel,A/T,Gray,Black,None reported,Yes,21990,13,False,59,False,Mid-Range
Ford,Expedition XLT,2007,"123,921 mi.",Gasoline,300.0HP 5.4L 8 Cylinder Engine Gasoline Fuel,6-Speed A/T,White,Beige,None reported,Yes,6900,19,False,386,False,Budget
BMW,X3 sDrive30i,2021,"12,800 mi.",Gasoline,248.0HP 2.0L 4 Cylinder Engine Gasoline Fuel,A/T,Blue,Blue,None reported,Yes,39990,5,True,375,True,Mid-Range
Aston,Martin Vantage GT Base,2015,"21,100 mi.",Gasoline,430.0HP 4.7L 8 Cylinder Engine Gasoline Fuel,6-Speed M/T,Black,Black,None reported,Yes,80000,11,True,9,False,Premium
Chevrolet,Tahoe LT,2009,"104,733 mi.",E85 Flex Fuel,320.0HP 5.3L 8 Cylinder Engine Flex Fuel Capability,6-Speed A/T,Black,Black,None reported,Yes,15000,17,False,292,False,Budget
Ford,Transit-250 Base,2020,"53,000 mi.",Gasoline,310.0HP 3.5L V6 Cylinder Engine Gasoline Fuel,A/T,White,Black,At least 1 accident or damage reported,Yes,38500,6,True,386,False,Mid-Range
Lexus,ES 250 Base,2021,"17,570 mi.",Gasoline,2.5 Liter,Automatic,Emin White,Black,None reported,Yes,39998,5,True,163,True,Mid-Range
RAM,1500 Rebel,2020,"63,875 mi.",Hybrid,395.0HP 5.7L 8 Cylinder Engine Gasoline/Mild Electric Hybrid,8-Speed A/T,Gray,Black,At least 1 accident or damage reported,Yes,41900,6,True,91,False,Mid-Range
Ford,Maverick XL,2023,"12,500 mi.",Hybrid,191.0HP 2.5L 4 Cylinder Engine Gas/Electric Hybrid,A/T,Silver,Black,None reported,Yes,29999,3,False,386,False,Mid-Range
BMW,Z3 3.0i Roadster,2001,"103,990 mi.",Gasoline,225.0HP 3.0L Straight 6 Cylinder Engine Gasoline Fuel,5-Speed M/T,Black,Beige,None reported,Yes,10500,25,False,375,True,Budget
Chevrolet,Camaro 1SS,2022,"7,000 mi.",Gasoline,455.0HP 6.2L 8 Cylinder Engine Gasoline Fuel,6-Speed M/T,Blue,Black,None reported,Yes,50000,4,True,292,False,Premium
Chevrolet,Corvette Stingray w/3LT,2023,"9,000 mi.",Gasoline,490.0HP 6.2L 8 Cylinder Engine Gasoline Fuel,8-Speed A/T,Blue,Black,None reported,Yes,92000,3,True,292,False,Premium
Pontiac,Solstice GXP,2007,"7,800 mi.",Gasoline,260.0HP 2.0L 4 Cylinder Engine Gasoline Fuel,5-Speed A/T,Silver,Black,None reported,Yes,19000,19,False,15,False,Budget
Cadillac,XTS Luxury,2017,"69,289 mi.",Gasoline,304.0HP 3.6L V6 Cylinder Engine Gasoline Fuel,6-Speed A/T,Gray,Black,At least 1 accident or damage reported,Yes,20997,9,False,107,False,Budget
Toyota,Highlander Limited,2011,"106,000 mi.",Gasoline,270.0HP 3.5L V6 Cylinder Engine Gasoline Fuel,5-Speed A/T,White,Gray,At least 1 accident or damage reported,Yes,16600,15,False,199,False,Budget
Lincoln,Navigator Reserve,2020,"68,000 mi.",Gasoline,450.0HP 3.5L V6 Cylinder Engine Gasoline Fuel,10-Speed A/T,Black,Gray,At least 1 accident or damage reported,Yes,55999,6,True,52,False,Premium
Toyota,Highlander Hybrid Limited Platinum,2019,"13,828 mi.",Hybrid,306.0HP 3.5L V6 Cylinder Engine Gas/Electric Hybrid,CVT Transmission,Blue,Black,None reported,Yes,43000,7,True,199,False,Premium
Audi,A3 2.0T Tech Premium,2018,"39,600 mi.",Gasoline,220.0HP 2.0L 4 Cylinder Engine Gasoline Fuel,Transmission w/Dual Shift Mode,White,Black,None reported,Yes,26999,8,False,200,True,Mid-Range
Jeep,Wrangler SE,2003,"92,000 mi.",Gasoline,150.0HP 2.4L 4 Cylinder Engine Gasoline Fuel,M/T,Gold,Black,None reported,Yes,12500,23,False,143,False,Budget
Toyota,Tacoma SR,2022,"5,020 mi.",Gasoline,278.0HP 3.5L V6 Cylinder Engine Gasoline Fuel,A/T,Black,Gray,None reported,Yes,36500,4,True,199,False,Mid-Range
Chevrolet,Trailblazer SS,2007,"107,800 mi.",Gasoline,395.0HP 6.0L 8 Cylinder Engine Gasoline Fuel,A/T,Black,Black,At least 1 accident or damage reported,Yes,15000,19,False,292,False,Budget
Audi,A5 2.0T Premium Plus,2019,"23,827 mi.",Gasoline,248.0HP 2.0L 4 Cylinder Engine Gasoline Fuel,7-Speed A/T,Gray,Black,None reported,Yes,34995,7,True,200,True,Mid-Range
Audi,A6 55 Premium,2020,"25,300 mi.",Hybrid,335.0HP 3.0L V6 Cylinder Engine Gasoline/Mild Electric Hybrid,7-Speed A/T,White,Beige,None reported,Yes,39900,6,True,200,True,Mid-Range
Mercedes-Benz,Sprinter 2500,2016,"399,000 mi.",Diesel,188.0HP 3.0L V6 Cylinder Engine Diesel Fuel,5-Speed A/T,Silver,–,At least 1 accident or damage reported,Yes,24500,10,False,315,True,Mid-Range
Porsche,911 Carrera,2005,"46,200 mi.",Gasoline,325.0HP 3.6L Flat 6 Cylinder Engine Gasoline Fuel,6-Speed M/T,Silver,Black,None reported,Yes,49999,21,True,201,True,Premium
Chevrolet,Corvette Stingray w/2LT,2022,"3,158 mi.",Gasoline,490.0HP 6.2L 8 Cylinder Engine Gasoline Fuel,8-Speed A/T,Red,Red,None reported,Yes,85989,4,True,292,False,Premium
GMC,Acadia SLE,2021,"26,000 mi.",Gasoline,228.0HP 2.0L 4 Cylinder Engine Gasoline Fuel,A/T,White,Black,None reported,Yes,30900,5,False,91,False,Mid-Range
Porsche,911 Carrera,2020,"12,758 mi.",Gasoline,379.0HP 3.0L Flat 6 Cylinder Engine Gasoline Fuel,8-Speed A/T,Silver,Black,None reported,Yes,107900,6,True,201,True,Premium
Chevrolet,Corvette Base,2007,"123,500 mi.",Gasoline,400.0HP 6.0L 8 Cylinder Engine Gasoline Fuel,Transmission w/Dual Shift Mode,Red,Beige,At least 1 accident or damage reported,Yes,27000,19,False,292,False,Mid-Range
Ford,Mustang GT Premium,2018,"26,840 mi.",Gasoline,460.0HP 5.0L 8 Cylinder Engine Gasoline Fuel,6-Speed M/T,White,Black,None reported,Yes,42500,8,True,386,False,Mid-Range
Ford,Edge SEL,2021,"17,836 mi.",Gasoline,2.0L I4 16V GDI DOHC Turbo,8-Speed Automatic,Silver,Ebony,None reported,Yes,31933,5,True,386,False,Mid-Range
Cadillac,Escalade Luxury,2012,"114,500 mi.",E85 Flex Fuel,403.0HP 6.2L 8 Cylinder Engine Flex Fuel Capability,A/T,Black,Black,None reported,Yes,16100,14,False,107,False,Budget
Chevrolet,Corvette Stingray w/3LT,2022,"5,400 mi.",Gasoline,490.0HP 6.2L 8 Cylinder Engine Gasoline Fuel,8-Speed A/T,White,Black,None reported,Yes,89900,4,True,292,False,Premium
Toyota,Corolla LE,2016,"17,500 mi.",Gasoline,132.0HP 1.8L 4 Cylinder Engine Gasoline Fuel,A/T,Red,Gray,None reported,Yes,15100,10,False,199,False,Budget
Chevrolet,Express 2500 Work Van,2017,"56,000 mi.",Gasoline,285.0HP 4.8L 8 Cylinder Engine Gasoline Fuel,A/T,Blue,–,None reported,Yes,44600,9,True,292,False,Premium
Chevrolet,Trax LS,2020,"20,800 mi.",Gasoline,138.0HP 1.4L 4 Cylinder Engine Gasoline Fuel,6-Speed A/T,Black,Beige,None reported,Yes,19000,6,False,292,False,Budget
Volkswagen,Golf Auto TSI S,2015,"107,543 mi.",Gasoline,170.0HP 1.8L 4 Cylinder Engine Gasoline Fuel,Transmission w/Dual Shift Mode,Black,Black,None reported,Yes,13200,11,False,59,False,Budget
Nissan,Pathfinder Silver,2012,"206,000 mi.",Gasoline,266.0HP 4.0L V6 Cylinder Engine Gasoline Fuel,Transmission w/Dual Shift Mode,Black,Black,None reported,Yes,5000,14,False,116,False,Budget
Ford,F-150 Platinum,2018,"37,100 mi.",E85 Flex Fuel,395.0HP 5.0L 8 Cylinder Engine Flex Fuel Capability,10-Speed A/T,Black,Black,None reported,Yes,46000,8,True,386,False,Premium
Land,Rover Range Rover Velar P380 SE R-Dynamic,2019,"19,813 mi.",Gasoline,380.0HP 3.0L V6 Cylinder Engine Gasoline Fuel,8-Speed A/T,Silver,Beige,None reported,Yes,51900,7,True,130,True,Premium
Kia,Sportage LX,2010,"208,321 mi.",Gasoline,173.0HP 2.7L V6 Cylinder Engine Gasoline Fuel,A/T,White,Beige,None reported,Yes,3500,16,False,76,False,Budget
Lexus,LS 460 Base,2012,"200,000 mi.",Gasoline,380.0HP 4.6L 8 Cylinder Engine Gasoline Fuel,Transmission w/Dual Shift Mode,White,Beige,At least 1 accident or damage reported,Yes,9995,14,False,163,True,Budget
MINI,Cooper S Base,2012,"66,000 mi.",Gasoline,181.0HP 1.6L 4 Cylinder Engine Gasoline Fuel,6-Speed A/T,White,Black,None reported,Yes,10999,14,False,33,False,Budget
Bentley,Bentayga Activity Edition,2018,"41,000 mi.",Gasoline,600.0HP 6.0L 12 Cylinder Engine Gasoline Fuel,8-Speed A/T,Gray,Gray,None reported,Yes,113000,8,True,33,False,Premium
Volvo,XC60 T6 Inscription,2019,"20,623 mi.",Gasoline,330.0HP 2.0L 4 Cylinder Engine Gasoline Fuel,A/T,Silver,Black,None reported,Yes,36800,7,True,38,False,Mid-Range
Ford,Explorer Limited,2018,"86,000 mi.",Gasoline,290.0HP 3.5L V6 Cylinder Engine Gasoline Fuel,Transmission w/Dual Shift Mode,Black,Black,None reported,Yes,26900,8,False,386,False,Mid-Range
Porsche,Cayenne Turbo GT,2022,"1,766 mi.",Gasoline,4.0L,Automatic,Custom Color,Black,None reported,Yes,209995,4,True,201,True,Premium
Mercedes-Benz,G-Class G 550 4MATIC,2016,"51,354 mi.",Gasoline,416.0HP 4.0L 8 Cylinder Engine Gasoline Fuel,7-Speed A/T,Blue,Black,None reported,Yes,73000,10,True,315,True,Premium
Jeep,Wrangler Unlimited Rubicon 392,2021,"38,000 mi.",Gasoline,470.0HP 6.4L 8 Cylinder Engine Gasoline Fuel,Transmission w/Dual Shift Mode,Gray,Black,None reported,Yes,72980,5,True,143,False,Premium
Toyota,Avalon Hybrid XLE Premium,2015,"161,000 mi.",Hybrid,200.0HP 2.5L 4 Cylinder Engine Gas/Electric Hybrid,CVT Transmission,Blue,Gray,None reported,Yes,11500,11,False,199,False,Budget
Nissan,Juke SL,2012,"74,750 mi.",Gasoline,188.0HP 1.6L 4 Cylinder Engine Gasoline Fuel,CVT Transmission,Black,Black,None reported,Yes,12500,14,False,116,False,Budget
Porsche,911 Carrera 4,2013,"67,522 mi.",Gasoline,350.0HP 3.4L Flat 6 Cylinder Engine Gasoline Fuel,7-Speed A/T,Gray,Black,At least 1 accident or damage reported,Yes,59500,13,True,201,True,Premium
MINI,Cooper S Base,2012,"152,000 mi.",Gasoline,181.0HP 1.6L 4 Cylinder Engine Gasoline Fuel,6-Speed A/T,White,Black,None reported,Yes,9000,14,False,33,False,Budget
Subaru,Ascent Touring 7-Passenger,2019,"71,273 mi.",Gasoline,260.0HP 2.4L 4 Cylinder Engine Gasoline Fuel,CVT Transmission,Black,Brown,None reported,Yes,23900,7,False,64,False,Mid-Range
Subaru,WRX STI Base,2017,"37,800 mi.",Gasoline,305.0HP 2.5L 4 Cylinder Engine Gasoline Fuel,6-Speed M/T,Blue,Black,None reported,Yes,32500,9,True,64,False,Mid-Range
Land,Rover Range Rover Sport HSE,2019,"42,000 mi.",Gasoline,340.0HP 3.0L V6 Cylinder Engine Gasoline Fuel,Transmission w/Dual Shift Mode,White,Black,None reported,Yes,48990,7,True,130,True,Premium
Kia,Sorento Plug-In Hybrid SX Prestige,2022,"10,101 mi.",Plug-In Hybrid,261.0HP 1.6L 4 Cylinder Engine Plug-In Electric/Gas,6-Speed A/T,White,–,None reported,Yes,44990,4,True,76,False,Premium
Chevrolet,Corvette Stingray w/2LT,2022,"7,900 mi.",Gasoline,490.0HP 6.2L 8 Cylinder Engine Gasoline Fuel,8-Speed A/T,White,Red,None reported,Yes,92500,4,True,292,False,Premium
Tesla,Model 3 Performance,2020,"45,468 mi.",Gasoline,455.0HP Electric Motor Electric Fuel System,1-Speed A/T,Silver,White,None reported,Yes,45999,6,True,87,False,Premium
Nissan,Armada SV,2017,"187,141 mi.",Gasoline,390.0HP 5.6L 8 Cylinder Engine Gasoline Fuel,A/T,Black,Black,None reported,Yes,16995,9,False,116,False,Budget
Porsche,Cayenne Turbo S,2014,"99,100 mi.",Gasoline,550.0HP 4.8L 8 Cylinder Engine Gasoline Fuel,8-Speed A/T,White,Black,None reported,Yes,32000,12,True,201,True,Mid-Range
Subaru,Outback Touring XT,2021,"33,500 mi.",Gasoline,260.0HP 2.4L 4 Cylinder Engine Gasoline Fuel,CVT Transmission,Blue,Brown,None reported,Yes,34000,5,True,64,False,Mid-Range
Acura,RLX Advance Package,2016,"102,665 mi.",Gasoline,310.0HP 3.5L V6 Cylinder Engine Gasoline Fuel,6-Speed A/T,Black,Black,None reported,Yes,15450,10,False,64,False,Budget
Ford,Mustang GT,2001,"52,675 mi.",Gasoline,260.0HP 4.6L 8 Cylinder Engine Gasoline Fuel,5-Speed M/T,Black,Black,None reported,Yes,16995,25,False,386,False,Budget
BMW,330 i xDrive,2017,"59,203 mi.",Gasoline,248.0HP 2.0L 4 Cylinder Engine Gasoline Fuel,A/T,White,–,None reported,Yes,23000,9,False,375,True,Mid-Range
Mercedes-Benz,SL-Class SL550 Roadster,2009,"60,100 mi.",Gasoline,382.0HP 5.5L 8 Cylinder Engine Gasoline Fuel,7-Speed A/T,Black,Black,None reported,Yes,27000,17,False,315,True,Mid-Range
Audi,SQ8 4.0T Premium Plus,2021,"43,238 mi.",Gasoline,500.0HP 4.0L 8 Cylinder Engine Gasoline Fuel,Transmission w/Dual Shift Mode,Black,Red,None reported,Yes,76400,5,True,200,True,Premium
MINI,Cooper S Base,2007,"118,000 mi.",Gasoline,172.0HP 1.6L 4 Cylinder Engine Gasoline Fuel,A/T,Beige,Black,None reported,Yes,3600,19,False,33,False,Budget
Ford,Mustang EcoBoost,2021,"17,300 mi.",Gasoline,310.0HP 2.3L 4 Cylinder Engine Gasoline Fuel,10-Speed A/T,Yellow,Black,None reported,Yes,31000,5,False,386,False,Mid-Range
Audi,RS 7 4.0T Prestige,2016,"64,800 mi.",Gasoline,560.0HP 4.0L 8 Cylinder Engine Gasoline Fuel,8-Speed A/T,White,Brown,None reported,Yes,50000,10,True,200,True,Premium
Mercedes-Benz,GLC 300 GLC 300,2022,"1,408 mi.",Gasoline,2.0 Liter Turbo,Automatic,Lunar Blue Metallic,–,None reported,Yes,46798,4,True,315,True,Premium
Volkswagen,Touareg TDI Lux,2015,"15,167 mi.",Diesel,240.0HP 3.0L V6 Cylinder Engine Diesel Fuel,8-Speed A/T,Gold,Black,None reported,Yes,35000,11,True,59,False,Mid-Range
Porsche,Cayenne GTS,2016,"64,600 mi.",Gasoline,440.0HP 3.6L V6 Cylinder Engine Gasoline Fuel,8-Speed A/T,White,Red,None reported,Yes,41000,10,True,201,True,Mid-Range
Jeep,Grand Wagoneer Series III,2022,"31,112 mi.",Gasoline,471.0HP 6.4L 8 Cylinder Engine Gasoline Fuel,8-Speed A/T,Black,Black,None reported,Yes,83000,4,True,143,False,Premium
Tesla,Model X 100D,2018,"23,250 mi.",Gasoline,518.0HP Electric Motor Electric Fuel System,1-Speed A/T,Gray,White,None reported,Yes,57000,8,True,87,False,Premium
MINI,Cooper S Base,2011,"63,500 mi.",Gasoline,181.0HP 1.6L 4 Cylinder Engine Gasoline Fuel,6-Speed M/T,Silver,Black,None reported,Yes,10500,15,False,33,False,Budget
RAM,1500 Laramie,2022,"13,464 mi.",Gasoline,5.7L V8 16V MPFI OHV,8-Speed Automatic,Diamond Black,Black,None reported,Yes,46999,4,True,91,False,Premium
Chevrolet,Camaro Base,2001,"64,776 mi.",Gasoline,200.0HP 3.8L V6 Cylinder Engine Gasoline Fuel,A/T,Black,Gray,None reported,Yes,7500,25,False,292,False,Budget
Jeep,Cherokee X,2022,"9,601 mi.",Gasoline,3.2L V6 24V MPFI DOHC,Automatic,Sting Gray Clearcoat,Black,None reported,Yes,33498,4,True,143,False,Mid-Range
BMW,ALPINA B7 xDrive,2013,"135,000 mi.",Gasoline,445.0HP 4.4L 8 Cylinder Engine Gasoline Fuel,A/T,Black,Black,At least 1 accident or damage reported,Yes,14000,13,False,375,True,Budget
Volvo,XC90 3.2 Premier Plus,2013,"208,864 mi.",Gasoline,240.0HP 3.2L Straight 6 Cylinder Engine Gasoline Fuel,6-Speed A/T,White,Beige,At least 1 accident or damage reported,Yes,7500,13,False,38,False,Budget
INFINITI,Q50 3.0T Premium,2016,"49,872 mi.",Gasoline,300.0HP 3.0L V6 Cylinder Engine Gasoline Fuel,7-Speed A/T,Gray,Black,At least 1 accident or damage reported,Yes,21500,10,False,59,False,Budget
MINI,Cooper Base,2009,"90,367 mi.",Gasoline,118.0HP 1.6L 4 Cylinder Engine Gasoline Fuel,6-Speed M/T,Red,Black,None reported,Yes,9250,17,False,33,False,Budget
Porsche,911 Carrera 4S,2014,"36,670 mi.",Gasoline,400.0HP 3.8L Flat 6 Cylinder Engine Gasoline Fuel,Transmission w/Dual Shift Mode,White,Black,None reported,Yes,82499,12,True,201,True,Premium
Jeep,Grand Wagoneer Base,2023,"3,752 mi.",Gasoline,6.4L V8 16V MPFI OHV,8-Speed Automatic,Ember Pearlcoat,Global Black,None reported,Yes,84620,3,True,143,False,Premium
Lexus,RX 350 Base,2021,"30,761 mi.",Gasoline,3.5L V6 24V PDI DOHC,8-Speed Automatic,Eminent White Pearl,Black,None reported,Yes,44950,5,True,163,True,Premium
RAM,1500 Laramie,2022,"13,438 mi.",Gasoline,5.7L V8 16V MPFI OHV,8-Speed Automatic,Diamond Black,Black,None reported,Yes,46599,4,True,91,False,Premium
Jeep,Gladiator Overland,2020,"9,100 mi.",Gasoline,285.0HP 3.6L V6 Cylinder Engine Gasoline Fuel,8-Speed A/T,Red,Black,None reported,Yes,49895,6,True,143,False,Premium
Chrysler,200 Limited,2017,"100,600 mi.",–,–,A/T,Black,Black,None reported,Yes,10000,9,False,28,False,Budget
Ford,Fusion Hybrid Base,2011,"223,824 mi.",Hybrid,156.0HP 2.5L 4 Cylinder Engine Gas/Electric Hybrid,A/T,White,Brown,At least 1 accident or damage reported,Yes,4500,15,False,386,False,Budget
Audi,A6 2.0T Premium Plus,2016,"96,000 mi.",Gasoline,252.0HP 2.0L 4 Cylinder Engine Gasoline Fuel,8-Speed A/T,Black,Black,None reported,Yes,21990,10,False,200,True,Mid-Range
Chevrolet,Silverado 1500 Z71 Extended Cab,2004,"185,000 mi.",Gasoline,295.0HP 5.3L 8 Cylinder Engine Gasoline Fuel,4-Speed A/T,Red,Gray,At least 1 accident or damage reported,Yes,10500,22,False,292,False,Budget
Porsche,Taycan Base,2021,"6,900 mi.",Gasoline,375.0HP Electric Motor Electric Fuel System,2-Speed A/T,White,Beige,None reported,Yes,79999,5,True,201,True,Premium
Honda,Accord Hybrid Touring,2017,"96,400 mi.",Hybrid,212.0HP 2.0L 4 Cylinder Engine Gas/Electric Hybrid,CVT Transmission,White,Beige,At least 1 accident or damage reported,Yes,18500,9,False,63,False,Budget
RAM,2500 SLT,2018,"67,865 mi.",Gasoline,410.0HP 6.4L 8 Cylinder Engine Gasoline Fuel,6-Speed A/T,White,Gray,None reported,Yes,36500,8,True,91,False,Mid-Range
Land,Rover Range Rover Sport Supercharged,2015,"64,300 mi.",E85 Flex Fuel,550.0HP 5.0L 8 Cylinder Engine Flex Fuel Capability,Transmission w/Dual Shift Mode,Blue,Black,None reported,Yes,44850,11,True,130,True,Premium
Chevrolet,Colorado ZR2,2018,"76,500 mi.",Gasoline,308.0HP 3.6L V6 Cylinder Engine Gasoline Fuel,8-Speed A/T,White,Black,None reported,Yes,33500,8,True,292,False,Mid-Range
GMC,Sierra 2500 Denali,2017,"96,343 mi.",Diesel,445.0HP 6.6L 8 Cylinder Engine Diesel Fuel,6-Speed A/T,Blue,Beige,At least 1 accident or damage reported,Yes,53000,9,True,91,False,Premium
Subaru,Crosstrek 2.0i Limited,2018,"74,600 mi.",Gasoline,152.0HP 2.0L 4 Cylinder Engine Gasoline Fuel,Transmission w/Dual Shift Mode,Blue,Black,None reported,Yes,24000,8,False,64,False,Mid-Range
Subaru,Outback 2.5i Limited,2014,"157,530 mi.",Gasoline,2.5L H4 16V MPFI DOHC,Automatic CVT,Twilight Blue Metallic,Black,At least 1 accident or damage reported,Yes,9995,12,False,64,False,Budget
Tesla,Model X Plaid,2022,"15,000 mi.",Gasoline,1020.0HP Electric Motor Electric Fuel System,A/T,White,White,None reported,Yes,95999,4,True,87,False,Premium
Jeep,Wrangler Unlimited Rubicon,2012,"80,000 mi.",Gasoline,285.0HP 3.6L V6 Cylinder Engine Gasoline Fuel,A/T,Orange,Black,None reported,Yes,30000,14,False,143,False,Mid-Range
Tesla,Model S 100D,2018,"83,424 mi.",Gasoline,518.0HP Electric Motor Electric Fuel System,1-Speed A/T,Gray,Beige,None reported,Yes,45000,8,True,87,False,Premium
Mercedes-Benz,C-Class C 300 4MATIC,2021,"19,000 mi.",Gasoline,255.0HP 2.0L 4 Cylinder Engine Gasoline Fuel,A/T,Blue,Beige,None reported,Yes,37999,5,True,315,True,Mid-Range
Porsche,911 Carrera S,2013,"64,000 mi.",Gasoline,400.0HP 3.8L Flat 6 Cylinder Engine Gasoline Fuel,7-Speed A/T,Gray,Black,At least 1 accident or damage reported,Yes,67000,13,True,201,True,Premium
Mercedes-Benz,GLS 450 Base 4MATIC,2019,"34,068 mi.",Gasoline,362.0HP 3.0L V6 Cylinder Engine Gasoline Fuel,9-Speed A/T,White,Beige,None reported,Yes,46900,7,True,315,True,Premium
Buick,Envision Preferred,2021,"20,104 mi.",Gasoline,2.0L I4 16V GDI DOHC Turbo,9-Speed Automatic,Burnished Bronze Metallic,Ebony,None reported,Yes,33295,5,True,30,False,Mid-Range
Nissan,Armada Platinum,2022,"8,400 mi.",Gasoline,400.0HP 5.6L 8 Cylinder Engine Gasoline Fuel,7-Speed A/T,Red,Beige,None reported,Yes,59950,4,True,116,False,Premium
Porsche,911 Turbo,2021,"11,938 mi.",Gasoline,572.0HP 3.8L Flat 6 Cylinder Engine Gasoline Fuel,Transmission w/Dual Shift Mode,Black,–,None reported,Yes,209000,5,True,201,True,Premium
Chevrolet,Corvette Stingray w/2LT,2021,"24,670 mi.",Gasoline,490.0HP 6.2L 8 Cylinder Engine Gasoline Fuel,Transmission w/Dual Shift Mode,White,Brown,None reported,Yes,72500,5,True,292,False,Premium
Ford,Mustang Shelby GT500,2013,"16,478 mi.",Gasoline,650.0HP 5.8L 8 Cylinder Engine Gasoline Fuel,6-Speed M/T,White,Black,None reported,Yes,66400,13,True,386,False,Premium
Ford,F-150 XL,2018,"52,500 mi.",E85 Flex Fuel,395.0HP 5.0L 8 Cylinder Engine Flex Fuel Capability,A/T,Gray,Gray,None reported,Yes,35000,8,True,386,False,Mid-Range
Porsche,Cayenne Turbo,2004,"92,500 mi.",Gasoline,450.0HP 4.5L 8 Cylinder Engine Gasoline Fuel,Transmission w/Dual Shift Mode,Silver,Black,None reported,Yes,12000,22,False,201,True,Budget
Mitsubishi,Eclipse Spyder GT,2008,"62,930 mi.",Gasoline,260.0HP 3.8L V6 Cylinder Engine Gasoline Fuel,A/T,Gray,Black,At least 1 accident or damage reported,Yes,10000,18,False,20,False,Budget
Lexus,GX 470 Base,2007,"116,600 mi.",Gasoline,263.0HP 4.7L 8 Cylinder Engine Gasoline Fuel,5-Speed A/T,White,Gray,None reported,Yes,19975,19,False,163,True,Budget
Dodge,Dakota Big Horn/Lone Star,2010,"172,024 mi.",Gasoline,210.0HP 3.7L V6 Cylinder Engine Gasoline Fuel,4-Speed A/T,Red,Brown,At least 1 accident or damage reported,Yes,7500,16,False,90,False,Budget
Jeep,Wrangler Sport,2012,"57,237 mi.",Gasoline,285.0HP 3.6L V6 Cylinder Engine Gasoline Fuel,A/T,Black,Black,None reported,Yes,22500,14,False,143,False,Mid-Range
Subaru,Outback Limited,2020,"44,600 mi.",Gasoline,182.0HP 2.5L 4 Cylinder Engine Gasoline Fuel,CVT Transmission,Silver,Gray,None reported,Yes,28300,6,False,64,False,Mid-Range
Jeep,Wrangler Unlimited Rubicon,2013,"181,830 mi.",Gasoline,285.0HP 3.6L V6 Cylinder Engine Gasoline Fuel,6-Speed M/T,Black,Black,None reported,Yes,21000,13,False,143,False,Budget
Subaru,Ascent Touring 7-Passenger,2021,"39,948 mi.",Gasoline,2.4L H4 16V GDI DOHC Turbo,Automatic CVT,Ice Silver Metallic,Black,None reported,Yes,36791,5,True,64,False,Mid-Range
Ford,F-350 XL,2017,"156,453 mi.",Diesel,440.0HP 6.7L 8 Cylinder Engine Diesel Fuel,6-Speed A/T,White,Beige,None reported,Yes,40000,9,True,386,False,Mid-Range
Porsche,Cayenne Turbo S,2014,"156,193 mi.",Gasoline,550.0HP 4.8L 8 Cylinder Engine Gasoline Fuel,8-Speed A/T,Silver,Black,None reported,Yes,36000,12,True,201,True,Mid-Range
BMW,X1 xDrive28i,2020,"27,989 mi.",Gasoline,228.0HP 2.0L 4 Cylinder Engine Gasoline Fuel,A/T,Gray,Black,None reported,Yes,29000,6,False,375,True,Mid-Range
Toyota,4Runner Limited,2014,"146,700 mi.",Gasoline,270.0HP 4.0L V6 Cylinder Engine Gasoline Fuel,5-Speed A/T,Blue,Black,At least 1 accident or damage reported,Yes,24999,12,False,199,False,Mid-Range
GMC,Yukon Denali,2019,"88,450 mi.",Gasoline,420.0HP 6.2L 8 Cylinder Engine Gasoline Fuel,10-Speed A/T,Black,Beige,At least 1 accident or damage reported,Yes,42900,7,True,91,False,Premium
Toyota,C-HR LE,2020,"14,065 mi.",Gasoline,2.0L I4 16V MPFI DOHC,Automatic CVT,Gray,Black,At least 1 accident or damage reported,Yes,27671,6,False,199,False,Mid-Range
Subaru,Outback Limited XT,2020,"36,844 mi.",Gasoline,2.4L H4 16V GDI DOHC Turbo,Automatic CVT,Magnetite Gray Metallic,Black,At least 1 accident or damage reported,Yes,30427,6,False,64,False,Mid-Range
Chevrolet,Silverado 1500 LT Trail Boss,2020,"49,000 mi.",Gasoline,355.0HP 5.3L 8 Cylinder Engine Gasoline Fuel,A/T,White,Black,None reported,Yes,44900,6,True,292,False,Premium
BMW,X5 xDrive50i,2013,"58,000 mi.",Gasoline,400.0HP 4.4L 8 Cylinder Engine Gasoline Fuel,8-Speed A/T,White,Black,None reported,Yes,17900,13,False,375,True,Budget
Audi,A6 55 Prestige,2021,"22,800 mi.",Hybrid,335.0HP 3.0L V6 Cylinder Engine Gasoline/Mild Electric Hybrid,A/T,Blue,Brown,None reported,Yes,52000,5,True,200,True,Premium
Subaru,Outback 2.5i Limited,2014,"78,007 mi.",Gasoline,173.0HP 2.5L 4 Cylinder Engine Gasoline Fuel,A/T,Blue,Black,None reported,Yes,14750,12,False,64,False,Budget
Ford,F-250 King Ranch,2020,"36,500 mi.",Diesel,475.0HP 6.7L 8 Cylinder Engine Diesel Fuel,10-Speed A/T,Gray,Brown,None reported,Yes,69900,6,True,386,False,Premium
Honda,CR-V EX,2004,"156,350 mi.",Gasoline,160.0HP 2.4L 4 Cylinder Engine Gasoline Fuel,A/T,Brown,Beige,At least 1 accident or damage reported,Yes,3990,22,False,63,False,Budget
Lexus,GX 460 Luxury,2021,"17,710 mi.",Gasoline,301.0HP 4.6L 8 Cylinder Engine Gasoline Fuel,A/T,White,Red,None reported,Yes,59000,5,True,163,True,Premium
Ford,Explorer XLT,2013,"149,000 mi.",Gasoline,290.0HP 3.5L V6 Cylinder Engine Gasoline Fuel,A/T,Brown,Beige,At least 1 accident or damage reported,Yes,7850,13,False,386,False,Budget
Subaru,Forester 2.5i Limited,2015,"90,000 mi.",Gasoline,170.0HP 2.5L 4 Cylinder Engine Gasoline Fuel,CVT Transmission,Silver,Gray,None reported,Yes,16000,11,False,64,False,Budget
Ford,Bronco Wildtrak Advanced,2022,"9,990 mi.",Gasoline,315.0HP 2.7L V6 Cylinder Engine Gasoline Fuel,Transmission w/Dual Shift Mode,Silver,Black,None reported,Yes,64500,4,True,386,False,Premium
Mercedes-Benz,A-Class A 220 4MATIC,2019,"28,663 mi.",Gasoline,2.0L I4 16V GDI DOHC Turbo,7-Speed Automatic with Auto-Shift,Jupiter Red,Black,None reported,Yes,29500,7,False,315,True,Mid-Range
Lexus,NX 200t Base,2015,"124,250 mi.",Gasoline,235.0HP 2.0L 4 Cylinder Engine Gasoline Fuel,A/T,Gray,Orange,At least 1 accident or damage reported,Yes,17900,11,False,163,True,Budget
Ford,F-250 Lariat,2017,"50,780 mi.",Diesel,440.0HP 6.7L 8 Cylinder Engine Diesel Fuel,6-Speed A/T,White,Black,None reported,Yes,61000,9,True,386,False,Premium
Porsche,911 Carrera C4S,2006,"65,000 mi.",Gasoline,355.0HP 3.8L Flat 6 Cylinder Engine Gasoline Fuel,6-Speed M/T,Blue,Gray,None reported,Yes,43000,20,True,201,True,Premium
Tesla,Model 3 Long Range,2022,"22,457 mi.",Gasoline,Electric,Automatic,Midnight Silver Metallic,Black,None reported,Yes,40036,4,True,87,False,Mid-Range
Toyota,Camry XSE,2022,"19,361 mi.",Gasoline,3.5 Liter,Automatic,Red,Black,None reported,Yes,38298,4,True,199,False,Mid-Range
BMW,i3 94 Ah,2017,"43,000 mi.",Gasoline,170.0HP 0.65L Electric Motor Electric Fuel System,1-Speed A/T,Black,–,None reported,Yes,16500,9,False,375,True,Budget
Ford,F-250 XL SuperCab H/D,1993,"115,000 mi.",–,–,A/T,Red,Gray,None reported,Yes,21900,33,False,386,False,Mid-Range
Porsche,Taycan Turbo,2020,"2,076 mi.",Gasoline,Electric,Automatic,Gray,Red,None reported,Yes,115998,6,True,201,True,Premium
Porsche,911 GT3,2018,"9,712 mi.",Gasoline,4.0L H6 24V GDI DOHC,7-Speed Automatic with Auto-Shift,Red,Black,None reported,Yes,188900,8,True,201,True,Premium
Mercedes-Benz,E-Class E55 AMG,2005,"131,000 mi.",Gasoline,469.0HP 5.4L 8 Cylinder Engine Gasoline Fuel,5-Speed A/T,Gray,Black,None reported,Yes,16500,21,False,315,True,Budget
Toyota,Highlander XLE,2022,"31,000 mi.",Gasoline,295.0HP 3.5L V6 Cylinder Engine Gasoline Fuel,Transmission w/Dual Shift Mode,Gray,Gray,None reported,Yes,43000,4,True,199,False,Premium
Volvo,S60 Recharge Plug-In Hybrid T8 Inscription,2021,"24,158 mi.",Plug-In Hybrid,400.0HP 2.0L 4 Cylinder Engine Plug-In Electric/Gas,8-Speed A/T,Gray,Black,None reported,Yes,44900,5,True,38,False,Premium
Audi,A6 3.0T Premium Plus,2016,"72,865 mi.",Gasoline,333.0HP 3.0L V6 Cylinder Engine Gasoline Fuel,A/T,Black,Black,At least 1 accident or damage reported,Yes,22000,10,False,200,True,Mid-Range
Mercedes-Benz,E-Class E 350 4MATIC,2014,"89,563 mi.",Gasoline,302.0HP 3.5L V6 Cylinder Engine Gasoline Fuel,7-Speed A/T,Blue,Black,None reported,Yes,18995,12,False,315,True,Budget
Nissan,Juke SL,2012,"72,639 mi.",Gasoline,188.0HP 1.6L 4 Cylinder Engine Gasoline Fuel,CVT Transmission,Black,Black,At least 1 accident or damage reported,Yes,15000,14,False,116,False,Budget
Mercedes-Benz,CLS-Class CLS 550,2012,"79,000 mi.",Gasoline,402.0HP 4.6L 8 Cylinder Engine Gasoline Fuel,7-Speed A/T,Black,Black,None reported,Yes,19999,14,False,315,True,Budget
Audi,A3 2.0T Premium,2012,"111,564 mi.",Gasoline,200.0HP 2.0L 4 Cylinder Engine Gasoline Fuel,6-Speed A/T,White,Black,None reported,Yes,11200,14,False,200,True,Budget
Lexus,GX 460 Base,2018,"75,000 mi.",Gasoline,301.0HP 4.6L 8 Cylinder Engine Gasoline Fuel,6-Speed A/T,White,Beige,At least 1 accident or damage reported,Yes,38095,8,True,163,True,Mid-Range
Ford,Mustang Premium,2007,"169,613 mi.",Gasoline,210.0HP 4.0L V6 Cylinder Engine Gasoline Fuel,A/T,Black,Black,At least 1 accident or damage reported,Yes,5900,19,False,386,False,Budget
Honda,Pilot EX-L,2011,"175,000 mi.",Gasoline,250.0HP 3.5L V6 Cylinder Engine Gasoline Fuel,5-Speed A/T,Black,Gray,None reported,Yes,9000,15,False,63,False,Budget
BMW,540 i,2017,"98,500 mi.",Gasoline,335.0HP 3.0L Straight 6 Cylinder Engine Gasoline Fuel,8-Speed A/T,Black,Black,None reported,Yes,24500,9,False,375,True,Mid-Range
Chrysler,300 S,2012,"53,000 mi.",Gasoline,292.0HP 3.6L V6 Cylinder Engine Gasoline Fuel,Transmission w/Dual Shift Mode,Black,Black,At least 1 accident or damage reported,Yes,13750,14,False,28,False,Budget
RAM,2500 Longhorn,2015,"72,200 mi.",Diesel,370.0HP 6.7L Straight 6 Cylinder Engine Diesel Fuel,6-Speed A/T,Black,Black,None reported,Yes,52500,11,True,91,False,Premium
Acura,TSX Base,2005,"151,600 mi.",Gasoline,200.0HP 2.4L 4 Cylinder Engine Gasoline Fuel,6-Speed M/T,Black,Black,None reported,Yes,7899,21,False,64,False,Budget
Lotus,Evora 2+2,2011,"20,000 mi.",Gasoline,276.0HP 3.5L V6 Cylinder Engine Gasoline Fuel,6-Speed M/T,White,Red,None reported,Yes,51000,15,True,4,False,Premium
Chevrolet,Avalanche 1500 LT,2010,"170,000 mi.",E85 Flex Fuel,320.0HP 5.3L 8 Cylinder Engine Flex Fuel Capability,A/T,Black,Black,At least 1 accident or damage reported,Yes,9000,16,False,292,False,Budget
Ford,F-150 XLT,2019,"69,800 mi.",E85 Flex Fuel,395.0HP 5.0L 8 Cylinder Engine Flex Fuel Capability,10-Speed A/T,Silver,Gray,None reported,Yes,34600,7,True,386,False,Mid-Range
Toyota,Tundra SR5,2020,"26,300 mi.",Gasoline,381.0HP 5.7L 8 Cylinder Engine Gasoline Fuel,6-Speed A/T,Gray,Gray,At least 1 accident or damage reported,Yes,46199,6,True,199,False,Premium
Honda,Fit Sport,2007,"156,111 mi.",Gasoline,109.0HP 1.5L 4 Cylinder Engine Gasoline Fuel,Transmission w/Dual Shift Mode,Red,Black,At least 1 accident or damage reported,Yes,5200,19,False,63,False,Budget
Chevrolet,Silverado 2500 LTZ,2016,"172,600 mi.",Diesel,397.0HP 6.6L 8 Cylinder Engine Diesel Fuel,A/T,Red,Black,At least 1 accident or damage reported,Yes,32500,10,True,292,False,Mid-Range
Honda,Accord Crosstour EX-L,2010,"145,000 mi.",Gasoline,271.0HP 3.5L V6 Cylinder Engine Gasoline Fuel,A/T,Green,Black,None reported,Yes,9000,16,False,63,False,Budget
Ford,F-250 XLT Super Duty,2001,"64,309 mi.",Gasoline,260.0HP 5.4L 8 Cylinder Engine Gasoline Fuel,A/T,White,Gray,None reported,Yes,7500,25,False,386,False,Budget
RAM,1500 TRX,2021,"15,183 mi.",Gasoline,702.0HP 6.2L 8 Cylinder Engine Gasoline Fuel,8-Speed A/T,Black,Black,None reported,Yes,90000,5,True,91,False,Premium
Buick,Envision Essence,2020,"28,548 mi.",Gasoline,2.5L I4 16V GDI DOHC,6-Speed Automatic,Ebony Twilight Metallic,Ebony,None reported,Yes,32063,6,True,30,False,Mid-Range
Volkswagen,Atlas 3.6L SEL Premium R-Line,2022,"14,000 mi.",Gasoline,276.0HP 3.6L V6 Cylinder Engine Gasoline Fuel,8-Speed A/T,Gray,Black,None reported,Yes,46900,4,True,59,False,Premium
Mercedes-Benz,CLS 450 Base,2019,"67,000 mi.",Hybrid,369.0HP 3.0L Straight 6 Cylinder Engine Gasoline/Mild Electric Hybrid,Transmission w/Dual Shift Mode,Yellow,Black,None reported,Yes,44500,7,True,315,True,Premium
Jeep,Wrangler Unlimited Sport,2017,"84,786 mi.",Gasoline,285.0HP 3.6L V6 Cylinder Engine Gasoline Fuel,5-Speed A/T,Gray,Black,None reported,Yes,23500,9,False,143,False,Mid-Range
Mercedes-Benz,S-Class S 63 AMG,2008,"93,000 mi.",Gasoline,518.0HP 6.2L 8 Cylinder Engine Gasoline Fuel,A/T,Black,Black,None reported,Yes,17800,18,False,315,True,Budget
Hyundai,Genesis Coupe 3.8 Track,2010,"127,500 mi.",Gasoline,306.0HP 3.8L V6 Cylinder Engine Gasoline Fuel,6-Speed M/T,Blue,Black,At least 1 accident or damage reported,Yes,6000,16,False,72,False,Budget
Ford,Mustang Mach-E GT,2022,"8,000 mi.",Gasoline,480.0HP Electric Motor Electric Fuel System,1-Speed A/T,Blue,Black,None reported,Yes,60999,4,True,386,False,Premium
GMC,Canyon Elevation Standard,2022,"16,500 mi.",Gasoline,308.0HP 3.6L V6 Cylinder Engine Gasoline Fuel,8-Speed A/T,Gray,Gray,None reported,Yes,32900,4,True,91,False,Mid-Range
Jaguar,XK Base,2013,"55,700 mi.",Gasoline,385.0HP 5.0L 8 Cylinder Engine Gasoline Fuel,6-Speed A/T,Black,Black,None reported,Yes,27200,13,False,47,True,Mid-Range
Ford,F-250 LARIAT,2021,"42,245 mi.",Diesel,Intercooled Turbo Diesel V-8 6.7 L/406,Automatic,Agate Black Metallic,Black,None reported,Yes,76598,5,True,386,False,Premium
Toyota,RAV4 Base,2009,"78,500 mi.",Gasoline,179.0HP 2.5L 4 Cylinder Engine Gasoline Fuel,4-Speed A/T,Silver,–,None reported,Yes,12000,17,False,199,False,Budget
Ford,Expedition Platinum,2018,"48,619 mi.",Gasoline,400.0HP 3.5L V6 Cylinder Engine Gasoline Fuel,10-Speed A/T,Gray,White,None reported,Yes,51499,8,True,386,False,Premium
Jeep,Wrangler Unlimited 4xe Sahara,2021,"51,105 mi.",Hybrid,2.0L I4 16V GDI DOHC Turbo Hybrid,8-Speed Automatic,Black Clearcoat,Black,None reported,Yes,42700,5,True,143,False,Premium
Ford,F-150 XLT,2016,"25,880 mi.",E85 Flex Fuel,282.0HP 3.5L V6 Cylinder Engine Flex Fuel Capability,6-Speed A/T,Red,Gray,None reported,Yes,25500,10,False,386,False,Mid-Range
Tesla,Model S Plaid,2021,"20,100 mi.",Gasoline,1020.0HP Electric Motor Electric Fuel System,A/T,Red,Black,None reported,Yes,69995,5,True,87,False,Premium
Toyota,Tacoma SR5,2018,"25,083 mi.",Gasoline,3.5L V6 24V PDI DOHC,6-Speed Automatic,Red,Gray,At least 1 accident or damage reported,Yes,34955,8,True,199,False,Mid-Range
Audi,TT Roadster quattro,2002,"69,300 mi.",Gasoline,225.0HP 1.8L 4 Cylinder Engine Gasoline Fuel,6-Speed M/T,Gray,Black,At least 1 accident or damage reported,Yes,9995,24,False,200,True,Budget
Toyota,Highlander Hybrid Limited Platinum,2019,"46,000 mi.",Hybrid,306.0HP 3.5L V6 Cylinder Engine Gas/Electric Hybrid,CVT Transmission,Silver,Black,None reported,Yes,40000,7,True,199,False,Mid-Range
Jeep,Liberty Sport,2008,"141,485 mi.",Gasoline,210.0HP 3.7L V6 Cylinder Engine Gasoline Fuel,A/T,Black,Gray,At least 1 accident or damage reported,Yes,6500,18,False,143,False,Budget
Toyota,Sequoia Limited,2018,"63,990 mi.",Gasoline,381.0HP 5.7L 8 Cylinder Engine Gasoline Fuel,6-Speed A/T,White,Gray,At least 1 accident or damage reported,Yes,48000,8,True,199,False,Premium
Ford,Transit-350 Base,2020,"19,400 mi.",Gasoline,310.0HP 3.5L V6 Cylinder Engine Gasoline Fuel,A/T,White,Black,None reported,Yes,58000,6,True,386,False,Premium
Subaru,BRZ Limited,2013,"129,858 mi.",Gasoline,200.0HP 2.0L 4 Cylinder Engine Gasoline Fuel,6-Speed A/T,Silver,Black,At least 1 accident or damage reported,Yes,13490,13,False,64,False,Budget
Volvo,XC60 3.2,2012,"102,000 mi.",Gasoline,240.0HP 3.2L Straight 6 Cylinder Engine Gasoline Fuel,6-Speed A/T,Blue,Beige,None reported,Yes,10800,14,False,38,False,Budget
Subaru,Impreza WRX Sti Special Edition,2010,"8,700 mi.",Gasoline,305.0HP 2.5L 4 Cylinder Engine Gasoline Fuel,6-Speed M/T,Gray,Black,None reported,Yes,39900,16,True,64,False,Mid-Range
Chevrolet,Bolt EV LT,2018,"49,279 mi.",Gasoline,200.0HP Electric Motor Electric Fuel System,1-Speed A/T,Red,Gray,None reported,Yes,17500,8,False,292,False,Budget
Chevrolet,Monte Carlo Supercharged SS,2004,"148,800 mi.",Gasoline,240.0HP 3.8L V6 Cylinder Engine Gasoline Fuel,A/T,Red,Black,None reported,Yes,6500,22,False,292,False,Budget
Cadillac,Escalade Platinum Edition,2012,"160,249 mi.",E85 Flex Fuel,403.0HP 6.2L 8 Cylinder Engine Flex Fuel Capability,A/T,Black,Black,None reported,Yes,12900,14,False,107,False,Budget
Chrysler,300M Base,2004,"45,000 mi.",Gasoline,250.0HP 3.5L V6 Cylinder Engine Gasoline Fuel,A/T,Gray,Gray,None reported,Yes,6000,22,False,28,False,Budget
Chevrolet,Silverado 2500 LT H/D Extended Cab,2006,"169,000 mi.",Diesel,360.0HP 6.6L 8 Cylinder Engine Diesel Fuel,6-Speed A/T,White,Gray,None reported,Yes,19500,20,False,292,False,Budget
Mercedes-Benz,AMG C 63 S,2017,"46,000 mi.",Gasoline,503.0HP 4.0L 8 Cylinder Engine Gasoline Fuel,7-Speed A/T,Gray,Black,None reported,Yes,56000,9,True,315,True,Premium
Ferrari,488 Spider Base,2019,"13,900 mi.",Gasoline,660.0HP 3.9L 8 Cylinder Engine Gasoline Fuel,Transmission w/Dual Shift Mode,Red,Black,None reported,Yes,315000,7,True,12,False,Premium
Acura,TLX V6 Tech,2015,"38,000 mi.",Gasoline,290.0HP 3.5L V6 Cylinder Engine Gasoline Fuel,9-Speed A/T,White,Black,None reported,Yes,21900,11,False,64,False,Mid-Range
Chevrolet,Corvette Z06,2006,"42,000 mi.",Gasoline,505.0HP 7.0L 8 Cylinder Engine Gasoline Fuel,6-Speed M/T,Orange,Black,None reported,Yes,42000,20,True,292,False,Mid-Range
Lexus,NX 350h Premium,2024,300 mi.,Hybrid,240.0HP 2.5L 4 Cylinder Engine Gas/Electric Hybrid,A/T,Black,Black,None reported,Yes,50999,2,True,163,True,Premium
Mercedes-Benz,SLK-Class SLK 350,2008,"120,800 mi.",Gasoline,268.0HP 3.5L V6 Cylinder Engine Gasoline Fuel,7-Speed A/T,Red,Beige,None reported,Yes,13900,18,False,315,True,Budget
Jeep,Wrangler Unlimited Sahara,2020,"76,313 mi.",Gasoline,2.0L I4 16V GDI DOHC Turbo,8-Speed Automatic,Hellayella Clearcoat,Black,None reported,Yes,35234,6,True,143,False,Mid-Range
Chevrolet,Silverado 1500 LT,2012,"104,000 mi.",E85 Flex Fuel,315.0HP 5.3L 8 Cylinder Engine Flex Fuel Capability,6-Speed A/T,Blue,Gray,At least 1 accident or damage reported,Yes,16500,14,False,292,False,Budget
Lexus,GX 460 Base,2010,"97,097 mi.",Gasoline,301.0HP 4.6L 8 Cylinder Engine Gasoline Fuel,A/T,Red,Beige,At least 1 accident or damage reported,Yes,22000,16,False,163,True,Mid-Range
Jeep,Wrangler Unlimited X,2008,"136,731 mi.",Gasoline,202.0HP 3.8L V6 Cylinder Engine Gasoline Fuel,A/T,Yellow,Gray,None reported,Yes,15900,18,False,143,False,Budget
RAM,1500 Tradesman/Express,2017,"40,200 mi.",Gasoline,395.0HP 5.7L 8 Cylinder Engine Gasoline Fuel,A/T,Blue,Gray,At least 1 accident or damage reported,Yes,24000,9,False,91,False,Mid-Range
Ford,Explorer ST,2021,"39,105 mi.",Gasoline,3.0L V6 24V GDI DOHC Twin Turbo,10-Speed Automatic,Black,–,None reported,Yes,44605,5,True,386,False,Premium
Mercedes-Benz,G 550 4x4 Squared Base,2017,"23,567 mi.",Gasoline,416.0HP 4.0L 8 Cylinder Engine Gasoline Fuel,Transmission w/Dual Shift Mode,White,Black,At least 1 accident or damage reported,Yes,215000,9,True,315,True,Premium
BMW,M4 Competition,2021,"12,500 mi.",Gasoline,503.0HP 3.0L Straight 6 Cylinder Engine Gasoline Fuel,8-Speed A/T,Gray,Blue,At least 1 accident or damage reported,Yes,90000,5,True,375,True,Premium
Chevrolet,Colorado ZR2,2019,"38,900 mi.",Gasoline,308.0HP 3.6L V6 Cylinder Engine Gasoline Fuel,8-Speed A/T,White,Black,None reported,Yes,34700,7,True,292,False,Mid-Range
Lincoln,Navigator L Select,2016,"84,272 mi.",Gasoline,380.0HP 3.5L V6 Cylinder Engine Gasoline Fuel,6-Speed A/T,Black,Black,At least 1 accident or damage reported,Yes,25221,10,False,52,False,Mid-Range
Mercedes-Benz,E-Class E 350,2016,"58,375 mi.",Gasoline,302.0HP 3.5L V6 Cylinder Engine Gasoline Fuel,A/T,White,Beige,None reported,Yes,24999,10,False,315,True,Mid-Range
Ford,Mustang Shelby GT500,2007,"7,346 mi.",Gasoline,500.0HP 5.4L 8 Cylinder Engine Gasoline Fuel,6-Speed M/T,Red,Black,None reported,Yes,40999,19,True,386,False,Mid-Range
Dodge,Charger SRT8,2008,"98,231 mi.",Gasoline,425.0HP 6.1L 8 Cylinder Engine Gasoline Fuel,5-Speed A/T,Blue,Black,At least 1 accident or damage reported,Yes,15500,18,False,90,False,Budget
Jaguar,XK Base,2007,"56,000 mi.",Gasoline,300.0HP 4.2L 8 Cylinder Engine Gasoline Fuel,A/T,White,Beige,None reported,Yes,18000,19,False,47,True,Budget
Honda,Civic EX,2020,"13,935 mi.",Gasoline,174.0HP 1.5L 4 Cylinder Engine Gasoline Fuel,CVT Transmission,Gray,Black,None reported,Yes,26000,6,False,63,False,Mid-Range
Subaru,Impreza 2.0i,2019,"30,000 mi.",Gasoline,152.0HP 2.0L 4 Cylinder Engine Gasoline Fuel,CVT Transmission,Gray,Black,At least 1 accident or damage reported,Yes,21250,7,False,64,False,Budget
Saab,9-3 Aero,2009,"106,000 mi.",Gasoline,280.0HP 2.8L V6 Cylinder Engine Gasoline Fuel,6-Speed A/T,Red,Black,None reported,Yes,12950,17,False,2,False,Budget
BMW,650 Gran Coupe i xDrive,2014,"82,978 mi.",Gasoline,445.0HP 4.4L 8 Cylinder Engine Gasoline Fuel,8-Speed A/T,Black,White,None reported,Yes,18700,12,False,375,True,Budget
Jeep,Wrangler Unlimited Sport,2018,"58,500 mi.",Gasoline,285.0HP 3.6L V6 Cylinder Engine Gasoline Fuel,8-Speed A/T,Black,Black,None reported,Yes,35000,8,True,143,False,Mid-Range
Ford,F-350 King Ranch,2015,"92,421 mi.",Diesel,440.0HP 6.7L 8 Cylinder Engine Diesel Fuel,6-Speed A/T,White,Brown,None reported,Yes,51900,11,True,386,False,Premium
Mazda,CX-30 Preferred,2020,"9,927 mi.",Gasoline,2.5L I4 16V GDI DOHC,6-Speed Automatic,Snowflake White Pearl,Black,None reported,Yes,27518,6,False,64,False,Mid-Range
Jeep,Wrangler Sport,2000,"122,945 mi.",Gasoline,181.0HP 4.0L Straight 6 Cylinder Engine Gasoline Fuel,5-Speed M/T,Beige,Brown,None reported,Yes,13900,26,False,143,False,Budget
Lexus,RX 330 Base,2006,"110,250 mi.",Gasoline,230.0HP 3.3L V6 Cylinder Engine Gasoline Fuel,A/T,White,Beige,None reported,Yes,11000,20,False,163,True,Budget
INFINITI,QX56 Base,2011,"103,010 mi.",Gasoline,400.0HP 5.6L 8 Cylinder Engine Gasoline Fuel,7-Speed A/T,Black,Beige,None reported,Yes,13500,15,False,59,False,Budget
Hyundai,Veloster Value Edition,2017,"55,359 mi.",Gasoline,1.6L I4 16V GDI DOHC,6-Speed Automatic with Auto-Shift,Ironman Silver,Black,None reported,Yes,15599,9,False,72,False,Budget
Chevrolet,Silverado 1500 LT Extended Cab,2002,"118,500 mi.",Gasoline,285.0HP 5.3L 8 Cylinder Engine Gasoline Fuel,A/T,Silver,Black,At least 1 accident or damage reported,Yes,5900,24,False,292,False,Budget
Rivian,R1S Launch Edition,2022,"7,800 mi.",Gasoline,835.0HP Electric Motor Electric Fuel System,1-Speed A/T,Green,Black,None reported,Yes,92500,4,True,17,False,Premium
Land,Rover Range Rover HSE SWB,2020,"41,500 mi.",Hybrid,395.0HP 3.0L Straight 6 Cylinder Engine Gasoline/Mild Electric Hybrid,8-Speed A/T,Gray,Gray,None reported,Yes,68000,6,True,130,True,Premium
BMW,M4 Base,2020,"28,000 mi.",Gasoline,425.0HP 3.0L Straight 6 Cylinder Engine Gasoline Fuel,7-Speed A/T,White,White,None reported,Yes,59900,6,True,375,True,Premium
Mercedes-Benz,E-Class E 350,2014,"53,500 mi.",Gasoline,302.0HP 3.5L V6 Cylinder Engine Gasoline Fuel,A/T,Black,Brown,None reported,Yes,24500,12,False,315,True,Mid-Range
Honda,Accord Hybrid Base,2021,"33,523 mi.",Hybrid,2.0L I4 16V MPFI DOHC Hybrid,Automatic CVT,Lunar Silver Metallic,Gray,None reported,Yes,28748,5,False,63,False,Mid-Range
Toyota,Prius v Three,2016,"86,300 mi.",Hybrid,134.0HP 1.8L 4 Cylinder Engine Gas/Electric Hybrid,A/T,Gray,Black,At least 1 accident or damage reported,Yes,18000,10,False,199,False,Budget
Subaru,WRX Premium,2022,"7,738 mi.",Gasoline,271.0HP 2.4L 4 Cylinder Engine Gasoline Fuel,Transmission w/Dual Shift Mode,Orange,Black,At least 1 accident or damage reported,Yes,33000,4,True,64,False,Mid-Range
Bentley,Bentayga Speed,2020,"22,001 mi.",Gasoline,6.0L W12 48V PDI DOHC Twin Turbo,8-Speed Automatic,Beluga Black,Hotspur Hide,None reported,Yes,173995,6,True,33,False,Premium
Ford,Explorer ST,2022,"14,361 mi.",Gasoline,400.0HP 3.0L V6 Cylinder Engine Gasoline Fuel,10-Speed A/T,Black,Black,None reported,Yes,51500,4,True,386,False,Premium
Chevrolet,Suburban LT,2016,"98,000 mi.",E85 Flex Fuel,355.0HP 5.3L 8 Cylinder Engine Flex Fuel Capability,Transmission Overdrive Switch,Gray,Gray,At least 1 accident or damage reported,Yes,30000,10,False,292,False,Mid-Range
Chevrolet,Silverado 1500 Limited Custom,2022,"30,455 mi.",Gasoline,2.7 Liter DOHC Turbo,Automatic,Summit White,Jet Black,None reported,Yes,37698,4,True,292,False,Mid-Range
Ford,Explorer Platinum,2020,"64,552 mi.",Gasoline,3.0L V6 24V GDI DOHC Twin Turbo,10-Speed Automatic,Iconic Silver Metallic,Ebony,At least 1 accident or damage reported,Yes,36750,6,True,386,False,Mid-Range
Lexus,RX 350 Base,2017,"103,866 mi.",Gasoline,295.0HP 3.5L V6 Cylinder Engine Gasoline Fuel,8-Speed A/T,Beige,Beige,At least 1 accident or damage reported,Yes,24700,9,False,163,True,Mid-Range
Land,Rover Range Rover 3.0L V6 Supercharged HSE,2019,"35,650 mi.",Gasoline,380.0HP 3.0L V6 Cylinder Engine Gasoline Fuel,8-Speed A/T,Black,Black,At least 1 accident or damage reported,Yes,57999,7,True,130,True,Premium
Ford,Explorer Platinum,2021,"64,957 mi.",Gasoline,3.0L V6 24V GDI DOHC Twin Turbo,10-Speed Automatic,Black,Light Slate,None reported,Yes,39979,5,True,386,False,Mid-Range
Dodge,Challenger SRT8 392,2012,"33,700 mi.",–,–,6-Speed M/T,Black,Black,None reported,Yes,33500,14,True,90,False,Mid-Range
Chevrolet,Equinox 2LT,2012,"96,653 mi.",Gasoline,264.0HP 3.0L V6 Cylinder Engine Gasoline Fuel,6-Speed A/T,Black,Brown,At least 1 accident or damage reported,Yes,7500,14,False,292,False,Budget
Dodge,Challenger SXT,2022,"29,500 mi.",Gasoline,303.0HP 3.6L V6 Cylinder Engine Gasoline Fuel,8-Speed A/T,Gray,Black,None reported,Yes,31000,4,False,90,False,Mid-Range
Porsche,911 Carrera,2021,"7,400 mi.",Gasoline,379.0HP 3.0L Flat 6 Cylinder Engine Gasoline Fuel,8-Speed A/T,Red,Black,None reported,Yes,116999,5,True,201,True,Premium
Volvo,XC70 T6 Platinum,2012,"69,000 mi.",Gasoline,300.0HP 3.0L Straight 6 Cylinder Engine Gasoline Fuel,A/T,Silver,Black,At least 1 accident or damage reported,Yes,15900,14,False,38,False,Budget
Lexus,GX 470 Base,2005,"198,000 mi.",Gasoline,270.0HP 4.7L 8 Cylinder Engine Gasoline Fuel,5-Speed A/T,Gray,Gray,At least 1 accident or damage reported,Yes,15500,21,False,163,True,Budget
Porsche,911 Carrera GTS,2015,"23,600 mi.",Gasoline,430.0HP 3.8L Flat 6 Cylinder Engine Gasoline Fuel,7-Speed M/T,Red,Black,None reported,Yes,132900,11,True,201,True,Premium
Volvo,XC70 3.2,2008,"170,000 mi.",Gasoline,235.0HP 3.2L Straight 6 Cylinder Engine Gasoline Fuel,6-Speed A/T,White,Beige,None reported,Yes,7000,18,False,38,False,Budget
Nissan,350Z NISMO,2008,"76,500 mi.",Gasoline,306.0HP 3.5L V6 Cylinder Engine Gasoline Fuel,6-Speed M/T,Silver,Red,At least 1 accident or damage reported,Yes,28000,18,False,116,False,Mid-Range
Porsche,911 Turbo,2007,"73,500 mi.",Gasoline,480.0HP 3.6L Flat 6 Cylinder Engine Gasoline Fuel,5-Speed A/T,Black,Black,None reported,Yes,75499,19,True,201,True,Premium
Land,Rover Range Rover SWB,2020,"29,000 mi.",Hybrid,355.0HP 3.0L Straight 6 Cylinder Engine Gasoline/Mild Electric Hybrid,A/T,Black,Black,None reported,Yes,70000,6,True,130,True,Premium
Porsche,Cayenne E-Hybrid S Platinum Edition,2017,"69,404 mi.",Plug-In Hybrid,416.0HP 3.0L V6 Cylinder Engine Plug-In Electric/Gas,8-Speed A/T,Black,Beige,At least 1 accident or damage reported,Yes,29500,9,False,201,True,Mid-Range
Lexus,IS 350 Base,2007,"103,000 mi.",Gasoline,306.0HP 3.5L V6 Cylinder Engine Gasoline Fuel,6-Speed A/T,Red,Beige,At least 1 accident or damage reported,Yes,12900,19,False,163,True,Budget
Porsche,Macan S,2015,"70,500 mi.",Gasoline,340.0HP 3.0L V6 Cylinder Engine Gasoline Fuel,Transmission w/Dual Shift Mode,Silver,Black,At least 1 accident or damage reported,Yes,26500,11,False,201,True,Mid-Range
Land,Rover Range Rover 5.0L Supercharged,2016,"64,000 mi.",Gasoline,510.0HP 5.0L 8 Cylinder Engine Gasoline Fuel,Transmission w/Dual Shift Mode,White,White,None reported,Yes,36995,10,True,130,True,Mid-Range
GMC,Savana 2500 Work Van,2018,"63,460 mi.",E85 Flex Fuel,341.0HP 6.0L 8 Cylinder Engine Flex Fuel Capability,A/T,White,Beige,None reported,Yes,33000,8,True,91,False,Mid-Range
Toyota,4Runner SR5,2018,"32,199 mi.",Gasoline,270.0HP 4.0L V6 Cylinder Engine Gasoline Fuel,A/T,Silver,Black,None reported,Yes,35500,8,True,199,False,Mid-Range
Hyundai,Palisade SEL,2020,"69,487 mi.",Gasoline,291.0HP 3.8L V6 Cylinder Engine Gasoline Fuel,A/T,White,Black,None reported,Yes,32000,6,True,72,False,Mid-Range
GMC,Sierra 2500 Denali,2015,"86,000 mi.",Diesel,397.0HP 6.6L 8 Cylinder Engine Diesel Fuel,A/T,Gray,Brown,None reported,Yes,49000,11,True,91,False,Premium
Genesis,GV70 3.5T Sport,2022,"8,730 mi.",Gasoline,3.5L V6 24V PDI DOHC Twin Turbo,8-Speed Automatic,Alta White,Red,None reported,Yes,48219,4,True,20,False,Premium
Dodge,Ram Van 1500,2002,"70,000 mi.",Gasoline,175.0HP 3.9L V6 Cylinder Engine Gasoline Fuel,A/T,Red,Beige,At least 1 accident or damage reported,Yes,8000,24,False,90,False,Budget
Chevrolet,Impala 1LT,2017,"70,000 mi.",Gasoline,305.0HP 3.6L V6 Cylinder Engine Gasoline Fuel,6-Speed A/T,White,Gray,At least 1 accident or damage reported,Yes,17900,9,False,292,False,Budget
Audi,A4 2.0T Premium Plus,2015,"83,420 mi.",E85 Flex Fuel,220.0HP 2.0L 4 Cylinder Engine Flex Fuel Capability,8-Speed A/T,Red,Gray,At least 1 accident or damage reported,Yes,16000,11,False,200,True,Budget
Nissan,Altima 2.5 S,2003,"189,000 mi.",Gasoline,175.0HP 2.5L 4 Cylinder Engine Gasoline Fuel,A/T,Silver,Beige,At least 1 accident or damage reported,Yes,2899,23,False,116,False,Budget
Porsche,911 Carrera 4S,2017,"31,500 mi.",Gasoline,420.0HP 3.0L Flat 6 Cylinder Engine Gasoline Fuel,7-Speed A/T,Blue,Red,None reported,Yes,97555,9,True,201,True,Premium
BMW,X1 xDrive 28i,2015,"85,766 mi.",Gasoline,240.0HP 2.0L 4 Cylinder Engine Gasoline Fuel,A/T,Gray,Black,None reported,Yes,13000,11,False,375,True,Budget
GMC,Yukon Denali,2018,"92,800 mi.",Gasoline,420.0HP 6.2L 8 Cylinder Engine Gasoline Fuel,10-Speed A/T,White,Black,None reported,Yes,34000,8,True,91,False,Mid-Range
Land,Rover Defender SE,2021,"13,970 mi.",Hybrid,395.0HP 3.0L Straight 6 Cylinder Engine Gasoline/Mild Electric Hybrid,A/T,Gray,Black,None reported,Yes,75500,5,True,130,True,Premium
Porsche,911 Turbo S,2023,154 mi.,Gasoline,3.8L H6 24V GDI DOHC Twin Turbo,8-Speed Automatic with Auto-Shift,Python Green,Black,None reported,Yes,274900,3,True,201,True,Premium
Toyota,Land Cruiser Base,2000,"265,000 mi.",Gasoline,230.0HP 4.7L 8 Cylinder Engine Gasoline Fuel,4-Speed A/T,Black,Beige,None reported,Yes,15500,26,False,199,False,Budget
Scion,xB Base,2011,"95,426 mi.",Gasoline,158.0HP 2.4L 4 Cylinder Engine Gasoline Fuel,A/T,Green,Gray,None reported,Yes,8000,15,False,6,False,Budget
Honda,S2000 Base,2001,"119,900 mi.",Gasoline,240.0HP 2.0L 4 Cylinder Engine Gasoline Fuel,6-Speed M/T,Black,Red,At least 1 accident or damage reported,Yes,18000,25,False,63,False,Budget
Mazda,CX-30 Select,2020,"23,162 mi.",Gasoline,2.5L I4 16V GDI DOHC,6-Speed Automatic,Soul Red Crystal Metallic,Black,None reported,Yes,25495,6,False,64,False,Mid-Range
BMW,M4 Competition,2023,"3,950 mi.",Gasoline,503.0HP 3.0L Straight 6 Cylinder Engine Gasoline Fuel,A/T,White,Blue,None reported,Yes,83500,3,True,375,True,Premium
Porsche,911 Carrera 4S,2006,"80,000 mi.",Gasoline,355.0HP 3.8L Flat 6 Cylinder Engine Gasoline Fuel,6-Speed M/T,Black,Beige,None reported,Yes,43000,20,True,201,True,Premium
Ford,F-250 Lariat,2015,"94,634 mi.",E85 Flex Fuel,385.0HP 6.2L 8 Cylinder Engine Flex Fuel Capability,A/T,White,Black,At least 1 accident or damage reported,Yes,32500,11,True,386,False,Mid-Range
Chevrolet,Corvette Base,2007,"65,000 mi.",Gasoline,400.0HP 6.0L 8 Cylinder Engine Gasoline Fuel,6-Speed A/T,Silver,Beige,At least 1 accident or damage reported,Yes,33885,19,True,292,False,Mid-Range
Lexus,LS 460 L,2008,"100,000 mi.",Gasoline,380.0HP 4.6L 8 Cylinder Engine Gasoline Fuel,A/T,Black,Black,At least 1 accident or damage reported,Yes,11500,18,False,163,True,Budget
Toyota,Sienna XSE 25th Anniversary,2023,500 mi.,Hybrid,245.0HP 2.5L 4 Cylinder Engine Gas/Electric Hybrid,A/T,White,Black,None reported,Yes,59500,3,True,199,False,Premium
Mercedes-Benz,AMG G 63 Base,2021,"7,856 mi.",Gasoline,4.0L V8 32V GDI DOHC Twin Turbo,9-Speed Automatic,China Blue,Black,None reported,Yes,425000,5,True,315,True,Premium
Audi,A4 2.0T Premium quattro,2011,"181,000 mi.",Gasoline,211.0HP 2.0L 4 Cylinder Engine Gasoline Fuel,A/T,White,Black,None reported,Yes,5500,15,False,200,True,Budget
Mercedes-Benz,GLC 300 Base 4MATIC,2018,"48,700 mi.",Gasoline,241.0HP 2.0L 4 Cylinder Engine Gasoline Fuel,9-Speed A/T,Blue,Brown,None reported,Yes,27900,8,False,315,True,Mid-Range
Porsche,911 Turbo Cabriolet,2009,"13,500 mi.",Gasoline,480.0HP 3.6L Flat 6 Cylinder Engine Gasoline Fuel,6-Speed M/T,Gray,Black,None reported,Yes,130000,17,True,201,True,Premium
Toyota,86 860 Special Edition,2017,"87,500 mi.",Gasoline,200.0HP 2.0L 4 Cylinder Engine Gasoline Fuel,6-Speed A/T,Silver,Black,None reported,Yes,20000,9,False,199,False,Budget
Jaguar,XJ8 L,2000,"45,000 mi.",Gasoline,290.0HP 4.0L 8 Cylinder Engine Gasoline Fuel,A/T,Silver,Beige,None reported,Yes,12500,26,False,47,True,Budget
Chevrolet,Corvette Base,1996,"85,760 mi.",Gasoline,300.0HP 5.7L 8 Cylinder Engine Gasoline Fuel,4-Speed A/T,Silver,Black,None reported,Yes,14500,30,False,292,False,Budget
Tesla,Model 3 Long Range,2018,"36,187 mi.",Gasoline,271.0HP Electric Motor Electric Fuel System,1-Speed A/T,White,Black,None reported,Yes,28895,8,False,87,False,Mid-Range
Hyundai,Tucson SEL,2022,"13,666 mi.",Gasoline,2.5L I4 16V PDI DOHC,8-Speed Automatic,Portofino Gray,Black,None reported,Yes,27999,4,False,72,False,Mid-Range
Porsche,911 Carrera S,2007,"50,500 mi.",Gasoline,355.0HP 3.8L Flat 6 Cylinder Engine Gasoline Fuel,6-Speed M/T,Silver,Black,None reported,Yes,56000,19,True,201,True,Premium
Lincoln,Nautilus Reserve,2021,"19,291 mi.",Gasoline,2.0L I4 16V GDI DOHC Turbo,8-Speed Automatic,Black,Ebony,None reported,Yes,44340,5,True,52,False,Premium
Ford,Mustang Boss 302,2012,"1,295 mi.",Gasoline,444.0HP 5.0L 8 Cylinder Engine Gasoline Fuel,M/T,Silver,Black,None reported,Yes,49990,14,True,386,False,Premium
Cadillac,Escalade Premium Luxury,2017,"55,000 mi.",Gasoline,420.0HP 6.2L 8 Cylinder Engine Gasoline Fuel,8-Speed A/T,White,Beige,At least 1 accident or damage reported,Yes,49900,9,True,107,False,Premium
MINI,Cooper Base,2010,"74,000 mi.",Gasoline,118.0HP 1.6L 4 Cylinder Engine Gasoline Fuel,6-Speed M/T,Yellow,Black,None reported,Yes,9650,16,False,33,False,Budget
Dodge,Durango R/T,2022,"14,976 mi.",Gasoline,5.7L V8 16V MPFI OHV,8-Speed Automatic,White Knuckle Clearcoat,Black,None reported,Yes,49999,4,True,90,False,Premium
BMW,X5 xDrive35i,2018,"25,348 mi.",Gasoline,3.0L I6 24V GDI DOHC Turbo,8-Speed Automatic,Imperial Blue Metallic,Black,At least 1 accident or damage reported,Yes,33889,8,True,375,True,Mid-Range
Chevrolet,Corvette Base,2010,"23,133 mi.",Gasoline,430.0HP 6.2L 8 Cylinder Engine Gasoline Fuel,6-Speed M/T,White,Black,None reported,Yes,35000,16,True,292,False,Mid-Range
Jaguar,XE 20d Prestige,2018,"34,322 mi.",Diesel,2.0 Liter,Automatic,Blue,Beige,None reported,Yes,29998,8,False,47,True,Mid-Range
Dodge,Challenger R/T,2021,"39,960 mi.",Gasoline,375.0HP 5.7L 8 Cylinder Engine Gasoline Fuel,8-Speed A/T,White,Gray,At least 1 accident or damage reported,Yes,28500,5,False,90,False,Mid-Range
BMW,550 i xDrive,2016,"76,400 mi.",Gasoline,445.0HP 4.4L 8 Cylinder Engine Gasoline Fuel,8-Speed A/T,Black,Black,At least 1 accident or damage reported,Yes,31300,10,True,375,True,Mid-Range
Ford,Explorer XLT,2022,"18,533 mi.",Gasoline,2.3L I4 16V GDI DOHC Turbo,10-Speed Automatic,White,Ebony,None reported,Yes,38978,4,True,386,False,Mid-Range
GMC,Yukon XL Denali,2023,"7,500 mi.",Gasoline,420.0HP 6.2L 8 Cylinder Engine Gasoline Fuel,10-Speed A/T,Gray,Black,None reported,Yes,92888,3,True,91,False,Premium
INFINITI,QX80 SENSORY,2022,"26,520 mi.",Gasoline,400.0HP 5.6L 8 Cylinder Engine Gasoline Fuel,7-Speed A/T,Blue,Brown,At least 1 accident or damage reported,Yes,64000,4,True,59,False,Premium
Land,Rover Range Rover 3.0L Supercharged,2014,"59,500 mi.",E85 Flex Fuel,340.0HP 3.0L V6 Cylinder Engine Flex Fuel Capability,A/T,Red,Black,None reported,Yes,33800,12,True,130,True,Mid-Range
Honda,Pilot EX-L,2020,"44,000 mi.",Gasoline,280.0HP 3.5L V6 Cylinder Engine Gasoline Fuel,A/T,White,Black,None reported,Yes,34999,6,True,63,False,Mid-Range
Pontiac,Firebird Base,2001,"111,000 mi.",Gasoline,200.0HP 3.8L V6 Cylinder Engine Gasoline Fuel,A/T,White,Gray,None reported,Yes,11000,25,False,15,False,Budget
Toyota,4Runner Limited,2016,"82,260 mi.",Gasoline,4.0L V6 24V MPFI DOHC,5-Speed Automatic,Nautical Blue Pearl,Black,None reported,Yes,31906,10,True,199,False,Mid-Range
Porsche,911 Carrera Cabriolet,2006,"52,744 mi.",Gasoline,325.0HP 3.6L Flat 6 Cylinder Engine Gasoline Fuel,Transmission w/Dual Shift Mode,Gray,Black,At least 1 accident or damage reported,Yes,37500,20,True,201,True,Mid-Range
BMW,i8 Base,2019,"28,200 mi.",Plug-In Hybrid,369.0HP 1.5L 3 Cylinder Engine Plug-In Electric/Gas,Transmission w/Dual Shift Mode,Gray,Beige,At least 1 accident or damage reported,Yes,79950,7,True,375,True,Premium
Nissan,Maxima GLE,2000,"194,277 mi.",Gasoline,222.0HP 3.0L V6 Cylinder Engine Gasoline Fuel,A/T,Blue,Beige,At least 1 accident or damage reported,Yes,2300,26,False,116,False,Budget
Pontiac,Firebird Trans Am,2001,"91,812 mi.",Gasoline,310.0HP 5.7L 8 Cylinder Engine Gasoline Fuel,A/T,Green,Black,None reported,Yes,12850,25,False,15,False,Budget
Chevrolet,Suburban Premier,2018,"84,224 mi.",Gasoline,5.3L V8 16V GDI OHV,6-Speed Automatic,Tungsten Metallic,Jet Black,None reported,Yes,43775,8,True,292,False,Premium
BMW,X2 xDrive28i,2018,"66,690 mi.",Gasoline,228.0HP 2.0L 4 Cylinder Engine Gasoline Fuel,Transmission w/Dual Shift Mode,Gray,Black,At least 1 accident or damage reported,Yes,24900,8,False,375,True,Mid-Range
Mercedes-Benz,AMG C 43 Base 4MATIC,2018,"41,500 mi.",Gasoline,362.0HP 3.0L V6 Cylinder Engine Gasoline Fuel,9-Speed A/T,White,Brown,At least 1 accident or damage reported,Yes,39848,8,True,315,True,Mid-Range
BMW,750 i xDrive,2014,"85,095 mi.",Gasoline,445.0HP 4.4L 8 Cylinder Engine Gasoline Fuel,8-Speed A/T,Black,Brown,At least 1 accident or damage reported,Yes,24900,12,False,375,True,Mid-Range
Volvo,S60 T5 Premier Plus,2015,"39,000 mi.",Gasoline,250.0HP 2.5L 5 Cylinder Engine Gasoline Fuel,Transmission w/Dual Shift Mode,Silver,Gray,At least 1 accident or damage reported,Yes,17900,11,False,38,False,Budget
Tesla,Model Y Long Range,2022,"20,500 mi.",Gasoline,425.0HP Electric Motor Electric Fuel System,1-Speed A/T,Gray,Black,None reported,Yes,46500,4,True,87,False,Premium
Ford,F-350 Platinum,2019,"112,000 mi.",Diesel,450.0HP 6.7L 8 Cylinder Engine Diesel Fuel,6-Speed A/T,Black,Black,None reported,Yes,61995,7,True,386,False,Premium
Volkswagen,ID.4 Pro S,2023,"1,716 mi.",Gasoline,Battery Electric,Automatic,Gray,Gray w/Blue Bolsters,None reported,Yes,39998,3,True,59,False,Mid-Range
Audi,A3 2.0T Premium,2016,"90,360 mi.",Gasoline,220.0HP 2.0L 4 Cylinder Engine Gasoline Fuel,A/T,Black,Black,At least 1 accident or damage reported,Yes,15499,10,False,200,True,Budget
Ford,Explorer Limited,2020,"82,146 mi.",Gasoline,2.3L I4 16V GDI DOHC Turbo,10-Speed Automatic,Gray,Ebony,None reported,Yes,30825,6,False,386,False,Mid-Range
Ford,Mustang GT Premium,2020,"16,850 mi.",Gasoline,460.0HP 5.0L 8 Cylinder Engine Gasoline Fuel,10-Speed A/T,Blue,Black,At least 1 accident or damage reported,Yes,41000,6,True,386,False,Mid-Range
Honda,S2000 Base,2003,"101,000 mi.",Gasoline,240.0HP 2.0L 4 Cylinder Engine Gasoline Fuel,6-Speed M/T,Silver,Black,None reported,Yes,28000,23,False,63,False,Mid-Range
BMW,M235 i,2015,"68,750 mi.",Gasoline,320.0HP 3.0L Straight 6 Cylinder Engine Gasoline Fuel,6-Speed M/T,Red,Black,None reported,Yes,25999,11,False,375,True,Mid-Range
Lamborghini,Aventador S Base,2018,"5,858 mi.",Gasoline,729.0HP 6.5L 12 Cylinder Engine Gasoline Fuel,7-Speed A/T,White,Gray,None reported,Yes,491836,8,True,26,False,Premium
Dodge,Durango SLT,2004,"143,000 mi.",Gasoline,335.0HP 5.7L 8 Cylinder Engine Gasoline Fuel,A/T,Beige,Beige,None reported,Yes,3200,22,False,90,False,Budget
Nissan,Armada LE,2005,"152,270 mi.",Gasoline,305.0HP 5.6L 8 Cylinder Engine Gasoline Fuel,A/T,Green,Beige,At least 1 accident or damage reported,Yes,6900,21,False,116,False,Budget
Kia,Sorento S,2021,"19,605 mi.",Gasoline,2.5L I4 16V PDI DOHC,8-Speed Automatic,Glacial White Pearl,Black,None reported,Yes,33591,5,True,76,False,Mid-Range
Chevrolet,Silverado 1500 RST,2020,"19,200 mi.",Gasoline,355.0HP 5.3L 8 Cylinder Engine Gasoline Fuel,10-Speed A/T,Gray,Black,None reported,Yes,69999,6,True,292,False,Premium
Chevrolet,Impala Base,2004,"64,500 mi.",Gasoline,180.0HP 3.4L V6 Cylinder Engine Gasoline Fuel,A/T,Beige,Beige,None reported,Yes,5900,22,False,292,False,Budget
Toyota,Tacoma PreRunner,2011,"149,000 mi.",Gasoline,236.0HP 4.0L V6 Cylinder Engine Gasoline Fuel,A/T,Black,Beige,None reported,Yes,18995,15,False,199,False,Budget
McLaren,570S Spider,2018,"5,918 mi.",Gasoline,3.8L V8 32V MPFI DOHC Twin Turbo,7-Speed Automatic with Auto-Shift,Silician Yellow,Jet Black,None reported,Yes,179900,8,True,6,False,Premium
Pontiac,Firebird Trans Am,1997,"134,033 mi.",Gasoline,285.0HP 5.7L 8 Cylinder Engine Gasoline Fuel,A/T,Red,Beige,At least 1 accident or damage reported,Yes,7200,29,False,15,False,Budget
Kia,Stinger GT1,2019,"37,226 mi.",Gasoline,"3.3L V-6 gasoline direct injection, DOHC, D-CVVT variable valve",Automatic,Snow White Pearl,Black,None reported,Yes,34998,7,True,76,False,Mid-Range
Ford,Escape SE,2017,"71,924 mi.",Gasoline,179.0HP 1.5L 4 Cylinder Engine Gasoline Fuel,A/T,Beige,Beige,None reported,Yes,13700,9,False,386,False,Budget
Lamborghini,Huracan EVO Coupe,2021,"5,718 mi.",Gasoline,"5.2L V-10 gasoline direct injection, DOHC, variable valve contro",Automatic,Arancio Borealis,Nero Ade,None reported,Yes,279991,5,True,26,False,Premium
Jeep,Wrangler Unlimited Sport,2014,"122,200 mi.",Gasoline,285.0HP 3.6L V6 Cylinder Engine Gasoline Fuel,A/T,Orange,Black,At least 1 accident or damage reported,Yes,21500,12,False,143,False,Budget
Land,Rover Range Rover Sport HST MHEV,2020,"37,248 mi.",Hybrid,395.0HP 3.0L Straight 6 Cylinder Engine Gasoline/Mild Electric Hybrid,8-Speed A/T,Silver,Black,None reported,Yes,54500,6,True,130,True,Premium
Chevrolet,Silverado 1500 Base,1999,"88,750 mi.",Gasoline,255.0HP 4.8L 8 Cylinder Engine Gasoline Fuel,A/T,White,Gray,None reported,Yes,6800,27,False,292,False,Budget
Cadillac,XLR V,2008,"64,800 mi.",Gasoline,443.0HP 4.4L 8 Cylinder Engine Gasoline Fuel,6-Speed A/T,Black,Black,None reported,Yes,24700,18,False,107,False,Mid-Range
Ford,Fusion Hybrid Titanium,2014,"112,180 mi.",Hybrid,2.0L I4 16V MPFI DOHC Hybrid,Automatic CVT,White,Charcoal Black,None reported,Yes,12599,12,False,386,False,Budget
RAM,2500 SLT,2015,"149,130 mi.",Diesel,350.0HP 6.7L Straight 6 Cylinder Engine Diesel Fuel,6-Speed A/T,White,Black,At least 1 accident or damage reported,Yes,35000,11,True,91,False,Mid-Range
Tesla,Model Y Long Range,2020,"88,000 mi.",Gasoline,425.0HP Electric Motor Electric Fuel System,1-Speed A/T,Gray,White,None reported,Yes,35500,6,True,87,False,Mid-Range
Toyota,Highlander XLE,2018,"74,000 mi.",Gasoline,295.0HP 3.5L V6 Cylinder Engine Gasoline Fuel,8-Speed A/T,White,Black,None reported,Yes,27950,8,False,199,False,Mid-Range
Ford,F-150 XLT,2019,"44,460 mi.",Gasoline,325.0HP 2.7L V6 Cylinder Engine Gasoline Fuel,10-Speed A/T,Red,Gray,None reported,Yes,34500,7,True,386,False,Mid-Range
GMC,Acadia SLE-2,2015,"96,000 mi.",Gasoline,281.0HP 3.6L V6 Cylinder Engine Gasoline Fuel,6-Speed A/T,Blue,Beige,None reported,Yes,17000,11,False,91,False,Budget
Porsche,Boxster Base,2005,"75,000 mi.",Gasoline,240.0HP 2.7L Flat 6 Cylinder Engine Gasoline Fuel,5-Speed M/T,Silver,Black,None reported,Yes,17500,21,False,201,True,Budget
Dodge,Charger R/T,2014,"95,000 mi.",Gasoline,370.0HP 5.7L 8 Cylinder Engine Gasoline Fuel,Transmission w/Dual Shift Mode,Black,Black,None reported,Yes,17900,12,False,90,False,Budget
Land,Rover Range Rover Sport Supercharged HSE,2016,"49,799 mi.",Gasoline,340.0HP 3.0L V6 Cylinder Engine Gasoline Fuel,A/T,Brown,Brown,None reported,Yes,37500,10,True,130,True,Mid-Range
Ford,Mustang GT,2006,"27,407 mi.",Gasoline,300.0HP 4.6L 8 Cylinder Engine Gasoline Fuel,5-Speed M/T,Silver,Red,None reported,Yes,21750,20,False,386,False,Mid-Range
Alfa,Romeo Giulia Ti,2020,"23,339 mi.",Gasoline,2.0L I4 16V GDI SOHC Turbo,8-Speed Automatic,Rosso,Black,None reported,Yes,34645,6,True,19,False,Mid-Range
Tesla,Model S 90D,2016,"74,122 mi.",Gasoline,417.0HP Electric Motor Electric Fuel System,A/T,Black,Black,None reported,Yes,35900,10,True,87,False,Mid-Range
Jaguar,XK8 Base,1997,"50,000 mi.",Gasoline,290.0HP 4.0L 8 Cylinder Engine Gasoline Fuel,A/T,White,Beige,None reported,Yes,6000,29,False,47,True,Budget
Mercedes-Benz,GLC 300 GLC 300,2021,"14,745 mi.",Gasoline,2.0 Liter Turbo,Automatic,Graphite Grey,–,None reported,Yes,38998,5,True,315,True,Mid-Range
Chevrolet,Corvette Stingray w/3LT,2021,"2,700 mi.",Gasoline,490.0HP 6.2L 8 Cylinder Engine Gasoline Fuel,Transmission w/Dual Shift Mode,Blue,Blue,None reported,Yes,85950,5,True,292,False,Premium
Buick,Regal Turbo - Premium 1,2012,"190,000 mi.",Gasoline,220.0HP 2.0L 4 Cylinder Engine Gasoline Fuel,6-Speed A/T,Beige,Beige,At least 1 accident or damage reported,Yes,6000,14,False,30,False,Budget
Audi,A4 2.0T Premium,2014,"90,236 mi.",E85 Flex Fuel,220.0HP 2.0L 4 Cylinder Engine Flex Fuel Capability,Transmission w/Dual Shift Mode,Gray,Black,None reported,Yes,9999,12,False,200,True,Budget
Jeep,Gladiator Overland,2020,"4,000 mi.",Gasoline,285.0HP 3.6L V6 Cylinder Engine Gasoline Fuel,8-Speed A/T,Silver,Black,None reported,Yes,50000,6,True,143,False,Premium
Land,Rover Range Rover Westminster SWB,2022,"2,220 mi.",Hybrid,395.0HP 3.0L Straight 6 Cylinder Engine Gasoline/Mild Electric Hybrid,8-Speed A/T,Blue,White,None reported,Yes,115999,4,True,130,True,Premium
GMC,Yukon XL Denali,2017,"124,000 mi.",Gasoline,420.0HP 6.2L 8 Cylinder Engine Gasoline Fuel,8-Speed A/T,Gray,Beige,At least 1 accident or damage reported,Yes,32000,9,True,91,False,Mid-Range
Ford,Ranger Lariat,2019,"45,163 mi.",Gasoline,2.3L I4 16V GDI DOHC Turbo,10-Speed Automatic,Red,–,None reported,Yes,35690,7,True,386,False,Mid-Range
Volkswagen,Passat 2.0T SE,2020,"49,400 mi.",Gasoline,174.0HP 2.0L 4 Cylinder Engine Gasoline Fuel,6-Speed A/T,Black,Brown,None reported,Yes,20900,6,False,59,False,Budget
Porsche,911 Carrera,2020,"11,256 mi.",Gasoline,379.0HP 3.0L Flat 6 Cylinder Engine Gasoline Fuel,8-Speed A/T,Red,Black,None reported,Yes,124900,6,True,201,True,Premium
Chevrolet,Corvette Stingray w/1LT,2021,"13,700 mi.",Gasoline,490.0HP 6.2L 8 Cylinder Engine Gasoline Fuel,A/T,White,Red,None reported,Yes,75000,5,True,292,False,Premium
Land,Rover Range Rover HSE,2011,"174,678 mi.",Gasoline,230.0HP 3.2L Straight 6 Cylinder Engine Gasoline Fuel,6-Speed A/T,Black,Black,None reported,Yes,9500,15,False,130,True,Budget
Lexus,RX 450h F Sport Handling,2022,"1,600 mi.",Hybrid,308.0HP 3.5L V6 Cylinder Engine Gas/Electric Hybrid,A/T,White,Black,None reported,Yes,59000,4,True,163,True,Premium
Porsche,911 GT3 RS,2019,"15,509 mi.",Gasoline,4.0L H6 24V GDI DOHC,7-Speed Automatic with Auto-Shift,Lizard Green,Black,None reported,Yes,229900,7,True,201,True,Premium
Ford,Expedition Platinum,2020,"69,849 mi.",Gasoline,3.5L V6 24V GDI DOHC Twin Turbo,10-Speed Automatic,Red,Ebony,None reported,Yes,48149,6,True,386,False,Premium
Toyota,Tacoma PreRunner,2008,"160,000 mi.",Gasoline,236.0HP 4.0L V6 Cylinder Engine Gasoline Fuel,A/T,White,–,At least 1 accident or damage reported,Yes,17000,18,False,199,False,Budget
Toyota,Mirai Base,2016,"40,000 mi.",not supported,151.0HP Electric Motor Hydrogen Fuel,A/T,Silver,Black,None reported,Yes,9500,10,False,199,False,Budget
Ford,Explorer Sport Trac XLT,2007,"228,000 mi.",Gasoline,292.0HP 4.6L 8 Cylinder Engine Gasoline Fuel,A/T,Red,Beige,At least 1 accident or damage reported,Yes,3850,19,False,386,False,Budget
GMC,Sierra 1500 SLE1 Extended Cab,2008,"187,000 mi.",–,–,4-Speed A/T,Red,Gray,At least 1 accident or damage reported,Yes,6100,18,False,91,False,Budget
Mercedes-Benz,C-Class C 300 Luxury,2015,"102,000 mi.",Gasoline,241.0HP 2.0L 4 Cylinder Engine Gasoline Fuel,7-Speed A/T,Black,Black,None reported,Yes,17000,11,False,315,True,Budget
Cadillac,SRX Standard,2016,"48,000 mi.",Gasoline,308.0HP 3.6L V6 Cylinder Engine Gasoline Fuel,6-Speed A/T,White,Black,At least 1 accident or damage reported,Yes,24995,10,False,107,False,Mid-Range
Chrysler,Town & Country Touring-L,2012,"163,500 mi.",E85 Flex Fuel,283.0HP 3.6L V6 Cylinder Engine Flex Fuel Capability,6-Speed A/T,Gray,Beige,None reported,Yes,5949,14,False,28,False,Budget
Porsche,911 Carrera,2023,"1,500 mi.",Gasoline,379.0HP 3.0L Flat 6 Cylinder Engine Gasoline Fuel,A/T,Silver,Black,None reported,Yes,149000,3,True,201,True,Premium
Porsche,718 Cayman GT4,2021,"2,100 mi.",Gasoline,414.0HP 4.0L Flat 6 Cylinder Engine Gasoline Fuel,6-Speed M/T,Yellow,Black,None reported,Yes,136900,5,True,201,True,Premium
Ford,F-350 Lariat,2018,"66,281 mi.",Diesel,450.0HP 6.7L 8 Cylinder Engine Diesel Fuel,Transmission w/Dual Shift Mode,Gray,Black,None reported,Yes,63500,8,True,386,False,Premium
Ford,Mustang Mach-E Select,2021,"18,000 mi.",Gasoline,266.0HP Electric Motor Electric Fuel System,A/T,Blue,Black,None reported,Yes,39499,5,True,386,False,Mid-Range
Ford,F-150 XL,2014,"27,300 mi.",Gasoline,365.0HP 3.5L V6 Cylinder Engine Gasoline Fuel,6-Speed A/T,Gray,Gray,None reported,Yes,21500,12,False,386,False,Budget
Mazda,CX-30 Base,2020,"19,319 mi.",Gasoline,2.5L I4 16V GDI DOHC,6-Speed Automatic,Snowflake White Pearl,Black,At least 1 accident or damage reported,Yes,24899,6,False,64,False,Mid-Range
Mercedes-Benz,AMG G AMG G 63 4MATIC,2016,"32,936 mi.",Gasoline,563.0HP 5.5L 8 Cylinder Engine Gasoline Fuel,Transmission w/Dual Shift Mode,White,Beige,At least 1 accident or damage reported,Yes,90000,10,True,315,True,Premium
BMW,M4 Base,2017,"30,450 mi.",Gasoline,425.0HP 3.0L Straight 6 Cylinder Engine Gasoline Fuel,Transmission w/Dual Shift Mode,White,Black,None reported,Yes,52999,9,True,375,True,Premium
Jeep,Wrangler Sport,2017,"38,200 mi.",Gasoline,285.0HP 3.6L V6 Cylinder Engine Gasoline Fuel,A/T,Red,–,None reported,Yes,29500,9,False,143,False,Mid-Range
Jeep,Wrangler Sport,2020,"26,315 mi.",Gasoline,2.0L I4 16V GDI DOHC Turbo,8-Speed Automatic,Black Clearcoat,Black,None reported,Yes,31871,6,True,143,False,Mid-Range
Chevrolet,Silverado 1500 LS,2003,"110,000 mi.",Gasoline,270.0HP 4.8L 8 Cylinder Engine Gasoline Fuel,A/T,Green,Beige,None reported,Yes,8900,23,False,292,False,Budget
MINI,Hardtop Cooper,2014,"19,700 mi.",Gasoline,189.0HP 2.0L 4 Cylinder Engine Gasoline Fuel,6-Speed A/T,Silver,Black,None reported,Yes,13500,12,False,33,False,Budget
Honda,Element EX,2008,"192,000 mi.",Gasoline,166.0HP 2.4L 4 Cylinder Engine Gasoline Fuel,5-Speed A/T,Black,Gray,At least 1 accident or damage reported,Yes,11000,18,False,63,False,Budget
Porsche,911 Carrera 4S,2017,"26,000 mi.",Gasoline,420.0HP 3.0L Flat 6 Cylinder Engine Gasoline Fuel,Transmission w/Dual Shift Mode,Gray,Red,None reported,Yes,116911,9,True,201,True,Premium
Subaru,Impreza Outback Sport Wagon,2008,"98,313 mi.",Gasoline,170.0HP 2.5L 4 Cylinder Engine Gasoline Fuel,4-Speed A/T,Silver,Gray,None reported,Yes,7495,18,False,64,False,Budget
Cadillac,XT5 Premium Luxury,2021,"66,500 mi.",Gasoline,310.0HP 3.6L V6 Cylinder Engine Gasoline Fuel,A/T,Silver,Black,None reported,Yes,28500,5,False,107,False,Mid-Range
Nissan,Kicks S,2022,"19,877 mi.",Gasoline,1.6L I4 16V MPFI DOHC,Automatic CVT,Super Black,Charcoal,None reported,Yes,18999,4,False,116,False,Budget
Kia,Seltos S,2021,"16,100 mi.",Gasoline,146.0HP 2.0L 4 Cylinder Engine Gasoline Fuel,A/T,Blue,Black,None reported,Yes,25500,5,False,76,False,Mid-Range
GMC,Yukon SLE,2016,"83,858 mi.",Gasoline,355.0HP 5.3L 8 Cylinder Engine Gasoline Fuel,6-Speed A/T,Blue,Gray,At least 1 accident or damage reported,Yes,27633,10,False,91,False,Mid-Range
Mercedes-Benz,GLE 350 Base 4MATIC,2020,"24,108 mi.",Gasoline,255.0HP 2.0L 4 Cylinder Engine Gasoline Fuel,9-Speed A/T,Black,Black,None reported,Yes,56000,6,True,315,True,Premium
Ford,Explorer XLT,2020,"42,609 mi.",Gasoline,2.3L I4 16V GDI DOHC Turbo,10-Speed Automatic,Magnetic Metallic,Ebony,At least 1 accident or damage reported,Yes,32107,6,True,386,False,Mid-Range
Subaru,Impreza 2.0i Premium,2017,"160,000 mi.",Gasoline,152.0HP 2.0L 4 Cylinder Engine Gasoline Fuel,A/T,White,Beige,At least 1 accident or damage reported,Yes,7750,9,False,64,False,Budget
INFINITI,QX80 Base,2017,"121,525 mi.",Gasoline,400.0HP 5.6L 8 Cylinder Engine Gasoline Fuel,A/T,Black,Black,At least 1 accident or damage reported,Yes,28500,9,False,59,False,Mid-Range
Kia,Telluride S,2023,"6,423 mi.",Gasoline,291.0HP 3.8L V6 Cylinder Engine Gasoline Fuel,A/T,Gray,Black,None reported,Yes,42500,3,True,76,False,Mid-Range
Pontiac,Solstice Base,2007,"62,310 mi.",Gasoline,177.0HP 2.4L 4 Cylinder Engine Gasoline Fuel,5-Speed A/T,Gray,Black,None reported,Yes,12900,19,False,15,False,Budget
Mazda,Mazda6 Carbon Edition,2021,"21,444 mi.",Gasoline,2.5L I4 16V,6-Speed Automatic,Polymetal Gray Metallic,Red,None reported,Yes,29995,5,False,64,False,Mid-Range
Ford,Transit-350 Base,2015,"112,000 mi.",Gasoline,310.0HP 3.5L V6 Cylinder Engine Gasoline Fuel,A/T,White,Gray,At least 1 accident or damage reported,Yes,29500,11,False,386,False,Mid-Range
Hyundai,Genesis Coupe 3.8 Grand Touring,2013,"60,000 mi.",Gasoline,344.0HP 3.8L V6 Cylinder Engine Gasoline Fuel,A/T,White,–,None reported,Yes,16500,13,False,72,False,Budget
Dodge,Dart SE,2013,"153,250 mi.",Gasoline,160.0HP 1.4L 4 Cylinder Engine Gasoline Fuel,6-Speed A/T,Silver,Black,None reported,Yes,4399,13,False,90,False,Budget
Jeep,Wrangler Unlimited Sahara,2019,"57,000 mi.",Gasoline,285.0HP 3.6L V6 Cylinder Engine Gasoline Fuel,8-Speed A/T,Gray,Black,None reported,Yes,39900,7,True,143,False,Mid-Range
Chevrolet,Tahoe LTZ,2011,"140,401 mi.",E85 Flex Fuel,320.0HP 5.3L 8 Cylinder Engine Flex Fuel Capability,6-Speed A/T,Red,Beige,At least 1 accident or damage reported,Yes,16000,15,False,292,False,Budget
Ford,F-150 Tremor,2023,"5,500 mi.",Gasoline,400.0HP 3.5L V6 Cylinder Engine Gasoline Fuel,10-Speed A/T,Gray,Black,None reported,Yes,70000,3,True,386,False,Premium
Chevrolet,Corvette Stingray w/2LT,2022,"2,010 mi.",Gasoline,490.0HP 6.2L 8 Cylinder Engine Gasoline Fuel,Transmission w/Dual Shift Mode,Gray,Brown,None reported,Yes,89000,4,True,292,False,Premium
Tesla,Model 3 Long Range,2018,"24,360 mi.",Gasoline,271.0HP Electric Motor Electric Fuel System,A/T,Black,White,None reported,Yes,31500,8,True,87,False,Mid-Range
Audi,A4 2.0T Premium,2013,"96,800 mi.",Gasoline,211.0HP 2.0L 4 Cylinder Engine Gasoline Fuel,A/T,Gray,Black,At least 1 accident or damage reported,Yes,11000,13,False,200,True,Budget
Cadillac,CTS Performance,2014,"34,988 mi.",Gasoline,318.0HP 3.6L V6 Cylinder Engine Gasoline Fuel,6-Speed A/T,Red,Black,None reported,Yes,21500,12,False,107,False,Budget
Nissan,Frontier SV,2012,"65,750 mi.",Gasoline,261.0HP 4.0L V6 Cylinder Engine Gasoline Fuel,A/T,Black,Gray,At least 1 accident or damage reported,Yes,15995,14,False,116,False,Budget
Chevrolet,Silverado 1500 LTZ,2019,"56,654 mi.",Gasoline,6.2L V8 16V GDI OHV,Automatic,Cajun Red Tintcoat,Jet Black,None reported,Yes,43860,7,True,292,False,Premium
Lincoln,MKT Base,2016,"140,200 mi.",Gasoline,303.0HP 3.7L V6 Cylinder Engine Gasoline Fuel,6-Speed A/T,Black,Black,None reported,Yes,10500,10,False,52,False,Budget
Chevrolet,Cruze LT Automatic,2016,"122,971 mi.",Gasoline,1.4L I4 16V GDI DOHC Turbo,6-Speed Automatic,Kinetic Blue,Jet Black,At least 1 accident or damage reported,Yes,12999,10,False,292,False,Budget
Nissan,Xterra S,2008,"227,010 mi.",Gasoline,261.0HP 4.0L V6 Cylinder Engine Gasoline Fuel,5-Speed A/T,Gray,Gray,None reported,Yes,3850,18,False,116,False,Budget
Ford,F-150 Lariat SuperCrew,2004,"271,000 mi.",Gasoline,300.0HP 5.4L 8 Cylinder Engine Gasoline Fuel,A/T,Red,Beige,At least 1 accident or damage reported,Yes,9500,22,False,386,False,Budget
Porsche,911 Turbo,2022,"13,800 mi.",Gasoline,572.0HP 3.8L Flat 6 Cylinder Engine Gasoline Fuel,8-Speed A/T,Gray,Red,None reported,Yes,234000,4,True,201,True,Premium
Dodge,Ram 2500 Quad Cab,2001,"171,079 mi.",Diesel,245.0HP 5.9L Straight 6 Cylinder Engine Diesel Fuel,A/T,Silver,Gray,None reported,Yes,27500,25,False,90,False,Mid-Range
Chevrolet,Colorado ZR2,2021,"24,915 mi.",Gasoline,3.6L V6 24V GDI DOHC,Automatic,Satin Steel Metallic,Jet Black,None reported,Yes,44791,5,True,292,False,Premium
Nissan,Kicks S,2022,"15,577 mi.",Gasoline,1.6L I4 16V MPFI DOHC,Automatic CVT,Electric Blue Metallic,Charcoal,None reported,Yes,19599,4,False,116,False,Budget
Audi,S4 3.0T Premium Plus,2014,"102,370 mi.",Gasoline,333.0HP 3.0L V6 Cylinder Engine Gasoline Fuel,7-Speed A/T,Gray,Black,None reported,Yes,21373,12,False,200,True,Budget
Lamborghini,Gallardo LP570-4 Superleggera,2011,"16,000 mi.",Gasoline,562.0HP 5.2L 10 Cylinder Engine Gasoline Fuel,Transmission w/Dual Shift Mode,Yellow,Black,None reported,Yes,229000,15,True,26,False,Premium
Mercedes-Benz,C-Class C 250 Luxury,2012,"122,000 mi.",Gasoline,201.0HP 1.8L 4 Cylinder Engine Gasoline Fuel,7-Speed A/T,White,White,None reported,Yes,15000,14,False,315,True,Budget
FIAT,500X Trekking Plus,2016,"48,500 mi.",Gasoline,180.0HP 2.4L 4 Cylinder Engine Gasoline Fuel,A/T,Yellow,Brown,None reported,Yes,15999,10,False,5,False,Budget
Ford,F-150 XLT,2018,"53,500 mi.",Gasoline,325.0HP 2.7L V6 Cylinder Engine Gasoline Fuel,10-Speed A/T,Brown,Beige,At least 1 accident or damage reported,Yes,31500,8,True,386,False,Mid-Range
Ford,F-250 XL Crew Cab Super Duty,2004,"315,000 mi.",Diesel,325.0HP 6.0L 8 Cylinder Engine Diesel Fuel,A/T,White,Gray,None reported,Yes,9200,22,False,386,False,Budget
Ford,E350 Super Duty Base,2006,"158,000 mi.",Gasoline,305.0HP 6.8L 10 Cylinder Engine Gasoline Fuel,A/T,White,Gray,At least 1 accident or damage reported,Yes,8500,20,False,386,False,Budget
Kia,Sorento SXL,2019,"43,850 mi.",Gasoline,290.0HP 3.3L V6 Cylinder Engine Gasoline Fuel,8-Speed A/T,Black,Black,At least 1 accident or damage reported,Yes,30000,7,False,76,False,Mid-Range
Mercedes-Benz,C-Class C 300 4MATIC Sport,2015,"73,500 mi.",Gasoline,241.0HP 2.0L 4 Cylinder Engine Gasoline Fuel,7-Speed A/T,White,Black,None reported,Yes,19000,11,False,315,True,Budget
Nissan,Altima 2.5 SL,2014,"153,350 mi.",Gasoline,182.0HP 2.5L 4 Cylinder Engine Gasoline Fuel,A/T,Black,Black,At least 1 accident or damage reported,Yes,9000,12,False,116,False,Budget
Volkswagen,Tiguan 2.0T SEL Premium R-Line,2019,"74,000 mi.",Gasoline,184.0HP 2.0L 4 Cylinder Engine Gasoline Fuel,A/T,White,Silver,None reported,Yes,25500,7,False,59,False,Mid-Range
BMW,328 i xDrive,2013,"52,000 mi.",Gasoline,240.0HP 2.0L 4 Cylinder Engine Gasoline Fuel,Transmission w/Dual Shift Mode,White,Beige,None reported,Yes,17500,13,False,375,True,Budget
Audi,Q4 e-tron 50 Premium Plus,2022,250 mi.,Gasoline,295.0HP Electric Motor Electric Fuel System,1-Speed A/T,Gray,Black,None reported,Yes,52000,4,True,200,True,Premium
Nissan,Pathfinder S,2017,"145,000 mi.",Gasoline,284.0HP 3.5L V6 Cylinder Engine Gasoline Fuel,A/T,Silver,Gray,At least 1 accident or damage reported,Yes,8500,9,False,116,False,Budget
Subaru,Ascent Touring 7-Passenger,2020,"40,971 mi.",Gasoline,260.0HP 2.4L 4 Cylinder Engine Gasoline Fuel,Transmission w/Dual Shift Mode,Blue,Brown,None reported,Yes,32500,6,True,64,False,Mid-Range
Ford,E350 Super Duty XLT,2010,"248,000 mi.",E85 Flex Fuel,255.0HP 5.4L 8 Cylinder Engine Flex Fuel Capability,A/T,Silver,Beige,At least 1 accident or damage reported,Yes,14000,16,False,386,False,Budget
GMC,HUMMER EV Edition 1,2023,940 mi.,Gasoline,Electric Motor Electric Fuel System,A/T,White,Black,None reported,Yes,146000,3,True,91,False,Premium
BMW,M3 CS,2018,"38,000 mi.",Gasoline,453.0HP 3.0L Straight 6 Cylinder Engine Gasoline Fuel,A/T,White,Black,None reported,Yes,60500,8,True,375,True,Premium
Acura,TLX V6 Advance,2016,"128,000 mi.",Gasoline,290.0HP 3.5L V6 Cylinder Engine Gasoline Fuel,A/T,Gray,Black,None reported,Yes,19500,10,False,64,False,Budget
Chevrolet,Silverado 1500 ZR2,2022,"7,455 mi.",Gasoline,6.2L V8 16V GDI OHV,Automatic,Glacier Blue Metallic,Jet Black,None reported,Yes,68990,4,True,292,False,Premium
Jeep,Wrangler SE,1999,"137,790 mi.",Gasoline,120.0HP 2.5L 4 Cylinder Engine Gasoline Fuel,5-Speed M/T,Red,–,None reported,Yes,12000,27,False,143,False,Budget
Ford,Edge Sport,2016,"92,000 mi.",Gasoline,315.0HP 2.7L V6 Cylinder Engine Gasoline Fuel,6-Speed A/T,White,Black,None reported,Yes,19995,10,False,386,False,Budget
Porsche,911 Carrera Cabriolet,2001,"21,450 mi.",Gasoline,300.0HP 3.4L Flat 6 Cylinder Engine Gasoline Fuel,6-Speed M/T,Black,Black,None reported,Yes,36000,25,True,201,True,Mid-Range
Nissan,Murano SL,2021,"43,875 mi.",Gasoline,3.5L V6 24V MPFI DOHC,Automatic CVT,Magnetic Black,Graphite,At least 1 accident or damage reported,Yes,29725,5,False,116,False,Mid-Range
Pontiac,G8 GT,2009,"81,327 mi.",Gasoline,355.0HP 6.0L 8 Cylinder Engine Gasoline Fuel,Transmission w/Dual Shift Mode,Black,Black,None reported,Yes,17500,17,False,15,False,Budget
Mercedes-Benz,E-Class E 350,2021,"72,836 mi.",Gasoline,255.0HP 2.0L 4 Cylinder Engine Gasoline Fuel,9-Speed A/T,White,Beige,None reported,Yes,41000,5,True,315,True,Mid-Range
McLaren,720S Performance,2020,"5,072 mi.",Gasoline,4.0L V8 32V MPFI DOHC Twin Turbo,7-Speed Automatic with Auto-Shift,Black,Red,None reported,Yes,279950,6,True,6,False,Premium
Jeep,Commander Sport,2007,"161,900 mi.",E85 Flex Fuel,235.0HP 4.7L 8 Cylinder Engine Flex Fuel Capability,A/T,Blue,Gray,At least 1 accident or damage reported,Yes,4800,19,False,143,False,Budget
Audi,A5 45 S line Premium Plus,2022,"24,500 mi.",Hybrid,261.0HP 2.0L 4 Cylinder Engine Gasoline/Mild Electric Hybrid,Transmission w/Dual Shift Mode,White,Black,None reported,Yes,47000,4,True,200,True,Premium
BMW,M550 i xDrive,2018,"14,993 mi.",Gasoline,456.0HP 4.4L 8 Cylinder Engine Gasoline Fuel,8-Speed A/T,Gray,Black,None reported,Yes,44900,8,True,375,True,Premium
Volkswagen,Jetta 1.4T R-Line,2019,"96,000 mi.",Gasoline,147.0HP 1.4L 4 Cylinder Engine Gasoline Fuel,A/T,Orange,White,At least 1 accident or damage reported,Yes,14980,7,False,59,False,Budget
Porsche,Taycan 4S,2022,"7,900 mi.",Gasoline,482.0HP Electric Motor Electric Fuel System,2-Speed A/T,Red,–,None reported,Yes,108000,4,True,201,True,Premium
Cadillac,CTS 2.0L Turbo Luxury,2019,"35,566 mi.",Gasoline,265.0HP 2.0L 4 Cylinder Engine Gasoline Fuel,8-Speed A/T,White,Beige,At least 1 accident or damage reported,Yes,26000,7,False,107,False,Mid-Range
Lexus,IS-F Base,2008,"113,000 mi.",Gasoline,416.0HP 5.0L 8 Cylinder Engine Gasoline Fuel,8-Speed A/T,Black,Black,At least 1 accident or damage reported,Yes,34000,18,True,163,True,Mid-Range
Ford,Explorer XLT,2022,"20,678 mi.",Gasoline,300.0HP 2.3L 4 Cylinder Engine Gasoline Fuel,A/T,Red,Black,None reported,Yes,46000,4,True,386,False,Premium
Porsche,911 Turbo Cabriolet,2008,"10,900 mi.",Gasoline,480.0HP 3.6L Flat 6 Cylinder Engine Gasoline Fuel,6-Speed M/T,Black,Black,None reported,Yes,129000,18,True,201,True,Premium
Buick,LaCrosse Leather,2012,"19,079 mi.",Hybrid,182.0HP 2.4L 4 Cylinder Engine Gasoline/Mild Electric Hybrid,6-Speed A/T,Gold,Beige,None reported,Yes,15995,14,False,30,False,Budget
Mazda,RX-8 Sport,2008,"155,500 mi.",Gasoline,212.0HP 1.3L Rotary engine Gasoline Fuel,A/T,Blue,Black,At least 1 accident or damage reported,Yes,6800,18,False,64,False,Budget
Ford,Mustang GT Premium,2019,"35,500 mi.",Gasoline,460.0HP 5.0L 8 Cylinder Engine Gasoline Fuel,10-Speed A/T,White,Black,None reported,Yes,32300,7,True,386,False,Mid-Range
Mazda,Mazda6 Touring,2021,"52,253 mi.",Gasoline,2.5L I4 16V GDI DOHC,6-Speed Automatic,Snowflake White Pearl,Black,At least 1 accident or damage reported,Yes,25215,5,False,64,False,Mid-Range
Ford,Ranger Edge SuperCab,2004,"110,000 mi.",Gasoline,148.0HP 3.0L V6 Cylinder Engine Gasoline Fuel,A/T,White,Gray,At least 1 accident or damage reported,Yes,8500,22,False,386,False,Budget
Volkswagen,Golf GTI 2.0T SE w/Performance Package 4-Door,2016,"59,250 mi.",Gasoline,220.0HP 2.0L 4 Cylinder Engine Gasoline Fuel,Transmission w/Dual Shift Mode,Gray,Black,None reported,Yes,18999,10,False,59,False,Budget
Ford,Thunderbird Deluxe,2004,"39,000 mi.",Gasoline,280.0HP 3.9L 8 Cylinder Engine Gasoline Fuel,A/T,Black,Beige,None reported,Yes,22000,22,False,386,False,Mid-Range
Hummer,H2 Base,2008,"155,000 mi.",Gasoline,393.0HP 6.2L 8 Cylinder Engine Gasoline Fuel,6-Speed A/T,Green,Black,At least 1 accident or damage reported,Yes,37000,18,True,16,False,Mid-Range
BMW,X5 sDrive35i,2017,"39,250 mi.",Gasoline,300.0HP 3.0L Straight 6 Cylinder Engine Gasoline Fuel,A/T,Black,Beige,None reported,Yes,28900,9,False,375,True,Mid-Range
BMW,X3 xDrive30i,2020,"23,647 mi.",Gasoline,2.0L I4 16V GDI DOHC Turbo,8-Speed Automatic,Black Sapphire Metallic,Canberra Beige,None reported,Yes,37998,6,True,375,True,Mid-Range
Hyundai,Accent GLS,2014,"127,941 mi.",Gasoline,138.0HP 1.6L 4 Cylinder Engine Gasoline Fuel,A/T,Silver,Gray,None reported,Yes,7500,12,False,72,False,Budget
RAM,1500 Big Horn,2014,"124,000 mi.",Gasoline,395.0HP 5.7L 8 Cylinder Engine Gasoline Fuel,8-Speed A/T,Black,Black,None reported,Yes,24850,12,False,91,False,Mid-Range
Ford,Bronco Heritage Edition Advanced,2023,"1,500 mi.",Gasoline,275.0HP 2.3L 4 Cylinder Engine Gasoline Fuel,7-Speed M/T,Red,–,None reported,Yes,60000,3,True,386,False,Premium
MINI,Countryman Cooper S ALL4,2014,"70,700 mi.",Gasoline,181.0HP 1.6L 4 Cylinder Engine Gasoline Fuel,6-Speed A/T,White,Black,None reported,Yes,15750,12,False,33,False,Budget
Cadillac,Escalade Premium,2013,"113,395 mi.",E85 Flex Fuel,403.0HP 6.2L 8 Cylinder Engine Flex Fuel Capability,6-Speed A/T,Beige,Beige,At least 1 accident or damage reported,Yes,18800,13,False,107,False,Budget
Mercedes-Benz,GLE 350 GLE 350,2022,"18,815 mi.",Gasoline,2.0 Liter Turbo,Automatic,Black,Black,None reported,Yes,61998,4,True,315,True,Premium
Toyota,4Runner Limited,2014,"65,000 mi.",Gasoline,270.0HP 4.0L V6 Cylinder Engine Gasoline Fuel,A/T,Gray,Red,None reported,Yes,27999,12,False,199,False,Mid-Range
Audi,A8 L 55,2019,"23,350 mi.",Hybrid,335.0HP 3.0L V6 Cylinder Engine Gasoline/Mild Electric Hybrid,Transmission w/Dual Shift Mode,Black,Brown,None reported,Yes,48000,7,True,200,True,Premium
Lexus,ES 350 Base,2019,"39,000 mi.",Gasoline,302.0HP 3.5L V6 Cylinder Engine Gasoline Fuel,Transmission w/Dual Shift Mode,Black,Red,At least 1 accident or damage reported,Yes,34000,7,True,163,True,Mid-Range
Toyota,4Runner Limited Nightshade,2019,"48,842 mi.",Gasoline,4.0L V6 24V MPFI DOHC,5-Speed Automatic,White,–,At least 1 accident or damage reported,Yes,39857,7,True,199,False,Mid-Range
FIAT,500 Sport,2015,"47,800 mi.",Gasoline,101.0HP 1.4L 4 Cylinder Engine Gasoline Fuel,A/T,Black,Black,At least 1 accident or damage reported,Yes,11500,11,False,5,False,Budget
Ford,Maverick XLT,2022,"52,000 mi.",Hybrid,191.0HP 2.5L 4 Cylinder Engine Gas/Electric Hybrid,CVT Transmission,Blue,Gray,None reported,Yes,28000,4,False,386,False,Mid-Range
Ford,Mustang GT,2006,"16,000 mi.",Gasoline,300.0HP 4.6L 8 Cylinder Engine Gasoline Fuel,5-Speed A/T,Silver,Black,None reported,Yes,22000,20,False,386,False,Mid-Range
Jeep,Wrangler Sport,2023,"7,102 mi.",Gasoline,2.0L I4 16V GDI DOHC Turbo,8-Speed Automatic,Bright White Clearcoat,Black,None reported,Yes,40995,3,True,143,False,Mid-Range
Jeep,Grand Cherokee Limited,2015,"157,000 mi.",E85 Flex Fuel,290.0HP 3.6L V6 Cylinder Engine Flex Fuel Capability,A/T,White,Black,None reported,Yes,17000,11,False,143,False,Budget
Ford,Mustang Mach-E GT,2023,"9,095 mi.",Gasoline,480.0HP Electric Motor Electric Fuel System,A/T,Orange,Gray,None reported,Yes,59000,3,True,386,False,Premium
Jeep,Compass Sport,2010,"179,700 mi.",Gasoline,172.0HP 2.4L 4 Cylinder Engine Gasoline Fuel,A/T,Black,Gray,At least 1 accident or damage reported,Yes,4500,16,False,143,False,Budget
Lexus,LS 430 Base,2006,"170,000 mi.",Gasoline,278.0HP 4.3L 8 Cylinder Engine Gasoline Fuel,A/T,Silver,Gray,None reported,Yes,7500,20,False,163,True,Budget
Rolls-Royce,Cullinan,2022,"3,420 mi.",Gasoline,6.7L V12 48V GDI DOHC Twin Turbo,8-Speed Automatic,Red,Black,None reported,Yes,399950,4,True,11,False,Premium
Ford,F-250 King Ranch,2021,"93,400 mi.",Diesel,475.0HP 6.7L 8 Cylinder Engine Diesel Fuel,10-Speed A/T,Red,Brown,None reported,Yes,69995,5,True,386,False,Premium
BMW,X5 xDrive50i,2011,"110,000 mi.",Gasoline,400.0HP 4.4L 8 Cylinder Engine Gasoline Fuel,Transmission w/Dual Shift Mode,White,Blue,At least 1 accident or damage reported,Yes,12000,15,False,375,True,Budget
Porsche,911 Carrera,2016,"22,500 mi.",Gasoline,350.0HP 3.4L Flat 6 Cylinder Engine Gasoline Fuel,A/T,Gray,Beige,None reported,Yes,78000,10,True,201,True,Premium
Ford,Focus ST Base,2013,"20,800 mi.",Gasoline,252.0HP 2.0L 4 Cylinder Engine Gasoline Fuel,6-Speed M/T,Yellow,Gray,None reported,Yes,19795,13,False,386,False,Budget
Lexus,ES 300h Base,2018,"100,868 mi.",Hybrid,200.0HP 2.5L 4 Cylinder Engine Gas/Electric Hybrid,CVT Transmission,White,Beige,At least 1 accident or damage reported,Yes,23400,8,False,163,True,Mid-Range
Volkswagen,CC Sport,2012,"131,986 mi.",Gasoline,200.0HP 2.0L 4 Cylinder Engine Gasoline Fuel,M/T,White,Black,At least 1 accident or damage reported,Yes,9000,14,False,59,False,Budget
Volkswagen,Golf SportWagen TSI S 4-Door,2016,"127,770 mi.",Gasoline,170.0HP 1.8L 4 Cylinder Engine Gasoline Fuel,5-Speed M/T,White,Beige,None reported,Yes,13800,10,False,59,False,Budget
Porsche,911 Carrera S,2013,"56,985 mi.",Gasoline,400.0HP 3.8L Flat 6 Cylinder Engine Gasoline Fuel,7-Speed A/T,Blue,Gray,None reported,Yes,65900,13,True,201,True,Premium
Toyota,Prius Plug-in Base,2014,"106,000 mi.",Plug-In Hybrid,134.0HP 1.8L 4 Cylinder Engine Plug-In Electric/Gas,A/T,Green,Beige,At least 1 accident or damage reported,Yes,11800,12,False,199,False,Budget
Ford,F-250 XLT,2019,"92,671 mi.",Diesel,450.0HP 6.7L 8 Cylinder Engine Diesel Fuel,A/T,Black,Black,At least 1 accident or damage reported,Yes,50000,7,True,386,False,Premium
Mercedes-Benz,S-Class S 560 4MATIC,2019,"49,500 mi.",Gasoline,463.0HP 4.0L 8 Cylinder Engine Gasoline Fuel,A/T,Black,Beige,None reported,Yes,55900,7,True,315,True,Premium
Porsche,911 Carrera,2020,"16,741 mi.",Gasoline,379.0HP 3.0L Flat 6 Cylinder Engine Gasoline Fuel,A/T,Green,Black,None reported,Yes,112500,6,True,201,True,Premium
Ford,Mustang GT,2011,"133,504 mi.",Gasoline,412.0HP 5.0L 8 Cylinder Engine Gasoline Fuel,6-Speed M/T,Black,Black,None reported,Yes,23500,15,False,386,False,Mid-Range
Cadillac,CTS 2.0L Turbo Luxury,2019,"20,296 mi.",Gasoline,2.0L I4 16V GDI DOHC Turbo,8-Speed Automatic,Red Obsession,Very Light Cashmere,None reported,Yes,30599,7,False,107,False,Mid-Range
Volkswagen,Jetta 1.4T R-Line,2019,"55,234 mi.",Gasoline,1.4L I4 16V GDI DOHC Turbo,8-Speed Automatic,Platinum Gray Metallic,Black / Gray,None reported,Yes,19290,7,False,59,False,Budget
Jeep,Wrangler X,2005,"162,482 mi.",Gasoline,190.0HP 4.0L Straight 6 Cylinder Engine Gasoline Fuel,6-Speed M/T,Orange,Gray,None reported,Yes,11000,21,False,143,False,Budget
Lincoln,LS V8,2002,"42,000 mi.",Gasoline,252.0HP 3.9L 8 Cylinder Engine Gasoline Fuel,A/T,Silver,Black,At least 1 accident or damage reported,Yes,11000,24,False,52,False,Budget
Ford,F-150 Lightning LARIAT,2022,470 mi.,Gasoline,563.0HP Electric Motor Electric Fuel System,1-Speed A/T,White,Gray,None reported,Yes,71900,4,True,386,False,Premium
Mercedes-Benz,C-Class C55 AMG Sport,2006,"98,300 mi.",Gasoline,362.0HP 5.4L 8 Cylinder Engine Gasoline Fuel,Transmission w/Dual Shift Mode,Black,Black,At least 1 accident or damage reported,Yes,15900,20,False,315,True,Budget
Audi,S6 4.0T Prestige,2013,"53,900 mi.",Gasoline,420.0HP 4.0L 8 Cylinder Engine Gasoline Fuel,7-Speed A/T,Black,Black,None reported,Yes,27450,13,False,200,True,Mid-Range
BMW,335 i xDrive,2013,"82,849 mi.",Gasoline,300.0HP 3.0L Straight 6 Cylinder Engine Gasoline Fuel,8-Speed A/T,Red,Black,None reported,Yes,19999,13,False,375,True,Budget
Porsche,911 Carrera 4S Cabriolet,2009,"25,500 mi.",Gasoline,385.0HP 3.8L Flat 6 Cylinder Engine Gasoline Fuel,6-Speed M/T,Black,Black,None reported,Yes,79995,17,True,201,True,Premium
Kia,Forte LXS,2020,"53,452 mi.",Gasoline,147.0HP 2.0L 4 Cylinder Engine Gasoline Fuel,A/T,Silver,Black,At least 1 accident or damage reported,Yes,16995,6,False,76,False,Budget
Chevrolet,Corvette Base,2004,"40,011 mi.",Gasoline,350.0HP 5.7L 8 Cylinder Engine Gasoline Fuel,4-Speed A/T,Red,Black,None reported,Yes,23500,22,False,292,False,Mid-Range
Hyundai,Santa Fe Sport 2.0L Turbo,2018,"45,800 mi.",Gasoline,240.0HP 2.0L 4 Cylinder Engine Gasoline Fuel,A/T,Silver,Black,At least 1 accident or damage reported,Yes,20900,8,False,72,False,Budget
RAM,1500 Laramie,2022,"15,741 mi.",Gasoline,5.7L V8 16V MPFI OHV,8-Speed Automatic,Flame Red Clearcoat,Black,None reported,Yes,45999,4,True,91,False,Premium
Kia,Sorento SX Prestige,2023,"11,100 mi.",Gasoline,281.0HP 2.5L 4 Cylinder Engine Gasoline Fuel,Transmission w/Dual Shift Mode,White,Black,None reported,Yes,40200,3,True,76,False,Mid-Range
Ford,F-250 XL,2020,"36,000 mi.",E85 Flex Fuel,385.0HP 6.2L 8 Cylinder Engine Flex Fuel Capability,A/T,White,Gray,None reported,Yes,44000,6,True,386,False,Premium
BMW,X5 xDrive35i,2013,"69,750 mi.",Gasoline,300.0HP 3.0L Straight 6 Cylinder Engine Gasoline Fuel,8-Speed A/T,White,Brown,At least 1 accident or damage reported,Yes,15999,13,False,375,True,Budget
Mercedes-Benz,C-Class C 300 4MATIC,2021,"19,162 mi.",Gasoline,255.0HP 2.0L 4 Cylinder Engine Gasoline Fuel,Transmission w/Dual Shift Mode,Black,Black,None reported,Yes,38500,5,True,315,True,Mid-Range
Audi,Q5 S line Premium Plus,2023,"6,046 mi.",Hybrid,2.0 Liter TFSI,Automatic,Daytona Gray,Black,None reported,Yes,51598,3,True,200,True,Premium
Ford,Explorer XLT,2020,"17,000 mi.",Gasoline,300.0HP 2.3L 4 Cylinder Engine Gasoline Fuel,10-Speed A/T,Blue,Black,At least 1 accident or damage reported,Yes,21000,6,False,386,False,Budget
Audi,A6 55 Premium,2019,"10,832 mi.",Hybrid,335.0HP 3.0L V6 Cylinder Engine Gasoline/Mild Electric Hybrid,7-Speed A/T,Black,Black,None reported,Yes,42500,7,True,200,True,Mid-Range
Toyota,Matrix XR,2004,"173,452 mi.",Gasoline,130.0HP 1.8L 4 Cylinder Engine Gasoline Fuel,4-Speed A/T,Silver,Black,At least 1 accident or damage reported,Yes,4000,22,False,199,False,Budget
Kia,Optima SX Turbo,2017,"103,338 mi.",Gasoline,2.0L I4 16V GDI DOHC Turbo,6-Speed Automatic,Remington Red Metallic,Black,At least 1 accident or damage reported,Yes,17238,9,False,76,False,Budget
Ford,F-150 Lariat,2022,"28,000 mi.",Gasoline,400.0HP 3.5L V6 Cylinder Engine Gasoline Fuel,A/T,Black,Black,None reported,Yes,53500,4,True,386,False,Premium
Audi,Q8 3.0T Premium,2019,"51,984 mi.",Hybrid,335.0HP 3.0L V6 Cylinder Engine Gasoline/Mild Electric Hybrid,8-Speed A/T,White,–,None reported,Yes,44870,7,True,200,True,Premium
Chevrolet,Corvette Stingray w/2LT,2020,"8,974 mi.",Gasoline,490.0HP 6.2L 8 Cylinder Engine Gasoline Fuel,A/T,Orange,Black,At least 1 accident or damage reported,Yes,79900,6,True,292,False,Premium
Scion,tC Anniversary Edition,2014,"99,999 mi.",Gasoline,179.0HP 2.5L 4 Cylinder Engine Gasoline Fuel,6-Speed M/T,White,Black,None reported,Yes,10998,12,False,6,False,Budget
Mercedes-Benz,C-Class C 300,2017,"59,400 mi.",Gasoline,241.0HP 2.0L 4 Cylinder Engine Gasoline Fuel,7-Speed A/T,Black,Black,At least 1 accident or damage reported,Yes,21000,9,False,315,True,Budget
Nissan,Murano SV,2020,"47,147 mi.",Gasoline,3.5L V6 24V MPFI DOHC,Automatic CVT,Brilliant Silver Metallic,Graphite,None reported,Yes,23625,6,False,116,False,Mid-Range
Ford,Mustang GT,2018,"53,782 mi.",Gasoline,460.0HP 5.0L 8 Cylinder Engine Gasoline Fuel,6-Speed M/T,Black,Black,At least 1 accident or damage reported,Yes,29950,8,False,386,False,Mid-Range
Ford,Taurus SHO,2011,"160,000 mi.",Gasoline,365.0HP 3.5L V6 Cylinder Engine Gasoline Fuel,A/T,Black,Black,None reported,Yes,4700,15,False,386,False,Budget
Chevrolet,Tahoe LTZ,2015,500 mi.,Gasoline,355.0HP 5.3L 8 Cylinder Engine Gasoline Fuel,6-Speed A/T,White,Black,At least 1 accident or damage reported,Yes,37000,11,True,292,False,Mid-Range
Ford,Escape SEL,2020,"42,000 mi.",Gasoline,181.0HP 1.5L 3 Cylinder Engine Gasoline Fuel,A/T,White,Beige,None reported,Yes,19000,6,False,386,False,Budget
Dodge,Grand Caravan SE,2018,"64,000 mi.",E85 Flex Fuel,283.0HP 3.6L V6 Cylinder Engine Flex Fuel Capability,A/T,White,Gray,None reported,Yes,35000,8,True,90,False,Mid-Range
Hyundai,Elantra HEV Limited,2021,"28,600 mi.",Hybrid,139.0HP 1.6L 4 Cylinder Engine Gas/Electric Hybrid,A/T,Gray,Black,None reported,Yes,23999,5,False,72,False,Mid-Range
GMC,Canyon Denali,2019,"26,339 mi.",Gasoline,308.0HP 3.6L V6 Cylinder Engine Gasoline Fuel,8-Speed A/T,Red,Black,At least 1 accident or damage reported,Yes,36750,7,True,91,False,Mid-Range
Alfa,Romeo Giulia Quadrifoglio,2018,"28,644 mi.",Gasoline,505.0HP 2.9L V6 Cylinder Engine Gasoline Fuel,8-Speed A/T,Black,Black,None reported,Yes,41500,8,True,19,False,Mid-Range
Subaru,Impreza WRX,2008,"148,740 mi.",Gasoline,224.0HP 2.5L 4 Cylinder Engine Gasoline Fuel,5-Speed M/T,Black,Black,At least 1 accident or damage reported,Yes,14500,18,False,64,False,Budget
GMC,Sierra 2500 Denali,2021,"16,919 mi.",Diesel,445.0HP 6.6L 8 Cylinder Engine Diesel Fuel,10-Speed A/T,Black,Black,At least 1 accident or damage reported,Yes,73000,5,True,91,False,Premium
Chevrolet,Tahoe LS,2005,"170,000 mi.",Gasoline,285.0HP 4.8L 8 Cylinder Engine Gasoline Fuel,4-Speed A/T,Silver,Gray,At least 1 accident or damage reported,Yes,9000,21,False,292,False,Budget
Mercedes-Benz,SL-Class SL 550,2013,"130,000 mi.",Gasoline,429.0HP 4.6L 8 Cylinder Engine Gasoline Fuel,A/T,Gray,Beige,At least 1 accident or damage reported,Yes,26900,13,False,315,True,Mid-Range
Ford,Escape PHEV SE,2022,"1,889 mi.",Plug-In Hybrid,221.0HP 2.5L 4 Cylinder Engine Plug-In Electric/Gas,CVT Transmission,White,Gray,None reported,Yes,32850,4,True,386,False,Mid-Range
Dodge,Charger GT,2018,"62,197 mi.",Gasoline,3.6L V6 24V MPFI DOHC,8-Speed Automatic,White Knuckle Clearcoat,Black,None reported,Yes,26691,8,False,90,False,Mid-Range
Ford,F-150 XLT,2016,"71,000 mi.",E85 Flex Fuel,385.0HP 5.0L 8 Cylinder Engine Flex Fuel Capability,A/T,Black,–,At least 1 accident or damage reported,Yes,24350,10,False,386,False,Mid-Range
Lexus,NX 200t Base,2016,"83,400 mi.",Gasoline,235.0HP 2.0L 4 Cylinder Engine Gasoline Fuel,A/T,Blue,Brown,At least 1 accident or damage reported,Yes,22495,10,False,163,True,Mid-Range
Cadillac,XT5 Base,2019,"74,414 mi.",Gasoline,310.0HP 3.6L V6 Cylinder Engine Gasoline Fuel,8-Speed A/T,Black,Beige,None reported,Yes,26000,7,False,107,False,Mid-Range
Ford,Mustang Shelby GT500,2010,"29,816 mi.",Gasoline,540.0HP 5.4L 8 Cylinder Engine Gasoline Fuel,6-Speed M/T,Black,Black,None reported,Yes,38000,16,True,386,False,Mid-Range
Ford,F-250 Lariat,2015,"68,749 mi.",Diesel,440.0HP 6.7L 8 Cylinder Engine Diesel Fuel,Transmission w/Dual Shift Mode,Gray,Black,None reported,Yes,45000,11,True,386,False,Premium
BMW,325 i,2005,"190,395 mi.",Gasoline,184.0HP 2.5L Straight 6 Cylinder Engine Gasoline Fuel,A/T,Black,Brown,None reported,Yes,5000,21,False,375,True,Budget
Lamborghini,Huracan LP610-4,2015,"34,152 mi.",Gasoline,602.0HP 5.2L 10 Cylinder Engine Gasoline Fuel,7-Speed A/T,Blue,Red,None reported,Yes,185500,11,True,26,False,Premium
Toyota,Camry XLE,2007,"98,528 mi.",Gasoline,158.0HP 2.4L 4 Cylinder Engine Gasoline Fuel,5-Speed A/T,White,Gray,At least 1 accident or damage reported,Yes,7450,19,False,199,False,Budget
BMW,335 i,2011,"91,500 mi.",Gasoline,300.0HP 3.0L Straight 6 Cylinder Engine Gasoline Fuel,6-Speed A/T,Blue,Beige,At least 1 accident or damage reported,Yes,13599,15,False,375,True,Budget
Chevrolet,Camaro 1SS,2017,"50,850 mi.",Gasoline,455.0HP 6.2L 8 Cylinder Engine Gasoline Fuel,6-Speed M/T,Blue,Black,None reported,Yes,37000,9,True,292,False,Mid-Range
Mazda,MX-5 Miata Base,1999,"130,000 mi.",Gasoline,140.0HP 1.8L 4 Cylinder Engine Gasoline Fuel,A/T,Green,Beige,At least 1 accident or damage reported,Yes,9000,27,False,64,False,Budget
Toyota,Tundra SR5 Double Cab,2005,"199,400 mi.",Gasoline,282.0HP 4.7L 8 Cylinder Engine Gasoline Fuel,A/T,Gray,Gray,At least 1 accident or damage reported,Yes,8500,21,False,199,False,Budget
RAM,2500 Powerwagon,2013,"84,220 mi.",Gasoline,383.0HP 5.7L 8 Cylinder Engine Gasoline Fuel,6-Speed A/T,White,Gray,At least 1 accident or damage reported,Yes,26500,13,False,91,False,Mid-Range
Mercedes-Benz,S-Class S 550 4MATIC,2016,"67,280 mi.",Gasoline,449.0HP 4.7L 8 Cylinder Engine Gasoline Fuel,7-Speed A/T,White,Black,None reported,Yes,41999,10,True,315,True,Mid-Range
Volkswagen,Passat 2.0T R-Line,2021,"16,538 mi.",Gasoline,2.0 Liter TSI,Automatic,Reflex Silver,Titan Black,None reported,Yes,25998,5,False,59,False,Mid-Range
Toyota,Tundra Platinum,2018,"66,000 mi.",Gasoline,381.0HP 5.7L 8 Cylinder Engine Gasoline Fuel,6-Speed A/T,Gray,Black,None reported,Yes,51000,8,True,199,False,Premium
Cadillac,Escalade Luxury,2018,"53,450 mi.",Gasoline,420.0HP 6.2L 8 Cylinder Engine Gasoline Fuel,10-Speed A/T,White,Beige,None reported,Yes,49999,8,True,107,False,Premium
Volkswagen,Golf Alltrack TSI SE,2018,"63,277 mi.",Gasoline,170.0HP 1.8L 4 Cylinder Engine Gasoline Fuel,6-Speed A/T,White,Black,None reported,Yes,20900,8,False,59,False,Budget
Nissan,Altima 2.5 S,2020,"30,900 mi.",Gasoline,182.0HP 2.5L 4 Cylinder Engine Gasoline Fuel,A/T,Silver,Gray,None reported,Yes,21000,6,False,116,False,Budget
Mercedes-Benz,GLA 250 Base 4MATIC,2019,"60,854 mi.",Gasoline,2.0 Liter Turbo,Automatic,White,Black,None reported,Yes,25498,7,False,315,True,Mid-Range
Ford,F-150 Platinum,2015,"85,000 mi.",Gasoline,365.0HP 3.5L V6 Cylinder Engine Gasoline Fuel,6-Speed A/T,White,Black,None reported,Yes,31000,11,False,386,False,Mid-Range
Toyota,RAV4 SE,2016,"108,130 mi.",Gasoline,176.0HP 2.5L 4 Cylinder Engine Gasoline Fuel,Transmission w/Dual Shift Mode,Gray,Orange,None reported,Yes,18500,10,False,199,False,Budget
Toyota,4Runner TRD Sport,2023,"11,400 mi.",Gasoline,270.0HP 4.0L V6 Cylinder Engine Gasoline Fuel,A/T,Green,Black,None reported,Yes,46000,3,True,199,False,Premium
Mercedes-Benz,GL-Class GL 450 4MATIC,2013,"63,300 mi.",Gasoline,362.0HP 4.6L 8 Cylinder Engine Gasoline Fuel,7-Speed A/T,Black,Black,None reported,Yes,22800,13,False,315,True,Mid-Range
Tesla,Model Y Performance,2020,"27,500 mi.",Gasoline,455.0HP Electric Motor Electric Fuel System,A/T,Gray,White,None reported,Yes,44000,6,True,87,False,Premium
BMW,X5 xDrive 35i Sport Activity,2012,"122,600 mi.",Gasoline,300.0HP 3.0L Straight 6 Cylinder Engine Gasoline Fuel,8-Speed A/T,Black,Black,At least 1 accident or damage reported,Yes,12900,14,False,375,True,Budget
Dodge,Charger Base,2006,"145,565 mi.",Gasoline,250.0HP 3.5L V6 Cylinder Engine Gasoline Fuel,A/T,Blue,Gray,At least 1 accident or damage reported,Yes,4500,20,False,90,False,Budget
Ford,Transit-250 Base,2016,"66,500 mi.",Gasoline,310.0HP 3.5L V6 Cylinder Engine Gasoline Fuel,6-Speed A/T,White,Gray,None reported,Yes,27000,10,False,386,False,Mid-Range
BMW,330 i xDrive,2017,"75,000 mi.",Gasoline,248.0HP 2.0L 4 Cylinder Engine Gasoline Fuel,A/T,Blue,Black,None reported,Yes,20000,9,False,375,True,Budget
Mazda,CX-5 Grand Touring,2021,"24,781 mi.",Gasoline,2.5L I4 16V GDI DOHC,6-Speed Automatic,Machine Gray Metallic,Black,None reported,Yes,28991,5,False,64,False,Mid-Range
BMW,X5 M Base,2013,"67,000 mi.",Gasoline,555.0HP 4.4L 8 Cylinder Engine Gasoline Fuel,A/T,Silver,Black,At least 1 accident or damage reported,Yes,24500,13,False,375,True,Mid-Range
Audi,Q5 2.0T Premium Plus,2019,"24,500 mi.",Gasoline,248.0HP 2.0L 4 Cylinder Engine Gasoline Fuel,A/T,Black,–,None reported,Yes,31000,7,False,200,True,Mid-Range
Audi,S5 3.0T Prestige,2013,"37,500 mi.",Gasoline,333.0HP 3.0L V6 Cylinder Engine Gasoline Fuel,7-Speed A/T,Black,Black,None reported,Yes,26000,13,False,200,True,Mid-Range
Nissan,GT-R Premium,2013,"101,000 mi.",Gasoline,545.0HP 3.8L V6 Cylinder Engine Gasoline Fuel,Transmission w/Dual Shift Mode,White,Black,None reported,Yes,59000,13,True,116,False,Premium
Tesla,Model 3 Long Range,2020,"25,000 mi.",Gasoline,425.0HP Electric Motor Electric Fuel System,1-Speed A/T,Blue,Black,None reported,Yes,49995,6,True,87,False,Premium
Toyota,Camry Solara SLE V6,2000,"245,000 mi.",Gasoline,200.0HP 3.0L V6 Cylinder Engine Gasoline Fuel,A/T,Black,Beige,At least 1 accident or damage reported,Yes,2500,26,False,199,False,Budget
Tesla,Model Y Long Range,2021,"49,252 mi.",Gasoline,Electric,1-Speed Automatic,Deep Blue Metallic,Black,None reported,Yes,37999,5,True,87,False,Mid-Range
Buick,Cascada Base,2016,"103,814 mi.",Gasoline,200.0HP 1.6L 4 Cylinder Engine Gasoline Fuel,6-Speed A/T,White,Black,At least 1 accident or damage reported,Yes,14995,10,False,30,False,Budget
Toyota,4Runner Venture,2021,"27,000 mi.",Gasoline,270.0HP 4.0L V6 Cylinder Engine Gasoline Fuel,A/T,White,Black,None reported,Yes,48500,5,True,199,False,Premium
BMW,530 i xDrive,2021,"60,942 mi.",Gasoline,2.0L I4 16V GDI DOHC Turbo,8-Speed Automatic,Glacier Silver Metallic,Black,None reported,Yes,32085,5,True,375,True,Mid-Range
BMW,535 i xDrive,2011,"100,780 mi.",Gasoline,300.0HP 3.0L Straight 6 Cylinder Engine Gasoline Fuel,8-Speed A/T,Gray,Black,At least 1 accident or damage reported,Yes,12000,15,False,375,True,Budget
Tesla,Model S 100D,2018,"65,000 mi.",Gasoline,518.0HP Electric Motor Electric Fuel System,A/T,Blue,Black,None reported,Yes,41000,8,True,87,False,Mid-Range
Lexus,GX 460 Base,2012,"167,000 mi.",Gasoline,301.0HP 4.6L 8 Cylinder Engine Gasoline Fuel,A/T,Black,Beige,At least 1 accident or damage reported,Yes,19470,14,False,163,True,Budget
Chevrolet,Trailblazer SS,2008,"161,000 mi.",Gasoline,390.0HP 6.0L 8 Cylinder Engine Gasoline Fuel,4-Speed A/T,Red,Black,At least 1 accident or damage reported,Yes,17000,18,False,292,False,Budget
Subaru,Impreza WRX,2005,"90,200 mi.",Gasoline,227.0HP 2.0L 4 Cylinder Engine Gasoline Fuel,5-Speed M/T,Blue,Black,None reported,Yes,12499,21,False,64,False,Budget
Volkswagen,Passat 2.5 SE,2012,"159,870 mi.",Gasoline,170.0HP 2.5L 5 Cylinder Engine Gasoline Fuel,A/T,White,Beige,At least 1 accident or damage reported,Yes,9750,14,False,59,False,Budget
Porsche,911 Carrera Cabriolet,1996,"38,000 mi.",–,–,Transmission w/Dual Shift Mode,Blue,Gray,None reported,Yes,75000,30,True,201,True,Premium
Audi,Q5 40 Premium,2022,"14,550 mi.",Hybrid,201.0HP 2.0L 4 Cylinder Engine Gasoline/Mild Electric Hybrid,7-Speed A/T,Silver,Brown,None reported,Yes,41500,4,True,200,True,Mid-Range
INFINITI,Q60 3.0t Red Sport 400,2018,"38,000 mi.",Gasoline,400.0HP 3.0L V6 Cylinder Engine Gasoline Fuel,A/T,Red,White,None reported,Yes,32000,8,True,59,False,Mid-Range
Chevrolet,Camaro Z28,2002,"35,515 mi.",Gasoline,310.0HP 5.7L 8 Cylinder Engine Gasoline Fuel,M/T,Silver,Black,At least 1 accident or damage reported,Yes,21000,24,False,292,False,Budget
Mazda,Protege DX,1993,"94,200 mi.",–,–,A/T,Gray,–,At least 1 accident or damage reported,Yes,2500,33,False,64,False,Budget
Mercedes-Benz,SL-Class SL550 Roadster,2008,"33,300 mi.",Gasoline,382.0HP 5.5L 8 Cylinder Engine Gasoline Fuel,7-Speed A/T,White,Beige,None reported,Yes,34500,18,True,315,True,Mid-Range
Mercedes-Benz,C-Class C 300 4MATIC,2016,"90,189 mi.",Gasoline,241.0HP 2.0L 4 Cylinder Engine Gasoline Fuel,A/T,White,–,At least 1 accident or damage reported,Yes,17995,10,False,315,True,Budget
Land,Rover Range Rover Autobiography,2023,"1,148 mi.",Gasoline,4.4L V8 32V GDI DOHC Twin Turbo,Automatic,Carpathian Grey,Ebony,None reported,Yes,193063,3,True,130,True,Premium
Mercedes-Benz,SLK-Class SLK320,2001,"59,500 mi.",Gasoline,215.0HP 3.2L V6 Cylinder Engine Gasoline Fuel,6-Speed M/T,Blue,Beige,None reported,Yes,6500,25,False,315,True,Budget
Ford,Transit-350 XL,2017,"134,000 mi.",Gasoline,310.0HP 3.5L V6 Cylinder Engine Gasoline Fuel,A/T,Silver,Gray,None reported,Yes,26500,9,False,386,False,Mid-Range
Buick,Enclave Premium,2014,"86,281 mi.",Gasoline,288.0HP 3.6L V6 Cylinder Engine Gasoline Fuel,6-Speed A/T,Black,Black,None reported,Yes,18900,12,False,30,False,Budget
Porsche,Cayenne AWD,2020,"34,580 mi.",Gasoline,335.0HP 3.0L V6 Cylinder Engine Gasoline Fuel,A/T,Black,Red,None reported,Yes,56000,6,True,201,True,Premium
Hyundai,Santa Fe SE,2007,"145,000 mi.",Gasoline,242.0HP 3.3L V6 Cylinder Engine Gasoline Fuel,A/T,Blue,Gray,At least 1 accident or damage reported,Yes,4200,19,False,72,False,Budget
Mazda,Mazda6 Signature,2021,"11,737 mi.",Gasoline,2.5L I4 16V GDI DOHC Turbo,6-Speed Automatic,Soul Red Crystal Metallic,Deep Chestnut,None reported,Yes,33687,5,True,64,False,Mid-Range
Tesla,Model X Performance,2020,"25,535 mi.",Gasoline,778.0HP Electric Motor Electric Fuel System,A/T,White,Beige,None reported,Yes,68969,6,True,87,False,Premium
Jeep,Wrangler Unlimited Sport,2016,"67,499 mi.",Gasoline,285.0HP 3.6L V6 Cylinder Engine Gasoline Fuel,6-Speed M/T,Beige,Black,None reported,Yes,27500,10,False,143,False,Mid-Range
Toyota,4Runner Sport,2004,"220,450 mi.",Gasoline,245.0HP 4.0L V6 Cylinder Engine Gasoline Fuel,A/T,Gray,Gray,None reported,Yes,8550,22,False,199,False,Budget
Chevrolet,Silverado 1500 2LT,2018,"20,200 mi.",Gasoline,355.0HP 5.3L 8 Cylinder Engine Gasoline Fuel,6-Speed A/T,Silver,Gray,At least 1 accident or damage reported,Yes,42950,8,True,292,False,Premium
Jaguar,XK8 Base,2000,"40,000 mi.",Gasoline,290.0HP 4.0L 8 Cylinder Engine Gasoline Fuel,5-Speed A/T,Blue,Beige,None reported,Yes,15400,26,False,47,True,Budget
Mercedes-Benz,GLA-Class GLA 45 AMG,2015,"80,300 mi.",Gasoline,355.0HP 2.0L 4 Cylinder Engine Gasoline Fuel,7-Speed A/T,Black,Black,At least 1 accident or damage reported,Yes,22000,11,False,315,True,Mid-Range
BMW,330 i xDrive,2017,"63,150 mi.",Gasoline,248.0HP 2.0L 4 Cylinder Engine Gasoline Fuel,A/T,White,Beige,None reported,Yes,21500,9,False,375,True,Budget
Volkswagen,Atlas 3.6L SE w/Technology,2018,"48,210 mi.",Gasoline,276.0HP 3.6L V6 Cylinder Engine Gasoline Fuel,Transmission w/Dual Shift Mode,Silver,Black,None reported,Yes,24999,8,False,59,False,Mid-Range
Nissan,Juke SL,2012,"115,359 mi.",Gasoline,188.0HP 1.6L 4 Cylinder Engine Gasoline Fuel,A/T,Black,Black,None reported,Yes,9950,14,False,116,False,Budget
Subaru,Impreza 2.0i Premium,2018,"90,601 mi.",Gasoline,152.0HP 2.0L 4 Cylinder Engine Gasoline Fuel,CVT Transmission,White,Beige,None reported,Yes,26000,8,False,64,False,Mid-Range
BMW,M5 Base,2000,"132,200 mi.",Gasoline,400.0HP 5.0L 8 Cylinder Engine Gasoline Fuel,6-Speed M/T,Blue,Black,None reported,Yes,26900,26,False,375,True,Mid-Range
Mercedes-Benz,Sprinter 2500 Standard Roof,2023,"4,000 mi.",Diesel,211.0HP 2.0L 4 Cylinder Engine Diesel Fuel,9-Speed A/T,White,Black,None reported,Yes,65000,3,True,315,True,Premium
Volkswagen,Beetle 2.0T Final Edition SE,2019,"32,000 mi.",Gasoline,174.0HP 2.0L 4 Cylinder Engine Gasoline Fuel,Transmission w/Dual Shift Mode,Gray,Black,None reported,Yes,32750,7,True,59,False,Mid-Range
MINI,Countryman Cooper S ALL4,2016,"95,070 mi.",Gasoline,181.0HP 1.6L 4 Cylinder Engine Gasoline Fuel,6-Speed A/T,Blue,Black,None reported,Yes,12750,10,False,33,False,Budget
Nissan,Rogue SL,2017,"148,000 mi.",Gasoline,170.0HP 2.5L 4 Cylinder Engine Gasoline Fuel,A/T,White,–,None reported,Yes,13000,9,False,116,False,Budget
Lexus,CT 200h Premium,2014,"125,519 mi.",Hybrid,134.0HP 1.8L 4 Cylinder Engine Gas/Electric Hybrid,CVT Transmission,Black,Black,At least 1 accident or damage reported,Yes,16000,12,False,163,True,Budget
INFINITI,G37 x,2013,"90,000 mi.",Gasoline,328.0HP 3.7L V6 Cylinder Engine Gasoline Fuel,Transmission w/Dual Shift Mode,Silver,Black,None reported,Yes,14500,13,False,59,False,Budget
Audi,A6 2.0T Sport,2018,"49,650 mi.",Gasoline,252.0HP 2.0L 4 Cylinder Engine Gasoline Fuel,A/T,Black,Black,At least 1 accident or damage reported,Yes,23750,8,False,200,True,Mid-Range
Nissan,Altima 2.5 S,2015,"149,800 mi.",Gasoline,182.0HP 2.5L 4 Cylinder Engine Gasoline Fuel,A/T,Black,Black,At least 1 accident or damage reported,Yes,11600,11,False,116,False,Budget
Chevrolet,Blazer 1LT,2019,"37,161 mi.",Gasoline,2.5L I4 16V GDI DOHC,9-Speed Automatic,Nightfall Gray Metallic,Jet Black,None reported,Yes,26990,7,False,292,False,Mid-Range
Dodge,Ram 3500 Quad Cab DRW,2000,"188,000 mi.",–,–,A/T,Silver,Gray,At least 1 accident or damage reported,Yes,10000,26,False,90,False,Budget
Ford,Transit Connect XLT,2016,"111,700 mi.",E85 Flex Fuel,169.0HP 2.5L 4 Cylinder Engine Flex Fuel Capability,A/T,White,Beige,None reported,Yes,15500,10,False,386,False,Budget
Mercedes-Benz,S-Class S 550 4MATIC,2016,"72,784 mi.",Gasoline,449.0HP 4.7L 8 Cylinder Engine Gasoline Fuel,7-Speed A/T,Blue,White,None reported,Yes,34900,10,True,315,True,Mid-Range
Cadillac,Escalade Base,2007,"150,000 mi.",Gasoline,403.0HP 6.2L 8 Cylinder Engine Gasoline Fuel,A/T,White,Beige,None reported,Yes,9999,19,False,107,False,Budget
Ford,Transit Connect XLT,2012,"140,450 mi.",Gasoline,136.0HP 2.0L 4 Cylinder Engine Gasoline Fuel,4-Speed A/T,Red,Gray,At least 1 accident or damage reported,Yes,8500,14,False,386,False,Budget
Lexus,IS 250 Base,2010,"132,700 mi.",Gasoline,204.0HP 2.5L V6 Cylinder Engine Gasoline Fuel,A/T,Black,Black,At least 1 accident or damage reported,Yes,10700,16,False,163,True,Budget
Dodge,Durango GT,2020,"49,000 mi.",Gasoline,295.0HP 3.6L V6 Cylinder Engine Gasoline Fuel,A/T,White,Black,None reported,Yes,40000,6,True,90,False,Mid-Range
Chevrolet,Corvette Stingray w/2LT,2023,"2,058 mi.",Gasoline,490.0HP 6.2L 8 Cylinder Engine Gasoline Fuel,A/T,Gray,Black,None reported,Yes,101999,3,True,292,False,Premium
Jeep,Wrangler Unlimited Sahara,2019,"23,442 mi.",Gasoline,285.0HP 3.6L V6 Cylinder Engine Gasoline Fuel,A/T,White,Beige,None reported,Yes,44500,7,True,143,False,Premium
Tesla,Model 3 Long Range,2021,"23,749 mi.",Gasoline,Electric,1-Speed Automatic,White,Black,None reported,Yes,35999,5,True,87,False,Mid-Range
Toyota,4Runner TRD Pro,2021,"35,048 mi.",Gasoline,4.0L V6 24V MPFI DOHC,5-Speed Automatic,Lunar Rock,Black / Graphite,None reported,Yes,52590,5,True,199,False,Premium
INFINITI,QX60 Base,2016,"91,239 mi.",Gasoline,265.0HP 3.5L V6 Cylinder Engine Gasoline Fuel,A/T,Gray,Black,None reported,Yes,17500,10,False,59,False,Budget
Porsche,911 Carrera,2022,"2,950 mi.",Gasoline,379.0HP 3.0L Flat 6 Cylinder Engine Gasoline Fuel,8-Speed A/T,Green,Black,None reported,Yes,131000,4,True,201,True,Premium
Ford,F-150 XL,2019,"59,678 mi.",Gasoline,2.7L V6 24V PDI DOHC Twin Turbo,Automatic,Gray,Black,None reported,Yes,33700,7,True,386,False,Mid-Range
BMW,M240 i xDrive,2022,"2,010 mi.",Gasoline,382.0HP 3.0L Straight 6 Cylinder Engine Gasoline Fuel,A/T,Purple,Black,None reported,Yes,55000,4,True,375,True,Premium
Toyota,Prius Two,2014,"80,354 mi.",Hybrid,134.0HP 1.8L 4 Cylinder Engine Gas/Electric Hybrid,A/T,Red,Gray,At least 1 accident or damage reported,Yes,13310,12,False,199,False,Budget
Ford,Expedition Max XLT,2018,"105,674 mi.",Gasoline,375.0HP 3.5L V6 Cylinder Engine Gasoline Fuel,10-Speed A/T,White,Beige,None reported,Yes,34995,8,True,386,False,Mid-Range
Toyota,Tundra Grade,2013,"92,700 mi.",Gasoline,310.0HP 4.6L 8 Cylinder Engine Gasoline Fuel,6-Speed A/T,Gray,Gray,At least 1 accident or damage reported,Yes,20800,13,False,199,False,Budget
Ford,Edge Titanium,2016,"101,387 mi.",Gasoline,245.0HP 2.0L 4 Cylinder Engine Gasoline Fuel,6-Speed A/T,Black,Beige,At least 1 accident or damage reported,Yes,16000,10,False,386,False,Budget
Buick,Envision Essence,2021,"36,544 mi.",Gasoline,2.0L I4 16V GDI DOHC Turbo,9-Speed Automatic,Dark Moon Blue Metallic,Ebony,None reported,Yes,33290,5,True,30,False,Mid-Range
Audi,Q7 55 Prestige,2019,"41,000 mi.",Gasoline,329.0HP 3.0L V6 Cylinder Engine Gasoline Fuel,A/T,White,Beige,None reported,Yes,39900,7,True,200,True,Mid-Range
Chrysler,Town & Country Touring-L,2013,"115,872 mi.",E85 Flex Fuel,283.0HP 3.6L V6 Cylinder Engine Flex Fuel Capability,A/T,Black,Black,None reported,Yes,9500,13,False,28,False,Budget
Chevrolet,Cruze LS,2011,"135,603 mi.",Gasoline,136.0HP 1.8L 4 Cylinder Engine Gasoline Fuel,A/T,Silver,Black,None reported,Yes,7000,15,False,292,False,Budget
Ford,F-150 Lariat,2020,"26,540 mi.",Gasoline,375.0HP 3.5L V6 Cylinder Engine Gasoline Fuel,A/T,White,Black,None reported,Yes,46995,6,True,386,False,Premium
Jaguar,XF Premium,2011,"35,134 mi.",Gasoline,385.0HP 5.0L 8 Cylinder Engine Gasoline Fuel,A/T,Gray,Gray,At least 1 accident or damage reported,Yes,12400,15,False,47,True,Budget
Jeep,Wrangler Unlimited Rubicon,2020,"49,990 mi.",Gasoline,270.0HP 2.0L 4 Cylinder Engine Gasoline Fuel,8-Speed A/T,Black,Black,None reported,Yes,53000,6,True,143,False,Premium
Ford,F-250 Lariat,2011,"153,818 mi.",Diesel,400.0HP 6.7L 8 Cylinder Engine Diesel Fuel,6-Speed A/T,Gray,Gray,At least 1 accident or damage reported,Yes,29800,15,False,386,False,Mid-Range
Jaguar,F-PACE 35t Premium,2017,"58,060 mi.",Gasoline,340.0HP 3.0L V6 Cylinder Engine Gasoline Fuel,8-Speed A/T,Blue,Beige,At least 1 accident or damage reported,Yes,26000,9,False,47,True,Mid-Range
Porsche,911 Carrera S,2015,"36,000 mi.",Gasoline,400.0HP 3.8L Flat 6 Cylinder Engine Gasoline Fuel,7-Speed A/T,Black,Black,None reported,Yes,84999,11,True,201,True,Premium
Ford,Bronco Badlands Advanced,2022,"17,000 mi.",Gasoline,315.0HP 2.7L V6 Cylinder Engine Gasoline Fuel,10-Speed A/T,White,Black,None reported,Yes,69999,4,True,386,False,Premium
Suzuki,SX4 Base,2013,"99,982 mi.",Gasoline,150.0HP 2.0L 4 Cylinder Engine Gasoline Fuel,M/T,Orange,Gray,At least 1 accident or damage reported,Yes,6900,13,False,1,False,Budget
Ford,EcoSport SES,2019,"106,000 mi.",Gasoline,166.0HP 2.0L 4 Cylinder Engine Gasoline Fuel,A/T,Silver,Black,At least 1 accident or damage reported,Yes,12000,7,False,386,False,Budget
Toyota,Land Cruiser Base,1994,"178,416 mi.",–,–,A/T,Green,Beige,None reported,Yes,9000,32,False,199,False,Budget
Honda,Civic EX,2014,"82,500 mi.",Gasoline,143.0HP 1.8L 4 Cylinder Engine Gasoline Fuel,CVT Transmission,Silver,Gray,None reported,Yes,15000,12,False,63,False,Budget
Mercedes-Benz,Sprinter 2500 Standard Roof,2018,"41,500 mi.",Diesel,188.0HP 3.0L V6 Cylinder Engine Diesel Fuel,A/T,Gray,Black,None reported,Yes,61000,8,True,315,True,Premium
BMW,X3 xDrive28i,2015,"92,984 mi.",Gasoline,240.0HP 2.0L 4 Cylinder Engine Gasoline Fuel,Transmission w/Dual Shift Mode,White,Beige,At least 1 accident or damage reported,Yes,17000,11,False,375,True,Budget
Nissan,Murano SL,2007,"120,000 mi.",Gasoline,240.0HP 3.5L V6 Cylinder Engine Gasoline Fuel,A/T,Silver,Black,None reported,Yes,6750,19,False,116,False,Budget
Chevrolet,Corvette Stingray,2015,"25,548 mi.",Gasoline,455.0HP 6.2L 8 Cylinder Engine Gasoline Fuel,8-Speed A/T,Gray,Gray,None reported,Yes,49000,11,True,292,False,Premium
Ford,F-150 Lariat,2018,"65,441 mi.",Gasoline,325.0HP 2.7L V6 Cylinder Engine Gasoline Fuel,A/T,Gray,Black,None reported,Yes,38000,8,True,386,False,Mid-Range
Porsche,Cayenne Turbo,2020,"39,611 mi.",Gasoline,4.0L V8 32V GDI DOHC Twin Turbo,8-Speed Automatic,Quartzite Grey Metallic,Black,None reported,Yes,89900,6,True,201,True,Premium
Toyota,Sequoia SR5,2010,"154,860 mi.",Gasoline,310.0HP 4.6L 8 Cylinder Engine Gasoline Fuel,6-Speed A/T,Silver,Gray,None reported,Yes,17900,16,False,199,False,Budget
Porsche,911 Carrera S,2021,"7,008 mi.",Gasoline,443.0HP 3.0L Flat 6 Cylinder Engine Gasoline Fuel,8-Speed A/T,Gray,Black,None reported,Yes,151900,5,True,201,True,Premium
BMW,M8 Gran Coupe Competition,2022,"21,057 mi.",Gasoline,617.0HP 4.4L 8 Cylinder Engine Gasoline Fuel,Transmission w/Dual Shift Mode,Gray,Black,None reported,Yes,99800,4,True,375,True,Premium
Lexus,CT 200h Base,2016,"39,750 mi.",Hybrid,134.0HP 1.8L 4 Cylinder Engine Gas/Electric Hybrid,A/T,Black,Black,None reported,Yes,21995,10,False,163,True,Mid-Range
Aston,Martin DB7 Vantage Volante,2003,"14,900 mi.",Gasoline,420.0HP 5.9L 12 Cylinder Engine Gasoline Fuel,6-Speed M/T,White,Beige,None reported,Yes,32850,23,True,9,False,Mid-Range
Chevrolet,Impala 2LZ,2018,"71,312 mi.",Gasoline,305.0HP 3.6L V6 Cylinder Engine Gasoline Fuel,6-Speed A/T,Black,Black,None reported,Yes,17899,8,False,292,False,Budget
Porsche,911 Carrera,2015,"43,500 mi.",Gasoline,350.0HP 3.4L Flat 6 Cylinder Engine Gasoline Fuel,7-Speed A/T,Black,Black,None reported,Yes,66500,11,True,201,True,Premium
BMW,X6 xDrive40i,2020,"34,000 mi.",Gasoline,335.0HP 3.0L Straight 6 Cylinder Engine Gasoline Fuel,8-Speed A/T,White,Brown,None reported,Yes,59335,6,True,375,True,Premium
Subaru,Ascent Touring 7-Passenger,2021,"32,250 mi.",Gasoline,260.0HP 2.4L 4 Cylinder Engine Gasoline Fuel,A/T,Black,Black,At least 1 accident or damage reported,Yes,36000,5,True,64,False,Mid-Range
Volkswagen,Routan SE,2011,"194,000 mi.",Gasoline,283.0HP 3.6L V6 Cylinder Engine Gasoline Fuel,Transmission w/Dual Shift Mode,Black,Gray,At least 1 accident or damage reported,Yes,3500,15,False,59,False,Budget
Mercedes-Benz,AMG GLS 63 4MATIC,2023,"2,000 mi.",Hybrid,603.0HP 4.0L 8 Cylinder Engine Gasoline/Mild Electric Hybrid,9-Speed A/T,Gray,Beige,None reported,Yes,175000,3,True,315,True,Premium
Mercedes-Benz,E-Class E 300 4MATIC,2018,"53,705 mi.",Gasoline,241.0HP 2.0L 4 Cylinder Engine Gasoline Fuel,A/T,Black,Black,At least 1 accident or damage reported,Yes,25900,8,False,315,True,Mid-Range
Bentley,Continental GT Speed,2023,714 mi.,Gasoline,6.0L W12 48V PDI DOHC Twin Turbo,8-Speed Automatic with Auto-Shift,C / C,Hotspur,None reported,Yes,349950,3,True,33,False,Premium
Audi,S4 3.0T Premium Plus,2022,"10,900 mi.",Gasoline,349.0HP 3.0L V6 Cylinder Engine Gasoline Fuel,Transmission w/Dual Shift Mode,Black,Black,None reported,Yes,53900,4,True,200,True,Premium
Porsche,Taycan,2022,"2,116 mi.",Gasoline,Electric,Automatic,Black,Black,None reported,Yes,90998,4,True,201,True,Premium
Ford,F-150 Raptor,2020,"33,000 mi.",Gasoline,450.0HP 3.5L V6 Cylinder Engine Gasoline Fuel,A/T,Blue,Black,None reported,Yes,62999,6,True,386,False,Premium
BMW,X3 xDrive30i,2020,"43,000 mi.",Gasoline,248.0HP 2.0L 4 Cylinder Engine Gasoline Fuel,A/T,Gray,Brown,At least 1 accident or damage reported,Yes,40000,6,True,375,True,Mid-Range
